analysis_tier,dataset,model,corruption,severity,mean,std,n_replicates,method,metric
secondary/exploratory,hushem,resnet50,defocus_blur,1,0.9628964059196615,0.03126087901584546,5,aps,conformal_coverage
secondary/exploratory,hushem,resnet50,defocus_blur,2,0.9723044397463003,0.019208674534460658,5,aps,conformal_coverage
secondary/exploratory,hushem,resnet50,defocus_blur,3,0.9583509513742072,0.010292314118087188,5,aps,conformal_coverage
secondary/exploratory,hushem,resnet50,defocus_blur,4,0.9535940803382663,0.0233887704254977,5,aps,conformal_coverage
secondary/exploratory,hushem,resnet50,defocus_blur,5,0.9441860465116279,0.045333927185157975,5,aps,conformal_coverage
secondary/exploratory,hushem,resnet50,gaussian_noise,1,0.976955602536998,0.022994884450196592,5,aps,conformal_coverage
secondary/exploratory,hushem,resnet50,gaussian_noise,2,0.9768498942917546,0.04028094486333907,5,aps,conformal_coverage
secondary/exploratory,hushem,resnet50,gaussian_noise,3,0.9813953488372092,0.025475467790938004,5,aps,conformal_coverage
secondary/exploratory,hushem,resnet50,gaussian_noise,4,0.9815010570824523,0.010343755703372612,5,aps,conformal_coverage
secondary/exploratory,hushem,resnet50,gaussian_noise,5,0.9538054968287526,0.022866968283834537,5,aps,conformal_coverage
secondary/exploratory,hushem,resnet50,illumination,1,0.972198731501057,0.030343054185343263,5,aps,conformal_coverage
secondary/exploratory,hushem,resnet50,illumination,2,0.9816067653276956,0.025188746616714025,5,aps,conformal_coverage
secondary/exploratory,hushem,resnet50,illumination,3,0.9676532769556025,0.026380508680446654,5,aps,conformal_coverage
secondary/exploratory,hushem,resnet50,illumination,4,0.9630021141649049,0.03520259155464427,5,aps,conformal_coverage
secondary/exploratory,hushem,resnet50,illumination,5,0.9584566596194503,0.018893408289004623,5,aps,conformal_coverage
secondary/exploratory,hushem,resnet50,jpeg,1,0.9583509513742072,0.04470846473703608,5,aps,conformal_coverage
secondary/exploratory,hushem,resnet50,jpeg,2,0.9861522198731499,0.012643077341874436,5,aps,conformal_coverage
secondary/exploratory,hushem,resnet50,jpeg,3,0.9861522198731499,0.020742802269516317,5,aps,conformal_coverage
secondary/exploratory,hushem,resnet50,jpeg,4,0.9675475687103594,0.012836045623246464,5,aps,conformal_coverage
secondary/exploratory,hushem,resnet50,jpeg,5,0.9723044397463003,0.019208674534460655,5,aps,conformal_coverage
secondary/exploratory,hushem,resnet50,motion_blur,1,0.9860465116279069,0.012737733895469009,5,aps,conformal_coverage
secondary/exploratory,hushem,resnet50,motion_blur,2,0.9720930232558139,0.019457209919397145,5,aps,conformal_coverage
secondary/exploratory,hushem,resnet50,motion_blur,3,0.9582452431289641,0.019584574327324432,5,aps,conformal_coverage
secondary/exploratory,hushem,resnet50,motion_blur,4,0.9304439746300212,0.04945971201859709,5,aps,conformal_coverage
secondary/exploratory,hushem,resnet50,motion_blur,5,0.8984143763213531,0.06618003127502652,5,aps,conformal_coverage
secondary/exploratory,hushem,resnet50,resample,1,0.9816067653276956,0.019080265061088352,5,aps,conformal_coverage
secondary/exploratory,hushem,resnet50,resample,2,0.9583509513742072,0.010292314118087188,5,aps,conformal_coverage
secondary/exploratory,hushem,resnet50,resample,3,0.9630021141649049,0.026427061310782273,5,aps,conformal_coverage
secondary/exploratory,hushem,resnet50,resample,4,0.9768498942917546,0.023257015152526088,5,aps,conformal_coverage
secondary/exploratory,hushem,resnet50,resample,5,0.9304439746300212,0.0436512340068788,5,aps,conformal_coverage
secondary/exploratory,hushem,resnet50,shot_noise,1,0.9723044397463003,0.030162991562676662,5,aps,conformal_coverage
secondary/exploratory,hushem,resnet50,shot_noise,2,0.9723044397463003,0.030162991562676666,5,aps,conformal_coverage
secondary/exploratory,hushem,resnet50,shot_noise,3,0.9723044397463003,0.025286154683748778,5,aps,conformal_coverage
secondary/exploratory,hushem,resnet50,shot_noise,4,0.972198731501057,0.01949020406910635,5,aps,conformal_coverage
secondary/exploratory,hushem,resnet50,shot_noise,5,0.9350951374207188,0.019713950077258263,5,aps,conformal_coverage
secondary/exploratory,hushem,resnet50,defocus_blur,1,2.3152219873150104,0.24304208393472385,5,aps,conformal_mean_set_size
secondary/exploratory,hushem,resnet50,defocus_blur,2,2.403276955602537,0.21935479738939498,5,aps,conformal_mean_set_size
secondary/exploratory,hushem,resnet50,defocus_blur,3,2.597463002114165,0.25342479811193475,5,aps,conformal_mean_set_size
secondary/exploratory,hushem,resnet50,defocus_blur,4,2.782875264270613,0.1337733562590726,5,aps,conformal_mean_set_size
secondary/exploratory,hushem,resnet50,defocus_blur,5,2.9723044397463,0.019208674534460606,5,aps,conformal_mean_set_size
secondary/exploratory,hushem,resnet50,gaussian_noise,1,2.745137420718816,0.1319916766947051,5,aps,conformal_mean_set_size
secondary/exploratory,hushem,resnet50,gaussian_noise,2,2.869978858350952,0.10238431560900857,5,aps,conformal_mean_set_size
secondary/exploratory,hushem,resnet50,gaussian_noise,3,2.9627906976744187,0.04224628401066277,5,aps,conformal_mean_set_size
secondary/exploratory,hushem,resnet50,gaussian_noise,4,2.9906976744186045,0.012737733895468973,5,aps,conformal_mean_set_size
secondary/exploratory,hushem,resnet50,gaussian_noise,5,3.0,0.0,5,aps,conformal_mean_set_size
secondary/exploratory,hushem,resnet50,illumination,1,2.3986257928118393,0.2695447288600065,5,aps,conformal_mean_set_size
secondary/exploratory,hushem,resnet50,illumination,2,2.5931289640591966,0.21808856091588538,5,aps,conformal_mean_set_size
secondary/exploratory,hushem,resnet50,illumination,3,2.7313953488372094,0.155809614656702,5,aps,conformal_mean_set_size
secondary/exploratory,hushem,resnet50,illumination,4,2.847040169133192,0.14962273041832627,5,aps,conformal_mean_set_size
secondary/exploratory,hushem,resnet50,illumination,5,2.897780126849894,0.10991599051066832,5,aps,conformal_mean_set_size
secondary/exploratory,hushem,resnet50,jpeg,1,2.398837209302326,0.2563287631726835,5,aps,conformal_mean_set_size
secondary/exploratory,hushem,resnet50,jpeg,2,2.565961945031712,0.27661203937836615,5,aps,conformal_mean_set_size
secondary/exploratory,hushem,resnet50,jpeg,3,2.7232558139534886,0.18170813819179138,5,aps,conformal_mean_set_size
secondary/exploratory,hushem,resnet50,jpeg,4,2.7972515856236786,0.12491566195954668,5,aps,conformal_mean_set_size
secondary/exploratory,hushem,resnet50,jpeg,5,2.912579281183932,0.0811509606450626,5,aps,conformal_mean_set_size
secondary/exploratory,hushem,resnet50,motion_blur,1,2.560359408033827,0.15954960458892367,5,aps,conformal_mean_set_size
secondary/exploratory,hushem,resnet50,motion_blur,2,2.602431289640592,0.17362414362666465,5,aps,conformal_mean_set_size
secondary/exploratory,hushem,resnet50,motion_blur,3,2.7822410147991543,0.16515539054878958,5,aps,conformal_mean_set_size
secondary/exploratory,hushem,resnet50,motion_blur,4,2.893128964059197,0.058561318405201755,5,aps,conformal_mean_set_size
secondary/exploratory,hushem,resnet50,motion_blur,5,2.9767441860465116,0.02848243886957189,5,aps,conformal_mean_set_size
secondary/exploratory,hushem,resnet50,resample,1,2.5564482029598308,0.22121278350129311,5,aps,conformal_mean_set_size
secondary/exploratory,hushem,resnet50,resample,2,2.6625792811839326,0.2081545396524454,5,aps,conformal_mean_set_size
secondary/exploratory,hushem,resnet50,resample,3,2.902642706131078,0.11684013208038597,5,aps,conformal_mean_set_size
secondary/exploratory,hushem,resnet50,resample,4,2.9862579281183934,0.020388267993642527,5,aps,conformal_mean_set_size
secondary/exploratory,hushem,resnet50,resample,5,3.0,0.0,5,aps,conformal_mean_set_size
secondary/exploratory,hushem,resnet50,shot_noise,1,2.4168076109936574,0.18122090179149775,5,aps,conformal_mean_set_size
secondary/exploratory,hushem,resnet50,shot_noise,2,2.5507399577167016,0.2321156659397607,5,aps,conformal_mean_set_size
secondary/exploratory,hushem,resnet50,shot_noise,3,2.777484143763213,0.15774897079044856,5,aps,conformal_mean_set_size
secondary/exploratory,hushem,resnet50,shot_noise,4,2.967441860465116,0.03891441983879427,5,aps,conformal_mean_set_size
secondary/exploratory,hushem,resnet50,shot_noise,5,3.0,0.0,5,aps,conformal_mean_set_size
secondary/exploratory,hushem,resnet50,defocus_blur,1,0.8514799154334037,0.07136480993315732,5,raw_softmax,accuracy
secondary/exploratory,hushem,resnet50,defocus_blur,2,0.837737843551797,0.03383076745413379,5,raw_softmax,accuracy
secondary/exploratory,hushem,resnet50,defocus_blur,3,0.7865750528541227,0.07145713184748098,5,raw_softmax,accuracy
secondary/exploratory,hushem,resnet50,defocus_blur,4,0.7125792811839323,0.07036986055775174,5,raw_softmax,accuracy
secondary/exploratory,hushem,resnet50,defocus_blur,5,0.5825581395348837,0.10880018253094484,5,raw_softmax,accuracy
secondary/exploratory,hushem,resnet50,gaussian_noise,1,0.8329809725158561,0.06085343748255502,5,raw_softmax,accuracy
secondary/exploratory,hushem,resnet50,gaussian_noise,2,0.833615221987315,0.054002327335674324,5,raw_softmax,accuracy
secondary/exploratory,hushem,resnet50,gaussian_noise,3,0.8102536997885835,0.04428721335838104,5,raw_softmax,accuracy
secondary/exploratory,hushem,resnet50,gaussian_noise,4,0.7405919661733615,0.05377423216394709,5,raw_softmax,accuracy
secondary/exploratory,hushem,resnet50,gaussian_noise,5,0.6200845665961945,0.09215309913805228,5,raw_softmax,accuracy
secondary/exploratory,hushem,resnet50,illumination,1,0.8375264270613109,0.06834714537905381,5,raw_softmax,accuracy
secondary/exploratory,hushem,resnet50,illumination,2,0.8143763213530655,0.07236808395357007,5,raw_softmax,accuracy
secondary/exploratory,hushem,resnet50,illumination,3,0.7819238900634249,0.08561356398901453,5,raw_softmax,accuracy
secondary/exploratory,hushem,resnet50,illumination,4,0.7309725158562368,0.08754500063370076,5,raw_softmax,accuracy
secondary/exploratory,hushem,resnet50,illumination,5,0.6618393234672304,0.049627178532881,5,raw_softmax,accuracy
secondary/exploratory,hushem,resnet50,jpeg,1,0.8378435517970402,0.017587005786964427,5,raw_softmax,accuracy
secondary/exploratory,hushem,resnet50,jpeg,2,0.8328752642706132,0.060840123188911535,5,raw_softmax,accuracy
secondary/exploratory,hushem,resnet50,jpeg,3,0.8143763213530656,0.06012188392917483,5,raw_softmax,accuracy
secondary/exploratory,hushem,resnet50,jpeg,4,0.7678646934460888,0.11098258275565533,5,raw_softmax,accuracy
secondary/exploratory,hushem,resnet50,jpeg,5,0.7079281183932347,0.06009074437132987,5,raw_softmax,accuracy
secondary/exploratory,hushem,resnet50,motion_blur,1,0.8328752642706132,0.05621999383673631,5,raw_softmax,accuracy
secondary/exploratory,hushem,resnet50,motion_blur,2,0.7684989429175475,0.02858035060168239,5,raw_softmax,accuracy
secondary/exploratory,hushem,resnet50,motion_blur,3,0.7219873150105708,0.0762053078761884,5,raw_softmax,accuracy
secondary/exploratory,hushem,resnet50,motion_blur,4,0.5832980972515857,0.06383062648475687,5,raw_softmax,accuracy
secondary/exploratory,hushem,resnet50,motion_blur,5,0.5319238900634249,0.09299442182375396,5,raw_softmax,accuracy
secondary/exploratory,hushem,resnet50,resample,1,0.8143763213530656,0.0554419339900216,5,raw_softmax,accuracy
secondary/exploratory,hushem,resnet50,resample,2,0.7957716701902748,0.08676580162986837,5,raw_softmax,accuracy
secondary/exploratory,hushem,resnet50,resample,3,0.7265327695560254,0.0930079388696716,5,raw_softmax,accuracy
secondary/exploratory,hushem,resnet50,resample,4,0.6613107822410148,0.10376006032726333,5,raw_softmax,accuracy
secondary/exploratory,hushem,resnet50,resample,5,0.47610993657505285,0.12089992080081768,5,raw_softmax,accuracy
secondary/exploratory,hushem,resnet50,shot_noise,1,0.8515856236786469,0.061135566501254894,5,raw_softmax,accuracy
secondary/exploratory,hushem,resnet50,shot_noise,2,0.8472515856236786,0.06052431717967962,5,raw_softmax,accuracy
secondary/exploratory,hushem,resnet50,shot_noise,3,0.814799154334038,0.05203595072440097,5,raw_softmax,accuracy
secondary/exploratory,hushem,resnet50,shot_noise,4,0.7125792811839323,0.0793977297000083,5,raw_softmax,accuracy
secondary/exploratory,hushem,resnet50,shot_noise,5,0.48118393234672296,0.06932720350841748,5,raw_softmax,accuracy
secondary/exploratory,hushem,resnet50,defocus_blur,1,0.13528911225639487,0.03538291025931379,5,raw_softmax,ece
secondary/exploratory,hushem,resnet50,defocus_blur,2,0.12452781088571466,0.03262710293832222,5,raw_softmax,ece
secondary/exploratory,hushem,resnet50,defocus_blur,3,0.13935931607230265,0.034919753090276846,5,raw_softmax,ece
secondary/exploratory,hushem,resnet50,defocus_blur,4,0.2068384936004562,0.04673371720570856,5,raw_softmax,ece
secondary/exploratory,hushem,resnet50,defocus_blur,5,0.22080964045658166,0.07303428097164345,5,raw_softmax,ece
secondary/exploratory,hushem,resnet50,gaussian_noise,1,0.12780615486062857,0.021048210450396312,5,raw_softmax,ece
secondary/exploratory,hushem,resnet50,gaussian_noise,2,0.16983445339046618,0.05992057655401065,5,raw_softmax,ece
secondary/exploratory,hushem,resnet50,gaussian_noise,3,0.17237256909651683,0.021635042917801838,5,raw_softmax,ece
secondary/exploratory,hushem,resnet50,gaussian_noise,4,0.19371134365965897,0.02067579967374383,5,raw_softmax,ece
secondary/exploratory,hushem,resnet50,gaussian_noise,5,0.18942280037458548,0.067892184793945,5,raw_softmax,ece
secondary/exploratory,hushem,resnet50,illumination,1,0.12135905723617135,0.027430123180529942,5,raw_softmax,ece
secondary/exploratory,hushem,resnet50,illumination,2,0.13660389938515785,0.035058847794217085,5,raw_softmax,ece
secondary/exploratory,hushem,resnet50,illumination,3,0.1352266112511808,0.020794347566761715,5,raw_softmax,ece
secondary/exploratory,hushem,resnet50,illumination,4,0.1614017490541708,0.03055304803631843,5,raw_softmax,ece
secondary/exploratory,hushem,resnet50,illumination,5,0.16758652142314018,0.03293013888136012,5,raw_softmax,ece
secondary/exploratory,hushem,resnet50,jpeg,1,0.1328374488661203,0.032111887137205086,5,raw_softmax,ece
secondary/exploratory,hushem,resnet50,jpeg,2,0.12647959223572341,0.026523143032723587,5,raw_softmax,ece
secondary/exploratory,hushem,resnet50,jpeg,3,0.1356406643388135,0.04332307091960868,5,raw_softmax,ece
secondary/exploratory,hushem,resnet50,jpeg,4,0.1544447479332476,0.05516799678462861,5,raw_softmax,ece
secondary/exploratory,hushem,resnet50,jpeg,5,0.17919520156391072,0.05746416250306103,5,raw_softmax,ece
secondary/exploratory,hushem,resnet50,motion_blur,1,0.12661810964660963,0.05161831177754638,5,raw_softmax,ece
secondary/exploratory,hushem,resnet50,motion_blur,2,0.13845526302591687,0.031707466289762204,5,raw_softmax,ece
secondary/exploratory,hushem,resnet50,motion_blur,3,0.18602161061562134,0.0270543247424785,5,raw_softmax,ece
secondary/exploratory,hushem,resnet50,motion_blur,4,0.23108011997968397,0.042043693445223546,5,raw_softmax,ece
secondary/exploratory,hushem,resnet50,motion_blur,5,0.1842547999029431,0.028037930968942353,5,raw_softmax,ece
secondary/exploratory,hushem,resnet50,resample,1,0.10874596191511088,0.03212295062521067,5,raw_softmax,ece
secondary/exploratory,hushem,resnet50,resample,2,0.15574166189414498,0.03974468770764157,5,raw_softmax,ece
secondary/exploratory,hushem,resnet50,resample,3,0.17856846884932626,0.05394510132191862,5,raw_softmax,ece
secondary/exploratory,hushem,resnet50,resample,4,0.17722451220292115,0.059194498967732656,5,raw_softmax,ece
secondary/exploratory,hushem,resnet50,resample,5,0.17298907331697025,0.06239155516877864,5,raw_softmax,ece
secondary/exploratory,hushem,resnet50,shot_noise,1,0.10152105509163714,0.030125281553275804,5,raw_softmax,ece
secondary/exploratory,hushem,resnet50,shot_noise,2,0.12052912504489019,0.033431902526662616,5,raw_softmax,ece
secondary/exploratory,hushem,resnet50,shot_noise,3,0.11388070944373749,0.04486714845531617,5,raw_softmax,ece
secondary/exploratory,hushem,resnet50,shot_noise,4,0.19305254912149578,0.015246524077226278,5,raw_softmax,ece
secondary/exploratory,hushem,resnet50,shot_noise,5,0.17109810643480894,0.08340576888572598,5,raw_softmax,ece
secondary/exploratory,hushem,resnet50,defocus_blur,1,0.4158468425273895,0.07569860857368275,5,raw_softmax,mean_predictive_entropy
secondary/exploratory,hushem,resnet50,defocus_blur,2,0.44405974745750426,0.07834876724573439,5,raw_softmax,mean_predictive_entropy
secondary/exploratory,hushem,resnet50,defocus_blur,3,0.5285695672035218,0.1171225400044372,5,raw_softmax,mean_predictive_entropy
secondary/exploratory,hushem,resnet50,defocus_blur,4,0.6632572174072265,0.17447672795887761,5,raw_softmax,mean_predictive_entropy
secondary/exploratory,hushem,resnet50,defocus_blur,5,0.9156602025032043,0.18581968665501564,5,raw_softmax,mean_predictive_entropy
secondary/exploratory,hushem,resnet50,gaussian_noise,1,0.5807419955730438,0.16271459429032986,5,raw_softmax,mean_predictive_entropy
secondary/exploratory,hushem,resnet50,gaussian_noise,2,0.7174430847167969,0.17776511339599224,5,raw_softmax,mean_predictive_entropy
secondary/exploratory,hushem,resnet50,gaussian_noise,3,0.8579396367073059,0.10284695321805912,5,raw_softmax,mean_predictive_entropy
secondary/exploratory,hushem,resnet50,gaussian_noise,4,1.0086552381515503,0.030544653815558383,5,raw_softmax,mean_predictive_entropy
secondary/exploratory,hushem,resnet50,gaussian_noise,5,1.166815996170044,0.030380305824589122,5,raw_softmax,mean_predictive_entropy
secondary/exploratory,hushem,resnet50,illumination,1,0.43994539976119995,0.06935474384681393,5,raw_softmax,mean_predictive_entropy
secondary/exploratory,hushem,resnet50,illumination,2,0.5250705659389496,0.08144960346693975,5,raw_softmax,mean_predictive_entropy
secondary/exploratory,hushem,resnet50,illumination,3,0.6352854132652282,0.10403522391544294,5,raw_softmax,mean_predictive_entropy
secondary/exploratory,hushem,resnet50,illumination,4,0.7334049701690674,0.12887652922990278,5,raw_softmax,mean_predictive_entropy
secondary/exploratory,hushem,resnet50,illumination,5,0.824564528465271,0.09279649847474691,5,raw_softmax,mean_predictive_entropy
secondary/exploratory,hushem,resnet50,jpeg,1,0.4435272991657257,0.10299081739127343,5,raw_softmax,mean_predictive_entropy
secondary/exploratory,hushem,resnet50,jpeg,2,0.5311785638332367,0.14413227361872272,5,raw_softmax,mean_predictive_entropy
secondary/exploratory,hushem,resnet50,jpeg,3,0.5851763784885406,0.12148853414879308,5,raw_softmax,mean_predictive_entropy
secondary/exploratory,hushem,resnet50,jpeg,4,0.6655180394649506,0.11373545192605386,5,raw_softmax,mean_predictive_entropy
secondary/exploratory,hushem,resnet50,jpeg,5,0.7982976913452149,0.1116337520811475,5,raw_softmax,mean_predictive_entropy
secondary/exploratory,hushem,resnet50,motion_blur,1,0.5124624788761138,0.07942701312919208,5,raw_softmax,mean_predictive_entropy
secondary/exploratory,hushem,resnet50,motion_blur,2,0.5683513224124909,0.0889135743896894,5,raw_softmax,mean_predictive_entropy
secondary/exploratory,hushem,resnet50,motion_blur,3,0.6535099506378174,0.12268246141474046,5,raw_softmax,mean_predictive_entropy
secondary/exploratory,hushem,resnet50,motion_blur,4,0.831006646156311,0.11432059686379338,5,raw_softmax,mean_predictive_entropy
secondary/exploratory,hushem,resnet50,motion_blur,5,1.0045906066894532,0.062465947657204875,5,raw_softmax,mean_predictive_entropy
secondary/exploratory,hushem,resnet50,resample,1,0.49955022931098936,0.10479308417747622,5,raw_softmax,mean_predictive_entropy
secondary/exploratory,hushem,resnet50,resample,2,0.5514415919780731,0.12103645431498015,5,raw_softmax,mean_predictive_entropy
secondary/exploratory,hushem,resnet50,resample,3,0.7848350405693054,0.18802631295195765,5,raw_softmax,mean_predictive_entropy
secondary/exploratory,hushem,resnet50,resample,4,1.0159709572792053,0.17992417585703743,5,raw_softmax,mean_predictive_entropy
secondary/exploratory,hushem,resnet50,resample,5,1.1405940055847168,0.08619514905303938,5,raw_softmax,mean_predictive_entropy
secondary/exploratory,hushem,resnet50,shot_noise,1,0.4266676723957062,0.06537908398760249,5,raw_softmax,mean_predictive_entropy
secondary/exploratory,hushem,resnet50,shot_noise,2,0.4711423635482788,0.08342606638500619,5,raw_softmax,mean_predictive_entropy
secondary/exploratory,hushem,resnet50,shot_noise,3,0.5839996814727784,0.1429902440031735,5,raw_softmax,mean_predictive_entropy
secondary/exploratory,hushem,resnet50,shot_noise,4,0.9324541211128234,0.10036360374831652,5,raw_softmax,mean_predictive_entropy
secondary/exploratory,hushem,resnet50,shot_noise,5,1.135522222518921,0.08711489444454276,5,raw_softmax,mean_predictive_entropy
secondary/exploratory,hushem,resnet50,defocus_blur,1,0.08571428571428567,0.07284313590846836,5,raw_softmax,risk_at_80_coverage
secondary/exploratory,hushem,resnet50,defocus_blur,2,0.0855555555555555,0.05734202504033917,5,raw_softmax,risk_at_80_coverage
secondary/exploratory,hushem,resnet50,defocus_blur,3,0.15952380952380948,0.08035493824136287,5,raw_softmax,risk_at_80_coverage
secondary/exploratory,hushem,resnet50,defocus_blur,4,0.21095238095238092,0.09469487938323748,5,raw_softmax,risk_at_80_coverage
secondary/exploratory,hushem,resnet50,defocus_blur,5,0.3814285714285714,0.09840565771025439,5,raw_softmax,risk_at_80_coverage
secondary/exploratory,hushem,resnet50,gaussian_noise,1,0.10809523809523805,0.03763110114310541,5,raw_softmax,risk_at_80_coverage
secondary/exploratory,hushem,resnet50,gaussian_noise,2,0.0909523809523809,0.05503039770165041,5,raw_softmax,risk_at_80_coverage
secondary/exploratory,hushem,resnet50,gaussian_noise,3,0.12492063492063485,0.07149820239227193,5,raw_softmax,risk_at_80_coverage
secondary/exploratory,hushem,resnet50,gaussian_noise,4,0.20507936507936506,0.08750625360080946,5,raw_softmax,risk_at_80_coverage
secondary/exploratory,hushem,resnet50,gaussian_noise,5,0.3296825396825397,0.1242457719271515,5,raw_softmax,risk_at_80_coverage
secondary/exploratory,hushem,resnet50,illumination,1,0.09126984126984125,0.06534498638884031,5,raw_softmax,risk_at_80_coverage
secondary/exploratory,hushem,resnet50,illumination,2,0.13698412698412693,0.07955453577425674,5,raw_softmax,risk_at_80_coverage
secondary/exploratory,hushem,resnet50,illumination,3,0.15396825396825392,0.09854062346138895,5,raw_softmax,risk_at_80_coverage
secondary/exploratory,hushem,resnet50,illumination,4,0.21079365079365076,0.08802299339999174,5,raw_softmax,risk_at_80_coverage
secondary/exploratory,hushem,resnet50,illumination,5,0.2844444444444444,0.05519611614133215,5,raw_softmax,risk_at_80_coverage
secondary/exploratory,hushem,resnet50,jpeg,1,0.09111111111111106,0.03762273104999645,5,raw_softmax,risk_at_80_coverage
secondary/exploratory,hushem,resnet50,jpeg,2,0.09698412698412692,0.04364502126335096,5,raw_softmax,risk_at_80_coverage
secondary/exploratory,hushem,resnet50,jpeg,3,0.1425396825396825,0.05408949965837198,5,raw_softmax,risk_at_80_coverage
secondary/exploratory,hushem,resnet50,jpeg,4,0.14857142857142852,0.10182016960688835,5,raw_softmax,risk_at_80_coverage
secondary/exploratory,hushem,resnet50,jpeg,5,0.22809523809523807,0.09776991825761017,5,raw_softmax,risk_at_80_coverage
secondary/exploratory,hushem,resnet50,motion_blur,1,0.10841269841269836,0.055247444930311404,5,raw_softmax,risk_at_80_coverage
secondary/exploratory,hushem,resnet50,motion_blur,2,0.1763492063492063,0.047699667204800573,5,raw_softmax,risk_at_80_coverage
secondary/exploratory,hushem,resnet50,motion_blur,3,0.21079365079365076,0.10876433248154567,5,raw_softmax,risk_at_80_coverage
secondary/exploratory,hushem,resnet50,motion_blur,4,0.3807936507936508,0.05992037212178255,5,raw_softmax,risk_at_80_coverage
secondary/exploratory,hushem,resnet50,motion_blur,5,0.42682539682539683,0.09950811248075954,5,raw_softmax,risk_at_80_coverage
secondary/exploratory,hushem,resnet50,resample,1,0.11984126984126978,0.06223457117496938,5,raw_softmax,risk_at_80_coverage
secondary/exploratory,hushem,resnet50,resample,2,0.13111111111111104,0.06307002591012913,5,raw_softmax,risk_at_80_coverage
secondary/exploratory,hushem,resnet50,resample,3,0.22809523809523807,0.10958073055029571,5,raw_softmax,risk_at_80_coverage
secondary/exploratory,hushem,resnet50,resample,4,0.2965079365079365,0.11661212416875615,5,raw_softmax,risk_at_80_coverage
secondary/exploratory,hushem,resnet50,resample,5,0.4893650793650794,0.11242925605254216,5,raw_softmax,risk_at_80_coverage
secondary/exploratory,hushem,resnet50,shot_noise,1,0.09111111111111106,0.05138053802344557,5,raw_softmax,risk_at_80_coverage
secondary/exploratory,hushem,resnet50,shot_noise,2,0.08539682539682533,0.045431222399995724,5,raw_softmax,risk_at_80_coverage
secondary/exploratory,hushem,resnet50,shot_noise,3,0.1306349206349206,0.0656277706706144,5,raw_softmax,risk_at_80_coverage
secondary/exploratory,hushem,resnet50,shot_noise,4,0.24460317460317454,0.07263617631282253,5,raw_softmax,risk_at_80_coverage
secondary/exploratory,hushem,resnet50,shot_noise,5,0.43793650793650796,0.07428249212927805,5,raw_softmax,risk_at_80_coverage
secondary/exploratory,smids,mobilenet_v3_large,defocus_blur,1,0.9577777777777778,0.0138777733297742,3,aps,conformal_coverage
secondary/exploratory,smids,mobilenet_v3_large,defocus_blur,2,0.9611111111111112,0.01503083250940968,3,aps,conformal_coverage
secondary/exploratory,smids,mobilenet_v3_large,defocus_blur,3,0.9755555555555556,0.010183501544346343,3,aps,conformal_coverage
secondary/exploratory,smids,mobilenet_v3_large,defocus_blur,4,0.9577777777777777,0.0038490017945974737,3,aps,conformal_coverage
secondary/exploratory,smids,mobilenet_v3_large,defocus_blur,5,0.89,0.07218802609235912,3,aps,conformal_coverage
secondary/exploratory,smids,mobilenet_v3_large,gaussian_noise,1,0.9644444444444445,0.005091750772173152,3,aps,conformal_coverage
secondary/exploratory,smids,mobilenet_v3_large,gaussian_noise,2,0.8477777777777776,0.14307470206283976,3,aps,conformal_coverage
secondary/exploratory,smids,mobilenet_v3_large,gaussian_noise,3,0.6155555555555555,0.2452738454447585,3,aps,conformal_coverage
secondary/exploratory,smids,mobilenet_v3_large,gaussian_noise,4,0.5977777777777777,0.24824569669165653,3,aps,conformal_coverage
secondary/exploratory,smids,mobilenet_v3_large,gaussian_noise,5,0.5511111111111111,0.1972683827044132,3,aps,conformal_coverage
secondary/exploratory,smids,mobilenet_v3_large,illumination,1,0.9555555555555556,0.006938886664887129,3,aps,conformal_coverage
secondary/exploratory,smids,mobilenet_v3_large,illumination,2,0.9555555555555557,0.008388704928078597,3,aps,conformal_coverage
secondary/exploratory,smids,mobilenet_v3_large,illumination,3,0.9533333333333335,0.012018504251546692,3,aps,conformal_coverage
secondary/exploratory,smids,mobilenet_v3_large,illumination,4,0.9488888888888889,0.013471506281091313,3,aps,conformal_coverage
secondary/exploratory,smids,mobilenet_v3_large,illumination,5,0.9155555555555556,0.03746603400019423,3,aps,conformal_coverage
secondary/exploratory,smids,mobilenet_v3_large,jpeg,1,0.9677777777777777,0.006938886664887156,3,aps,conformal_coverage
secondary/exploratory,smids,mobilenet_v3_large,jpeg,2,0.9633333333333334,0.010000000000000009,3,aps,conformal_coverage
secondary/exploratory,smids,mobilenet_v3_large,jpeg,3,0.9044444444444445,0.06809579309353142,3,aps,conformal_coverage
secondary/exploratory,smids,mobilenet_v3_large,jpeg,4,0.8333333333333334,0.15169413670643678,3,aps,conformal_coverage
secondary/exploratory,smids,mobilenet_v3_large,jpeg,5,0.7366666666666667,0.1217009084235246,3,aps,conformal_coverage
secondary/exploratory,smids,mobilenet_v3_large,motion_blur,1,0.9633333333333333,0.015275252316519494,3,aps,conformal_coverage
secondary/exploratory,smids,mobilenet_v3_large,motion_blur,2,0.9622222222222222,0.0138777733297742,3,aps,conformal_coverage
secondary/exploratory,smids,mobilenet_v3_large,motion_blur,3,0.9611111111111112,0.006938886664887149,3,aps,conformal_coverage
secondary/exploratory,smids,mobilenet_v3_large,motion_blur,4,0.8944444444444444,0.033719979789985546,3,aps,conformal_coverage
secondary/exploratory,smids,mobilenet_v3_large,motion_blur,5,0.8088888888888889,0.05357583756107196,3,aps,conformal_coverage
secondary/exploratory,smids,mobilenet_v3_large,resample,1,0.9700000000000001,0.020000000000000018,3,aps,conformal_coverage
secondary/exploratory,smids,mobilenet_v3_large,resample,2,0.9722222222222223,0.005091750772173152,3,aps,conformal_coverage
secondary/exploratory,smids,mobilenet_v3_large,resample,3,0.9677777777777777,0.008388704928078687,3,aps,conformal_coverage
secondary/exploratory,smids,mobilenet_v3_large,resample,4,0.9322222222222223,0.03371997978998559,3,aps,conformal_coverage
secondary/exploratory,smids,mobilenet_v3_large,resample,5,0.861111111111111,0.037466034000194125,3,aps,conformal_coverage
secondary/exploratory,smids,mobilenet_v3_large,shot_noise,1,0.9700000000000001,0.0057735026918962545,3,aps,conformal_coverage
secondary/exploratory,smids,mobilenet_v3_large,shot_noise,2,0.9111111111111111,0.050589121945920995,3,aps,conformal_coverage
secondary/exploratory,smids,mobilenet_v3_large,shot_noise,3,0.7066666666666667,0.24440403706431152,3,aps,conformal_coverage
secondary/exploratory,smids,mobilenet_v3_large,shot_noise,4,0.5933333333333333,0.20420577856662137,3,aps,conformal_coverage
secondary/exploratory,smids,mobilenet_v3_large,shot_noise,5,0.5533333333333333,0.19427929494530405,3,aps,conformal_coverage
secondary/exploratory,smids,mobilenet_v3_large,defocus_blur,1,1.5422222222222224,0.060123330037638645,3,aps,conformal_mean_set_size
secondary/exploratory,smids,mobilenet_v3_large,defocus_blur,2,1.6199999999999999,0.06359594676112981,3,aps,conformal_mean_set_size
secondary/exploratory,smids,mobilenet_v3_large,defocus_blur,3,1.8222222222222222,0.07819728137739071,3,aps,conformal_mean_set_size
secondary/exploratory,smids,mobilenet_v3_large,defocus_blur,4,1.8588888888888888,0.1001295457191627,3,aps,conformal_mean_set_size
secondary/exploratory,smids,mobilenet_v3_large,defocus_blur,5,1.9144444444444446,0.03849001794597508,3,aps,conformal_mean_set_size
secondary/exploratory,smids,mobilenet_v3_large,gaussian_noise,1,1.7933333333333332,0.06489307444643921,3,aps,conformal_mean_set_size
secondary/exploratory,smids,mobilenet_v3_large,gaussian_noise,2,1.8499999999999999,0.18193405398660265,3,aps,conformal_mean_set_size
secondary/exploratory,smids,mobilenet_v3_large,gaussian_noise,3,1.6755555555555555,0.5619542620112358,3,aps,conformal_mean_set_size
secondary/exploratory,smids,mobilenet_v3_large,gaussian_noise,4,1.6666666666666667,0.5773502691896258,3,aps,conformal_mean_set_size
secondary/exploratory,smids,mobilenet_v3_large,gaussian_noise,5,1.6666666666666667,0.5773502691896258,3,aps,conformal_mean_set_size
secondary/exploratory,smids,mobilenet_v3_large,illumination,1,1.5933333333333335,0.0692820323027551,3,aps,conformal_mean_set_size
secondary/exploratory,smids,mobilenet_v3_large,illumination,2,1.6633333333333333,0.046188021535170036,3,aps,conformal_mean_set_size
secondary/exploratory,smids,mobilenet_v3_large,illumination,3,1.74,0.06110100926607794,3,aps,conformal_mean_set_size
secondary/exploratory,smids,mobilenet_v3_large,illumination,4,1.7966666666666666,0.0775313556640867,3,aps,conformal_mean_set_size
secondary/exploratory,smids,mobilenet_v3_large,illumination,5,1.788888888888889,0.10782358705740551,3,aps,conformal_mean_set_size
secondary/exploratory,smids,mobilenet_v3_large,jpeg,1,1.6633333333333333,0.037859388972001924,3,aps,conformal_mean_set_size
secondary/exploratory,smids,mobilenet_v3_large,jpeg,2,1.731111111111111,0.054296852101646996,3,aps,conformal_mean_set_size
secondary/exploratory,smids,mobilenet_v3_large,jpeg,3,1.79,0.040000000000000036,3,aps,conformal_mean_set_size
secondary/exploratory,smids,mobilenet_v3_large,jpeg,4,1.8477777777777777,0.06809579309353138,3,aps,conformal_mean_set_size
secondary/exploratory,smids,mobilenet_v3_large,jpeg,5,1.9033333333333335,0.13892443989449818,3,aps,conformal_mean_set_size
secondary/exploratory,smids,mobilenet_v3_large,motion_blur,1,1.6877777777777776,0.06850250063021503,3,aps,conformal_mean_set_size
secondary/exploratory,smids,mobilenet_v3_large,motion_blur,2,1.7944444444444443,0.08500544644860072,3,aps,conformal_mean_set_size
secondary/exploratory,smids,mobilenet_v3_large,motion_blur,3,1.8844444444444444,0.03595264374969651,3,aps,conformal_mean_set_size
secondary/exploratory,smids,mobilenet_v3_large,motion_blur,4,1.9377777777777776,0.0389206219736379,3,aps,conformal_mean_set_size
secondary/exploratory,smids,mobilenet_v3_large,motion_blur,5,1.8933333333333333,0.11015141094572202,3,aps,conformal_mean_set_size
secondary/exploratory,smids,mobilenet_v3_large,resample,1,1.6977777777777776,0.07151793351890723,3,aps,conformal_mean_set_size
secondary/exploratory,smids,mobilenet_v3_large,resample,2,1.79,0.06887992773257273,3,aps,conformal_mean_set_size
secondary/exploratory,smids,mobilenet_v3_large,resample,3,1.8388888888888888,0.03892062197363776,3,aps,conformal_mean_set_size
secondary/exploratory,smids,mobilenet_v3_large,resample,4,1.9044444444444444,0.02795499027868699,3,aps,conformal_mean_set_size
secondary/exploratory,smids,mobilenet_v3_large,resample,5,1.9111111111111112,0.07719623863414082,3,aps,conformal_mean_set_size
secondary/exploratory,smids,mobilenet_v3_large,shot_noise,1,1.7922222222222224,0.026736020923368898,3,aps,conformal_mean_set_size
secondary/exploratory,smids,mobilenet_v3_large,shot_noise,2,1.8699999999999999,0.07172478263783343,3,aps,conformal_mean_set_size
secondary/exploratory,smids,mobilenet_v3_large,shot_noise,3,1.7444444444444447,0.4310882009949208,3,aps,conformal_mean_set_size
secondary/exploratory,smids,mobilenet_v3_large,shot_noise,4,1.708888888888889,0.5042192350922732,3,aps,conformal_mean_set_size
secondary/exploratory,smids,mobilenet_v3_large,shot_noise,5,1.6755555555555557,0.5276923907536086,3,aps,conformal_mean_set_size
secondary/exploratory,smids,mobilenet_v3_large,defocus_blur,1,0.89,0.01763834207376389,3,raw_softmax,accuracy
secondary/exploratory,smids,mobilenet_v3_large,defocus_blur,2,0.8911111111111111,0.015396007178390056,3,raw_softmax,accuracy
secondary/exploratory,smids,mobilenet_v3_large,defocus_blur,3,0.8355555555555556,0.02501851166488378,3,raw_softmax,accuracy
secondary/exploratory,smids,mobilenet_v3_large,defocus_blur,4,0.8055555555555557,0.044263520637871305,3,raw_softmax,accuracy
secondary/exploratory,smids,mobilenet_v3_large,defocus_blur,5,0.6255555555555555,0.16567482653725082,3,raw_softmax,accuracy
secondary/exploratory,smids,mobilenet_v3_large,gaussian_noise,1,0.8388888888888889,0.022194427061597983,3,raw_softmax,accuracy
secondary/exploratory,smids,mobilenet_v3_large,gaussian_noise,2,0.5066666666666667,0.2280594464412977,3,raw_softmax,accuracy
secondary/exploratory,smids,mobilenet_v3_large,gaussian_noise,3,0.34777777777777774,0.04233901974057253,3,raw_softmax,accuracy
secondary/exploratory,smids,mobilenet_v3_large,gaussian_noise,4,0.32444444444444437,0.0019245008972987368,3,raw_softmax,accuracy
secondary/exploratory,smids,mobilenet_v3_large,gaussian_noise,5,0.3233333333333333,0.0,3,raw_softmax,accuracy
secondary/exploratory,smids,mobilenet_v3_large,illumination,1,0.8844444444444445,0.012619796324000596,3,raw_softmax,accuracy
secondary/exploratory,smids,mobilenet_v3_large,illumination,2,0.8622222222222223,0.007698003589194979,3,raw_softmax,accuracy
secondary/exploratory,smids,mobilenet_v3_large,illumination,3,0.82,0.026666666666666658,3,raw_softmax,accuracy
secondary/exploratory,smids,mobilenet_v3_large,illumination,4,0.7766666666666667,0.0688799277325728,3,raw_softmax,accuracy
secondary/exploratory,smids,mobilenet_v3_large,illumination,5,0.6966666666666667,0.10525102269231296,3,raw_softmax,accuracy
secondary/exploratory,smids,mobilenet_v3_large,jpeg,1,0.8755555555555555,0.01575271875417536,3,raw_softmax,accuracy
secondary/exploratory,smids,mobilenet_v3_large,jpeg,2,0.8300000000000001,0.015275252316519494,3,raw_softmax,accuracy
secondary/exploratory,smids,mobilenet_v3_large,jpeg,3,0.7511111111111112,0.09453590342847014,3,raw_softmax,accuracy
secondary/exploratory,smids,mobilenet_v3_large,jpeg,4,0.6333333333333333,0.2085132556404455,3,raw_softmax,accuracy
secondary/exploratory,smids,mobilenet_v3_large,jpeg,5,0.43222222222222223,0.12066175557839054,3,raw_softmax,accuracy
secondary/exploratory,smids,mobilenet_v3_large,motion_blur,1,0.8788888888888889,0.013471506281091315,3,raw_softmax,accuracy
secondary/exploratory,smids,mobilenet_v3_large,motion_blur,2,0.8366666666666666,0.032145502536643174,3,raw_softmax,accuracy
secondary/exploratory,smids,mobilenet_v3_large,motion_blur,3,0.7799999999999999,0.0448454134902457,3,raw_softmax,accuracy
secondary/exploratory,smids,mobilenet_v3_large,motion_blur,4,0.59,0.11666666666666668,3,raw_softmax,accuracy
secondary/exploratory,smids,mobilenet_v3_large,motion_blur,5,0.45444444444444443,0.10007404665953513,3,raw_softmax,accuracy
secondary/exploratory,smids,mobilenet_v3_large,resample,1,0.8722222222222222,0.010715167512214413,3,raw_softmax,accuracy
secondary/exploratory,smids,mobilenet_v3_large,resample,2,0.8666666666666667,0.012018504251546616,3,raw_softmax,accuracy
secondary/exploratory,smids,mobilenet_v3_large,resample,3,0.8211111111111111,0.02834966849371796,3,raw_softmax,accuracy
secondary/exploratory,smids,mobilenet_v3_large,resample,4,0.7533333333333333,0.07505553499465138,3,raw_softmax,accuracy
secondary/exploratory,smids,mobilenet_v3_large,resample,5,0.5755555555555555,0.12047744525351964,3,raw_softmax,accuracy
secondary/exploratory,smids,mobilenet_v3_large,shot_noise,1,0.8300000000000001,0.03382963855030739,3,raw_softmax,accuracy
secondary/exploratory,smids,mobilenet_v3_large,shot_noise,2,0.5877777777777778,0.17714819073725108,3,raw_softmax,accuracy
secondary/exploratory,smids,mobilenet_v3_large,shot_noise,3,0.40222222222222226,0.11653961335735362,3,raw_softmax,accuracy
secondary/exploratory,smids,mobilenet_v3_large,shot_noise,4,0.32888888888888884,0.009622504486493797,3,raw_softmax,accuracy
secondary/exploratory,smids,mobilenet_v3_large,shot_noise,5,0.3233333333333333,0.0,3,raw_softmax,accuracy
secondary/exploratory,smids,mobilenet_v3_large,defocus_blur,1,0.047402089635531074,0.01255611098621262,3,raw_softmax,ece
secondary/exploratory,smids,mobilenet_v3_large,defocus_blur,2,0.044563194546434565,0.01029687249618338,3,raw_softmax,ece
secondary/exploratory,smids,mobilenet_v3_large,defocus_blur,3,0.04956804527176747,0.005827471681436707,3,raw_softmax,ece
secondary/exploratory,smids,mobilenet_v3_large,defocus_blur,4,0.06705642723374894,0.011675099184241748,3,raw_softmax,ece
secondary/exploratory,smids,mobilenet_v3_large,defocus_blur,5,0.23330738484859467,0.15189423727205156,3,raw_softmax,ece
secondary/exploratory,smids,mobilenet_v3_large,gaussian_noise,1,0.07082527826229727,0.02731197144164339,3,raw_softmax,ece
secondary/exploratory,smids,mobilenet_v3_large,gaussian_noise,2,0.3975536926918559,0.2622327683693258,3,raw_softmax,ece
secondary/exploratory,smids,mobilenet_v3_large,gaussian_noise,3,0.5945585352513526,0.11171367978312151,3,raw_softmax,ece
secondary/exploratory,smids,mobilenet_v3_large,gaussian_noise,4,0.623028958870305,0.06637896538507951,3,raw_softmax,ece
secondary/exploratory,smids,mobilenet_v3_large,gaussian_noise,5,0.6194610300328997,0.06243954543537422,3,raw_softmax,ece
secondary/exploratory,smids,mobilenet_v3_large,illumination,1,0.0472811455859078,0.003943969112893993,3,raw_softmax,ece
secondary/exploratory,smids,mobilenet_v3_large,illumination,2,0.056329732835292724,0.006920552295032251,3,raw_softmax,ece
secondary/exploratory,smids,mobilenet_v3_large,illumination,3,0.07304857687817677,0.030873493144215634,3,raw_softmax,ece
secondary/exploratory,smids,mobilenet_v3_large,illumination,4,0.11605547911590992,0.07029807310281778,3,raw_softmax,ece
secondary/exploratory,smids,mobilenet_v3_large,illumination,5,0.18700415382782618,0.11612048507931695,3,raw_softmax,ece
secondary/exploratory,smids,mobilenet_v3_large,jpeg,1,0.04932744893762797,0.013941220223859368,3,raw_softmax,ece
secondary/exploratory,smids,mobilenet_v3_large,jpeg,2,0.0712404002414809,0.014926424092933417,3,raw_softmax,ece
secondary/exploratory,smids,mobilenet_v3_large,jpeg,3,0.12360699272818032,0.08228405881062101,3,raw_softmax,ece
secondary/exploratory,smids,mobilenet_v3_large,jpeg,4,0.2434166683091058,0.23358074450749644,3,raw_softmax,ece
secondary/exploratory,smids,mobilenet_v3_large,jpeg,5,0.44162923051251307,0.2002415474500619,3,raw_softmax,ece
secondary/exploratory,smids,mobilenet_v3_large,motion_blur,1,0.0536047214931911,0.003760819271078931,3,raw_softmax,ece
secondary/exploratory,smids,mobilenet_v3_large,motion_blur,2,0.060699713726838404,0.0028283159734489908,3,raw_softmax,ece
secondary/exploratory,smids,mobilenet_v3_large,motion_blur,3,0.07946797172228491,0.03110694125748751,3,raw_softmax,ece
secondary/exploratory,smids,mobilenet_v3_large,motion_blur,4,0.2397971834076775,0.14416741963288848,3,raw_softmax,ece
secondary/exploratory,smids,mobilenet_v3_large,motion_blur,5,0.40669520490699346,0.1781528770366263,3,raw_softmax,ece
secondary/exploratory,smids,mobilenet_v3_large,resample,1,0.0403135424852371,0.00443909634007148,3,raw_softmax,ece
secondary/exploratory,smids,mobilenet_v3_large,resample,2,0.054734063479635435,0.004838597220547134,3,raw_softmax,ece
secondary/exploratory,smids,mobilenet_v3_large,resample,3,0.07009952111376651,0.012602359608515733,3,raw_softmax,ece
secondary/exploratory,smids,mobilenet_v3_large,resample,4,0.128548347916868,0.07038248527588839,3,raw_softmax,ece
secondary/exploratory,smids,mobilenet_v3_large,resample,5,0.2678995617893007,0.17883369472694627,3,raw_softmax,ece
secondary/exploratory,smids,mobilenet_v3_large,shot_noise,1,0.07756783296664553,0.018447789268642788,3,raw_softmax,ece
secondary/exploratory,smids,mobilenet_v3_large,shot_noise,2,0.29066253910462053,0.16890279959999455,3,raw_softmax,ece
secondary/exploratory,smids,mobilenet_v3_large,shot_noise,3,0.5068005391624238,0.21207939724395736,3,raw_softmax,ece
secondary/exploratory,smids,mobilenet_v3_large,shot_noise,4,0.6077471738391452,0.06936912235643343,3,raw_softmax,ece
secondary/exploratory,smids,mobilenet_v3_large,shot_noise,5,0.6250116527080536,0.07967594474615995,3,raw_softmax,ece
secondary/exploratory,smids,mobilenet_v3_large,defocus_blur,1,0.21745017170906064,0.03280983853379838,3,raw_softmax,mean_predictive_entropy
secondary/exploratory,smids,mobilenet_v3_large,defocus_blur,2,0.24630617101987198,0.030345122404703277,3,raw_softmax,mean_predictive_entropy
secondary/exploratory,smids,mobilenet_v3_large,defocus_blur,3,0.3653752903143565,0.017402866703350534,3,raw_softmax,mean_predictive_entropy
secondary/exploratory,smids,mobilenet_v3_large,defocus_blur,4,0.405261625846227,0.039800261277024435,3,raw_softmax,mean_predictive_entropy
secondary/exploratory,smids,mobilenet_v3_large,defocus_blur,5,0.4104895194371541,0.08493874795570874,3,raw_softmax,mean_predictive_entropy
secondary/exploratory,smids,mobilenet_v3_large,gaussian_noise,1,0.2864434719085693,0.011301180118981765,3,raw_softmax,mean_predictive_entropy
secondary/exploratory,smids,mobilenet_v3_large,gaussian_noise,2,0.2892734110355377,0.1316686457544387,3,raw_softmax,mean_predictive_entropy
secondary/exploratory,smids,mobilenet_v3_large,gaussian_noise,3,0.19861445700128866,0.20913225722753737,3,raw_softmax,mean_predictive_entropy
secondary/exploratory,smids,mobilenet_v3_large,gaussian_noise,4,0.19947247688348094,0.22290097195803923,3,raw_softmax,mean_predictive_entropy
secondary/exploratory,smids,mobilenet_v3_large,gaussian_noise,5,0.22247150711094335,0.22573091506457169,3,raw_softmax,mean_predictive_entropy
secondary/exploratory,smids,mobilenet_v3_large,illumination,1,0.22526066998640695,0.041324777995582075,3,raw_softmax,mean_predictive_entropy
secondary/exploratory,smids,mobilenet_v3_large,illumination,2,0.25389629602432245,0.033281960900329054,3,raw_softmax,mean_predictive_entropy
secondary/exploratory,smids,mobilenet_v3_large,illumination,3,0.2970482011636098,0.022863417294353195,3,raw_softmax,mean_predictive_entropy
secondary/exploratory,smids,mobilenet_v3_large,illumination,4,0.31859743595123285,0.0358675328510842,3,raw_softmax,mean_predictive_entropy
secondary/exploratory,smids,mobilenet_v3_large,illumination,5,0.3239641189575195,0.06348026416519104,3,raw_softmax,mean_predictive_entropy
secondary/exploratory,smids,mobilenet_v3_large,jpeg,1,0.25551730891068775,0.014855322046154171,3,raw_softmax,mean_predictive_entropy
secondary/exploratory,smids,mobilenet_v3_large,jpeg,2,0.29548563559850055,0.005505527491477964,3,raw_softmax,mean_predictive_entropy
secondary/exploratory,smids,mobilenet_v3_large,jpeg,3,0.3189232250054677,0.01840809759769413,3,raw_softmax,mean_predictive_entropy
secondary/exploratory,smids,mobilenet_v3_large,jpeg,4,0.33527757227420807,0.08969511274664803,3,raw_softmax,mean_predictive_entropy
secondary/exploratory,smids,mobilenet_v3_large,jpeg,5,0.33553601304690045,0.19158815792562836,3,raw_softmax,mean_predictive_entropy
secondary/exploratory,smids,mobilenet_v3_large,motion_blur,1,0.2788824240366617,0.013863879254256138,3,raw_softmax,mean_predictive_entropy
secondary/exploratory,smids,mobilenet_v3_large,motion_blur,2,0.3253016074498494,0.013728769228593528,3,raw_softmax,mean_predictive_entropy
secondary/exploratory,smids,mobilenet_v3_large,motion_blur,3,0.41856089234352106,0.027503458430482082,3,raw_softmax,mean_predictive_entropy
secondary/exploratory,smids,mobilenet_v3_large,motion_blur,4,0.4418627421061198,0.06295327296178226,3,raw_softmax,mean_predictive_entropy
secondary/exploratory,smids,mobilenet_v3_large,motion_blur,5,0.3683832436800003,0.17363317689214597,3,raw_softmax,mean_predictive_entropy
secondary/exploratory,smids,mobilenet_v3_large,resample,1,0.29023244976997375,0.01866511216767213,3,raw_softmax,mean_predictive_entropy
secondary/exploratory,smids,mobilenet_v3_large,resample,2,0.32010923822720844,0.01291163616453629,3,raw_softmax,mean_predictive_entropy
secondary/exploratory,smids,mobilenet_v3_large,resample,3,0.35820354024569195,0.009093429568424058,3,raw_softmax,mean_predictive_entropy
secondary/exploratory,smids,mobilenet_v3_large,resample,4,0.3803066611289978,0.03141118556301271,3,raw_softmax,mean_predictive_entropy
secondary/exploratory,smids,mobilenet_v3_large,resample,5,0.40977729360262555,0.12700738579360357,3,raw_softmax,mean_predictive_entropy
secondary/exploratory,smids,mobilenet_v3_large,shot_noise,1,0.3080163995424906,0.02824465468219987,3,raw_softmax,mean_predictive_entropy
secondary/exploratory,smids,mobilenet_v3_large,shot_noise,2,0.3475848138332367,0.049845461635168786,3,raw_softmax,mean_predictive_entropy
secondary/exploratory,smids,mobilenet_v3_large,shot_noise,3,0.2517266993721326,0.22810957390402314,3,raw_softmax,mean_predictive_entropy
secondary/exploratory,smids,mobilenet_v3_large,shot_noise,4,0.2364880396053195,0.20939039042570531,3,raw_softmax,mean_predictive_entropy
secondary/exploratory,smids,mobilenet_v3_large,shot_noise,5,0.19020175832944608,0.2746299812494134,3,raw_softmax,mean_predictive_entropy
secondary/exploratory,smids,mobilenet_v3_large,defocus_blur,1,0.05416666666666664,0.014433756729740645,3,raw_softmax,risk_at_80_coverage
secondary/exploratory,smids,mobilenet_v3_large,defocus_blur,2,0.0569444444444444,0.013393959390268006,3,raw_softmax,risk_at_80_coverage
secondary/exploratory,smids,mobilenet_v3_large,defocus_blur,3,0.09305555555555554,0.019690898442719203,3,raw_softmax,risk_at_80_coverage
secondary/exploratory,smids,mobilenet_v3_large,defocus_blur,4,0.13888888888888887,0.044940804687120646,3,raw_softmax,risk_at_80_coverage
secondary/exploratory,smids,mobilenet_v3_large,defocus_blur,5,0.3208333333333333,0.18915932438026947,3,raw_softmax,risk_at_80_coverage
secondary/exploratory,smids,mobilenet_v3_large,gaussian_noise,1,0.08888888888888886,0.03127313958110473,3,raw_softmax,risk_at_80_coverage
secondary/exploratory,smids,mobilenet_v3_large,gaussian_noise,2,0.4486111111111111,0.22974674059671626,3,raw_softmax,risk_at_80_coverage
secondary/exploratory,smids,mobilenet_v3_large,gaussian_noise,3,0.6097222222222222,0.03640372895022543,3,raw_softmax,risk_at_80_coverage
secondary/exploratory,smids,mobilenet_v3_large,gaussian_noise,4,0.6333333333333333,0.02319901817845845,3,raw_softmax,risk_at_80_coverage
secondary/exploratory,smids,mobilenet_v3_large,gaussian_noise,5,0.6986111111111111,0.010485881160098291,3,raw_softmax,risk_at_80_coverage
secondary/exploratory,smids,mobilenet_v3_large,illumination,1,0.06111111111111106,0.016839382851364063,3,raw_softmax,risk_at_80_coverage
secondary/exploratory,smids,mobilenet_v3_large,illumination,2,0.0708333333333333,0.011023963796102454,3,raw_softmax,risk_at_80_coverage
secondary/exploratory,smids,mobilenet_v3_large,illumination,3,0.09861111111111108,0.03592365876771549,3,raw_softmax,risk_at_80_coverage
secondary/exploratory,smids,mobilenet_v3_large,illumination,4,0.1708333333333333,0.07916666666666666,3,raw_softmax,risk_at_80_coverage
secondary/exploratory,smids,mobilenet_v3_large,illumination,5,0.2583333333333333,0.12916666666666662,3,raw_softmax,risk_at_80_coverage
secondary/exploratory,smids,mobilenet_v3_large,jpeg,1,0.06805555555555554,0.01878854063676206,3,raw_softmax,risk_at_80_coverage
secondary/exploratory,smids,mobilenet_v3_large,jpeg,2,0.1111111111111111,0.019245008972987504,3,raw_softmax,risk_at_80_coverage
secondary/exploratory,smids,mobilenet_v3_large,jpeg,3,0.18333333333333335,0.09213893494789992,3,raw_softmax,risk_at_80_coverage
secondary/exploratory,smids,mobilenet_v3_large,jpeg,4,0.3138888888888889,0.23549347321300843,3,raw_softmax,risk_at_80_coverage
secondary/exploratory,smids,mobilenet_v3_large,jpeg,5,0.5041666666666667,0.10921118685067632,3,raw_softmax,risk_at_80_coverage
secondary/exploratory,smids,mobilenet_v3_large,motion_blur,1,0.08055555555555549,0.002405626121623463,3,raw_softmax,risk_at_80_coverage
secondary/exploratory,smids,mobilenet_v3_large,motion_blur,2,0.0930555555555555,0.002405626121623456,3,raw_softmax,risk_at_80_coverage
secondary/exploratory,smids,mobilenet_v3_large,motion_blur,3,0.16249999999999995,0.05204164998665332,3,raw_softmax,risk_at_80_coverage
secondary/exploratory,smids,mobilenet_v3_large,motion_blur,4,0.37361111111111106,0.14107310293025516,3,raw_softmax,risk_at_80_coverage
secondary/exploratory,smids,mobilenet_v3_large,motion_blur,5,0.5180555555555556,0.11306442771630174,3,raw_softmax,risk_at_80_coverage
secondary/exploratory,smids,mobilenet_v3_large,resample,1,0.06805555555555554,0.004811252243246865,3,raw_softmax,risk_at_80_coverage
secondary/exploratory,smids,mobilenet_v3_large,resample,2,0.07916666666666662,0.004166666666666654,3,raw_softmax,risk_at_80_coverage
secondary/exploratory,smids,mobilenet_v3_large,resample,3,0.1083333333333333,0.018162078931419454,3,raw_softmax,risk_at_80_coverage
secondary/exploratory,smids,mobilenet_v3_large,resample,4,0.1958333333333333,0.07228896488707283,3,raw_softmax,risk_at_80_coverage
secondary/exploratory,smids,mobilenet_v3_large,resample,5,0.3874999999999999,0.1393810723639811,3,raw_softmax,risk_at_80_coverage
secondary/exploratory,smids,mobilenet_v3_large,shot_noise,1,0.10277777777777776,0.01339395939026799,3,raw_softmax,risk_at_80_coverage
secondary/exploratory,smids,mobilenet_v3_large,shot_noise,2,0.38611111111111107,0.20005786200034267,3,raw_softmax,risk_at_80_coverage
secondary/exploratory,smids,mobilenet_v3_large,shot_noise,3,0.5388888888888889,0.10226033407888872,3,raw_softmax,risk_at_80_coverage
secondary/exploratory,smids,mobilenet_v3_large,shot_noise,4,0.6291666666666668,0.0253448438762426,3,raw_softmax,risk_at_80_coverage
secondary/exploratory,smids,mobilenet_v3_large,shot_noise,5,0.7125,0.018162078931419412,3,raw_softmax,risk_at_80_coverage
secondary/exploratory,smids,resnet50,defocus_blur,1,0.9786666666666667,0.012605113600792668,5,aps,conformal_coverage
secondary/exploratory,smids,resnet50,defocus_blur,2,0.9753333333333334,0.016431676725154915,5,aps,conformal_coverage
secondary/exploratory,smids,resnet50,defocus_blur,3,0.9806666666666667,0.012560962454277827,5,aps,conformal_coverage
secondary/exploratory,smids,resnet50,defocus_blur,4,0.984,0.010381607668264889,5,aps,conformal_coverage
secondary/exploratory,smids,resnet50,defocus_blur,5,0.9866666666666667,0.0033333333333334103,5,aps,conformal_coverage
secondary/exploratory,smids,resnet50,gaussian_noise,1,0.9813333333333333,0.007673909622147467,5,aps,conformal_coverage
secondary/exploratory,smids,resnet50,gaussian_noise,2,0.97,0.004082482904638628,5,aps,conformal_coverage
secondary/exploratory,smids,resnet50,gaussian_noise,3,0.892,0.02824496021908645,5,aps,conformal_coverage
secondary/exploratory,smids,resnet50,gaussian_noise,4,0.8066666666666666,0.04988876515698591,5,aps,conformal_coverage
secondary/exploratory,smids,resnet50,gaussian_noise,5,0.7453333333333333,0.050144236403044835,5,aps,conformal_coverage
secondary/exploratory,smids,resnet50,illumination,1,0.9773333333333334,0.007958224257542173,5,aps,conformal_coverage
secondary/exploratory,smids,resnet50,illumination,2,0.9773333333333334,0.00924962461700773,5,aps,conformal_coverage
secondary/exploratory,smids,resnet50,illumination,3,0.9786666666666667,0.007673909622147506,5,aps,conformal_coverage
secondary/exploratory,smids,resnet50,illumination,4,0.9766666666666668,0.004082482904638628,5,aps,conformal_coverage
secondary/exploratory,smids,resnet50,illumination,5,0.96,0.008164965809277253,5,aps,conformal_coverage
secondary/exploratory,smids,resnet50,jpeg,1,0.9786666666666666,0.012823589374447483,5,aps,conformal_coverage
secondary/exploratory,smids,resnet50,jpeg,2,0.9826666666666668,0.010110500592068684,5,aps,conformal_coverage
secondary/exploratory,smids,resnet50,jpeg,3,0.9806666666666665,0.012337837015547784,5,aps,conformal_coverage
secondary/exploratory,smids,resnet50,jpeg,4,0.9806666666666668,0.005962847939999459,5,aps,conformal_coverage
secondary/exploratory,smids,resnet50,jpeg,5,0.874,0.06304319506849605,5,aps,conformal_coverage
secondary/exploratory,smids,resnet50,motion_blur,1,0.9813333333333333,0.01282358937444757,5,aps,conformal_coverage
secondary/exploratory,smids,resnet50,motion_blur,2,0.9800000000000001,0.0117851130197758,5,aps,conformal_coverage
secondary/exploratory,smids,resnet50,motion_blur,3,0.9846666666666668,0.007673909622147535,5,aps,conformal_coverage
secondary/exploratory,smids,resnet50,motion_blur,4,0.9540000000000001,0.010381607668264969,5,aps,conformal_coverage
secondary/exploratory,smids,resnet50,motion_blur,5,0.892,0.02193424516848274,5,aps,conformal_coverage
secondary/exploratory,smids,resnet50,resample,1,0.978,0.01609002451486291,5,aps,conformal_coverage
secondary/exploratory,smids,resnet50,resample,2,0.9793333333333333,0.013207741837439247,5,aps,conformal_coverage
secondary/exploratory,smids,resnet50,resample,3,0.9846666666666668,0.012156388352540268,5,aps,conformal_coverage
secondary/exploratory,smids,resnet50,resample,4,0.9846666666666668,0.005055250296034364,5,aps,conformal_coverage
secondary/exploratory,smids,resnet50,resample,5,0.9713333333333333,0.008366600265340666,5,aps,conformal_coverage
secondary/exploratory,smids,resnet50,shot_noise,1,0.9786666666666667,0.012823589374447547,5,aps,conformal_coverage
secondary/exploratory,smids,resnet50,shot_noise,2,0.9800000000000001,0.007071067811865481,5,aps,conformal_coverage
secondary/exploratory,smids,resnet50,shot_noise,3,0.9560000000000001,0.00983192080250171,5,aps,conformal_coverage
secondary/exploratory,smids,resnet50,shot_noise,4,0.8173333333333334,0.033532736906558135,5,aps,conformal_coverage
secondary/exploratory,smids,resnet50,shot_noise,5,0.6279999999999999,0.05833809504374767,5,aps,conformal_coverage
secondary/exploratory,smids,resnet50,defocus_blur,1,1.7600000000000002,0.07933753490274609,5,aps,conformal_mean_set_size
secondary/exploratory,smids,resnet50,defocus_blur,2,1.7566666666666666,0.08339997335464538,5,aps,conformal_mean_set_size
secondary/exploratory,smids,resnet50,defocus_blur,3,1.8013333333333332,0.0746324326281811,5,aps,conformal_mean_set_size
secondary/exploratory,smids,resnet50,defocus_blur,4,1.818,0.07755284936380126,5,aps,conformal_mean_set_size
secondary/exploratory,smids,resnet50,defocus_blur,5,1.9046666666666667,0.0576194411635518,5,aps,conformal_mean_set_size
secondary/exploratory,smids,resnet50,gaussian_noise,1,1.816,0.06853223086013371,5,aps,conformal_mean_set_size
secondary/exploratory,smids,resnet50,gaussian_noise,2,1.848,0.09115310685264043,5,aps,conformal_mean_set_size
secondary/exploratory,smids,resnet50,gaussian_noise,3,1.8993333333333333,0.10299406671152365,5,aps,conformal_mean_set_size
secondary/exploratory,smids,resnet50,gaussian_noise,4,1.9146666666666665,0.11432410069622233,5,aps,conformal_mean_set_size
secondary/exploratory,smids,resnet50,gaussian_noise,5,1.9466666666666668,0.10498677165349082,5,aps,conformal_mean_set_size
secondary/exploratory,smids,resnet50,illumination,1,1.7646666666666668,0.05620399353150011,5,aps,conformal_mean_set_size
secondary/exploratory,smids,resnet50,illumination,2,1.7926666666666669,0.061526868566144054,5,aps,conformal_mean_set_size
secondary/exploratory,smids,resnet50,illumination,3,1.8333333333333335,0.04859126579037753,5,aps,conformal_mean_set_size
secondary/exploratory,smids,resnet50,illumination,4,1.8699999999999999,0.04847679857416315,5,aps,conformal_mean_set_size
secondary/exploratory,smids,resnet50,illumination,5,1.896666666666667,0.04358898943540668,5,aps,conformal_mean_set_size
secondary/exploratory,smids,resnet50,jpeg,1,1.7626666666666668,0.09508475751197513,5,aps,conformal_mean_set_size
secondary/exploratory,smids,resnet50,jpeg,2,1.8079999999999998,0.10510840964346178,5,aps,conformal_mean_set_size
secondary/exploratory,smids,resnet50,jpeg,3,1.8386666666666667,0.10774455387113024,5,aps,conformal_mean_set_size
secondary/exploratory,smids,resnet50,jpeg,4,1.8920000000000001,0.10550408101638127,5,aps,conformal_mean_set_size
secondary/exploratory,smids,resnet50,jpeg,5,1.9286666666666665,0.0722880042299934,5,aps,conformal_mean_set_size
secondary/exploratory,smids,resnet50,motion_blur,1,1.7746666666666666,0.07135980817114228,5,aps,conformal_mean_set_size
secondary/exploratory,smids,resnet50,motion_blur,2,1.812,0.07815938132360624,5,aps,conformal_mean_set_size
secondary/exploratory,smids,resnet50,motion_blur,3,1.892,0.05776388721914988,5,aps,conformal_mean_set_size
secondary/exploratory,smids,resnet50,motion_blur,4,1.9620000000000002,0.03158762064128575,5,aps,conformal_mean_set_size
secondary/exploratory,smids,resnet50,motion_blur,5,1.9759999999999998,0.019206480387850507,5,aps,conformal_mean_set_size
secondary/exploratory,smids,resnet50,resample,1,1.7766666666666666,0.07691987172809563,5,aps,conformal_mean_set_size
secondary/exploratory,smids,resnet50,resample,2,1.7946666666666666,0.07668840271586772,5,aps,conformal_mean_set_size
secondary/exploratory,smids,resnet50,resample,3,1.812,0.08532942699392232,5,aps,conformal_mean_set_size
secondary/exploratory,smids,resnet50,resample,4,1.8519999999999999,0.09596295581571508,5,aps,conformal_mean_set_size
secondary/exploratory,smids,resnet50,resample,5,1.9100000000000001,0.06359594676112976,5,aps,conformal_mean_set_size
secondary/exploratory,smids,resnet50,shot_noise,1,1.7386666666666666,0.08977131439880383,5,aps,conformal_mean_set_size
secondary/exploratory,smids,resnet50,shot_noise,2,1.7579999999999998,0.10425929215182694,5,aps,conformal_mean_set_size
secondary/exploratory,smids,resnet50,shot_noise,3,1.8146666666666669,0.11248703629011361,5,aps,conformal_mean_set_size
secondary/exploratory,smids,resnet50,shot_noise,4,1.8293333333333333,0.14042396123485787,5,aps,conformal_mean_set_size
secondary/exploratory,smids,resnet50,shot_noise,5,1.8039999999999998,0.1944850751200317,5,aps,conformal_mean_set_size
secondary/exploratory,smids,resnet50,defocus_blur,1,0.898,0.008027729719194836,5,raw_softmax,accuracy
secondary/exploratory,smids,resnet50,defocus_blur,2,0.8993333333333332,0.011642832797715287,5,raw_softmax,accuracy
secondary/exploratory,smids,resnet50,defocus_blur,3,0.8939999999999999,0.011879019787470219,5,raw_softmax,accuracy
secondary/exploratory,smids,resnet50,defocus_blur,4,0.8866666666666667,0.0097182531580755,5,raw_softmax,accuracy
secondary/exploratory,smids,resnet50,defocus_blur,5,0.8766666666666666,0.007071067811865467,5,raw_softmax,accuracy
secondary/exploratory,smids,resnet50,gaussian_noise,1,0.8939999999999999,0.021265517210315457,5,raw_softmax,accuracy
secondary/exploratory,smids,resnet50,gaussian_noise,2,0.8460000000000001,0.024653149449467428,5,raw_softmax,accuracy
secondary/exploratory,smids,resnet50,gaussian_noise,3,0.5513333333333333,0.05326036675302437,5,raw_softmax,accuracy
secondary/exploratory,smids,resnet50,gaussian_noise,4,0.39599999999999996,0.03854290538549937,5,raw_softmax,accuracy
secondary/exploratory,smids,resnet50,gaussian_noise,5,0.3373333333333333,0.019206480387850604,5,raw_softmax,accuracy
secondary/exploratory,smids,resnet50,illumination,1,0.8993333333333332,0.015347819244295098,5,raw_softmax,accuracy
secondary/exploratory,smids,resnet50,illumination,2,0.892,0.015383974345619065,5,raw_softmax,accuracy
secondary/exploratory,smids,resnet50,illumination,3,0.8793333333333333,0.012995725793078622,5,raw_softmax,accuracy
secondary/exploratory,smids,resnet50,illumination,4,0.8533333333333333,0.007817359599705734,5,raw_softmax,accuracy
secondary/exploratory,smids,resnet50,illumination,5,0.8093333333333333,0.024540216425741296,5,raw_softmax,accuracy
secondary/exploratory,smids,resnet50,jpeg,1,0.9053333333333333,0.014259499757471648,5,raw_softmax,accuracy
secondary/exploratory,smids,resnet50,jpeg,2,0.9026666666666667,0.014981470036162806,5,raw_softmax,accuracy
secondary/exploratory,smids,resnet50,jpeg,3,0.9013333333333332,0.016431676725154946,5,raw_softmax,accuracy
secondary/exploratory,smids,resnet50,jpeg,4,0.8633333333333333,0.02068278940998475,5,raw_softmax,accuracy
secondary/exploratory,smids,resnet50,jpeg,5,0.6359999999999999,0.08555050490142584,5,raw_softmax,accuracy
secondary/exploratory,smids,resnet50,motion_blur,1,0.8939999999999999,0.010381607668264979,5,raw_softmax,accuracy
secondary/exploratory,smids,resnet50,motion_blur,2,0.892,0.016599866130651654,5,raw_softmax,accuracy
secondary/exploratory,smids,resnet50,motion_blur,3,0.8626666666666667,0.005962847939999417,5,raw_softmax,accuracy
secondary/exploratory,smids,resnet50,motion_blur,4,0.724,0.055547777233257094,5,raw_softmax,accuracy
secondary/exploratory,smids,resnet50,motion_blur,5,0.5700000000000001,0.049609586887124114,5,raw_softmax,accuracy
secondary/exploratory,smids,resnet50,resample,1,0.8973333333333333,0.012780193008453795,5,raw_softmax,accuracy
secondary/exploratory,smids,resnet50,resample,2,0.8986666666666666,0.012823589374447535,5,raw_softmax,accuracy
secondary/exploratory,smids,resnet50,resample,3,0.8933333333333333,0.011303883305208725,5,raw_softmax,accuracy
secondary/exploratory,smids,resnet50,resample,4,0.8813333333333333,0.014643921757659174,5,raw_softmax,accuracy
secondary/exploratory,smids,resnet50,resample,5,0.8160000000000001,0.027223355985460558,5,raw_softmax,accuracy
secondary/exploratory,smids,resnet50,shot_noise,1,0.8906666666666666,0.017701224063135627,5,raw_softmax,accuracy
secondary/exploratory,smids,resnet50,shot_noise,2,0.8826666666666666,0.009831920802501762,5,raw_softmax,accuracy
secondary/exploratory,smids,resnet50,shot_noise,3,0.8273333333333334,0.02152517905461728,5,raw_softmax,accuracy
secondary/exploratory,smids,resnet50,shot_noise,4,0.5506666666666666,0.04380512400266537,5,raw_softmax,accuracy
secondary/exploratory,smids,resnet50,shot_noise,5,0.3893333333333333,0.02100264533603117,5,raw_softmax,accuracy
secondary/exploratory,smids,resnet50,defocus_blur,1,0.0449762353698412,0.009207473985999453,5,raw_softmax,ece
secondary/exploratory,smids,resnet50,defocus_blur,2,0.044272757788499165,0.0070909067609223235,5,raw_softmax,ece
secondary/exploratory,smids,resnet50,defocus_blur,3,0.052376397073268854,0.007906899889873614,5,raw_softmax,ece
secondary/exploratory,smids,resnet50,defocus_blur,4,0.04805472141504282,0.012762591841104074,5,raw_softmax,ece
secondary/exploratory,smids,resnet50,defocus_blur,5,0.04320308846235272,0.009715541944040729,5,raw_softmax,ece
secondary/exploratory,smids,resnet50,gaussian_noise,1,0.04651496758063634,0.009227585480361405,5,raw_softmax,ece
secondary/exploratory,smids,resnet50,gaussian_noise,2,0.07918881464004514,0.017733830602329588,5,raw_softmax,ece
secondary/exploratory,smids,resnet50,gaussian_noise,3,0.35654257295529046,0.05035069475557142,5,raw_softmax,ece
secondary/exploratory,smids,resnet50,gaussian_noise,4,0.5508645036617915,0.04918167088576615,5,raw_softmax,ece
secondary/exploratory,smids,resnet50,gaussian_noise,5,0.634493274072806,0.0281781766703113,5,raw_softmax,ece
secondary/exploratory,smids,resnet50,illumination,1,0.04675512397289274,0.005885718115993448,5,raw_softmax,ece
secondary/exploratory,smids,resnet50,illumination,2,0.0493497610290845,0.010229530199116352,5,raw_softmax,ece
secondary/exploratory,smids,resnet50,illumination,3,0.057480596184730504,0.005881380809893222,5,raw_softmax,ece
secondary/exploratory,smids,resnet50,illumination,4,0.06300513339042661,0.005482569967953323,5,raw_softmax,ece
secondary/exploratory,smids,resnet50,illumination,5,0.08486697421471275,0.022326697455062213,5,raw_softmax,ece
secondary/exploratory,smids,resnet50,jpeg,1,0.040066149095694184,0.008315382976862669,5,raw_softmax,ece
secondary/exploratory,smids,resnet50,jpeg,2,0.04076993777354554,0.010199662448456714,5,raw_softmax,ece
secondary/exploratory,smids,resnet50,jpeg,3,0.0368908543984095,0.009816699710608405,5,raw_softmax,ece
secondary/exploratory,smids,resnet50,jpeg,4,0.05405211246013636,0.010330384117418876,5,raw_softmax,ece
secondary/exploratory,smids,resnet50,jpeg,5,0.2341899886926015,0.07642797474479415,5,raw_softmax,ece
secondary/exploratory,smids,resnet50,motion_blur,1,0.048556976219018236,0.008167028327925901,5,raw_softmax,ece
secondary/exploratory,smids,resnet50,motion_blur,2,0.049550048967202484,0.010056165121193065,5,raw_softmax,ece
secondary/exploratory,smids,resnet50,motion_blur,3,0.06248243691523864,0.009442905938114308,5,raw_softmax,ece
secondary/exploratory,smids,resnet50,motion_blur,4,0.13970143926143647,0.05006255708001714,5,raw_softmax,ece
secondary/exploratory,smids,resnet50,motion_blur,5,0.29195142817497244,0.060509861511837765,5,raw_softmax,ece
secondary/exploratory,smids,resnet50,resample,1,0.04962528546651196,0.002980623871799984,5,raw_softmax,ece
secondary/exploratory,smids,resnet50,resample,2,0.052289389272530816,0.009616431211323728,5,raw_softmax,ece
secondary/exploratory,smids,resnet50,resample,3,0.04605090167125062,0.012475279059003395,5,raw_softmax,ece
secondary/exploratory,smids,resnet50,resample,4,0.04661690042416248,0.008982948141307623,5,raw_softmax,ece
secondary/exploratory,smids,resnet50,resample,5,0.08431176986296972,0.010115841569559324,5,raw_softmax,ece
secondary/exploratory,smids,resnet50,shot_noise,1,0.0476935364802678,0.007297407501097836,5,raw_softmax,ece
secondary/exploratory,smids,resnet50,shot_noise,2,0.04946267517407734,0.013058302280546821,5,raw_softmax,ece
secondary/exploratory,smids,resnet50,shot_noise,3,0.0918185152014096,0.027703149337059314,5,raw_softmax,ece
secondary/exploratory,smids,resnet50,shot_noise,4,0.34089863946040466,0.06577951517479402,5,raw_softmax,ece
secondary/exploratory,smids,resnet50,shot_noise,5,0.5415138774315517,0.04722700535598493,5,raw_softmax,ece
secondary/exploratory,smids,resnet50,defocus_blur,1,0.18638526499271388,0.03616759156514859,5,raw_softmax,mean_predictive_entropy
secondary/exploratory,smids,resnet50,defocus_blur,2,0.19094587266445157,0.03454610506567204,5,raw_softmax,mean_predictive_entropy
secondary/exploratory,smids,resnet50,defocus_blur,3,0.20486252605915065,0.042806822894746216,5,raw_softmax,mean_predictive_entropy
secondary/exploratory,smids,resnet50,defocus_blur,4,0.21608130037784576,0.04431621212881731,5,raw_softmax,mean_predictive_entropy
secondary/exploratory,smids,resnet50,defocus_blur,5,0.25968387722969055,0.05402479391102242,5,raw_softmax,mean_predictive_entropy
secondary/exploratory,smids,resnet50,gaussian_noise,1,0.20475394725799556,0.02555589390565521,5,raw_softmax,mean_predictive_entropy
secondary/exploratory,smids,resnet50,gaussian_noise,2,0.23995850086212153,0.034040849077947785,5,raw_softmax,mean_predictive_entropy
secondary/exploratory,smids,resnet50,gaussian_noise,3,0.2568063348531723,0.03019477876154623,5,raw_softmax,mean_predictive_entropy
secondary/exploratory,smids,resnet50,gaussian_noise,4,0.16379269361495966,0.028006077479454095,5,raw_softmax,mean_predictive_entropy
secondary/exploratory,smids,resnet50,gaussian_noise,5,0.10642875134944911,0.036248578232092606,5,raw_softmax,mean_predictive_entropy
secondary/exploratory,smids,resnet50,illumination,1,0.19073906242847438,0.032378105630629934,5,raw_softmax,mean_predictive_entropy
secondary/exploratory,smids,resnet50,illumination,2,0.20271408855915066,0.030521230073208887,5,raw_softmax,mean_predictive_entropy
secondary/exploratory,smids,resnet50,illumination,3,0.22722847163677212,0.03237955077199264,5,raw_softmax,mean_predictive_entropy
secondary/exploratory,smids,resnet50,illumination,4,0.2589447319507599,0.029599250261565208,5,raw_softmax,mean_predictive_entropy
secondary/exploratory,smids,resnet50,illumination,5,0.3067513883113861,0.03692835427696515,5,raw_softmax,mean_predictive_entropy
secondary/exploratory,smids,resnet50,jpeg,1,0.19220344424247737,0.04067941756766213,5,raw_softmax,mean_predictive_entropy
secondary/exploratory,smids,resnet50,jpeg,2,0.2018406599760055,0.045984207457841514,5,raw_softmax,mean_predictive_entropy
secondary/exploratory,smids,resnet50,jpeg,3,0.2245868533849716,0.05631158258153396,5,raw_softmax,mean_predictive_entropy
secondary/exploratory,smids,resnet50,jpeg,4,0.25750336349010466,0.06999702629815871,5,raw_softmax,mean_predictive_entropy
secondary/exploratory,smids,resnet50,jpeg,5,0.3485437333583832,0.022465335709034025,5,raw_softmax,mean_predictive_entropy
secondary/exploratory,smids,resnet50,motion_blur,1,0.1945542901754379,0.03905287967512189,5,raw_softmax,mean_predictive_entropy
secondary/exploratory,smids,resnet50,motion_blur,2,0.21080717146396633,0.04038445337803884,5,raw_softmax,mean_predictive_entropy
secondary/exploratory,smids,resnet50,motion_blur,3,0.2548442125320434,0.049987910516225226,5,raw_softmax,mean_predictive_entropy
secondary/exploratory,smids,resnet50,motion_blur,4,0.35835633873939515,0.04515880797877201,5,raw_softmax,mean_predictive_entropy
secondary/exploratory,smids,resnet50,motion_blur,5,0.3572508871555328,0.04711621943526387,5,raw_softmax,mean_predictive_entropy
secondary/exploratory,smids,resnet50,resample,1,0.19797532558441158,0.03939343642922792,5,raw_softmax,mean_predictive_entropy
secondary/exploratory,smids,resnet50,resample,2,0.20241360962390895,0.03921609716388354,5,raw_softmax,mean_predictive_entropy
secondary/exploratory,smids,resnet50,resample,3,0.20959078371524806,0.041627342705667376,5,raw_softmax,mean_predictive_entropy
secondary/exploratory,smids,resnet50,resample,4,0.22614091038703918,0.04342644456091623,5,raw_softmax,mean_predictive_entropy
secondary/exploratory,smids,resnet50,resample,5,0.3121318638324737,0.054729027932950036,5,raw_softmax,mean_predictive_entropy
secondary/exploratory,smids,resnet50,shot_noise,1,0.1932979643344879,0.02757721674231507,5,raw_softmax,mean_predictive_entropy
secondary/exploratory,smids,resnet50,shot_noise,2,0.19661885797977444,0.029704765068025146,5,raw_softmax,mean_predictive_entropy
secondary/exploratory,smids,resnet50,shot_noise,3,0.24321953356266018,0.023007905037844445,5,raw_softmax,mean_predictive_entropy
secondary/exploratory,smids,resnet50,shot_noise,4,0.2676450610160827,0.05083794461139101,5,raw_softmax,mean_predictive_entropy
secondary/exploratory,smids,resnet50,shot_noise,5,0.19153406918048857,0.09273940641186852,5,raw_softmax,mean_predictive_entropy
secondary/exploratory,smids,resnet50,defocus_blur,1,0.0483333333333333,0.008640183897219877,5,raw_softmax,risk_at_80_coverage
secondary/exploratory,smids,resnet50,defocus_blur,2,0.05166666666666664,0.008640183897219867,5,raw_softmax,risk_at_80_coverage
secondary/exploratory,smids,resnet50,defocus_blur,3,0.0508333333333333,0.009033118078616151,5,raw_softmax,risk_at_80_coverage
secondary/exploratory,smids,resnet50,defocus_blur,4,0.05333333333333332,0.006846531968814578,5,raw_softmax,risk_at_80_coverage
secondary/exploratory,smids,resnet50,defocus_blur,5,0.07166666666666663,0.00903311807861617,5,raw_softmax,risk_at_80_coverage
secondary/exploratory,smids,resnet50,gaussian_noise,1,0.05166666666666662,0.014006446928309699,5,raw_softmax,risk_at_80_coverage
secondary/exploratory,smids,resnet50,gaussian_noise,2,0.1033333333333333,0.025752561900604078,5,raw_softmax,risk_at_80_coverage
secondary/exploratory,smids,resnet50,gaussian_noise,3,0.4208333333333333,0.057960115596848126,5,raw_softmax,risk_at_80_coverage
secondary/exploratory,smids,resnet50,gaussian_noise,4,0.5766666666666667,0.036514837167011066,5,raw_softmax,risk_at_80_coverage
secondary/exploratory,smids,resnet50,gaussian_noise,5,0.6416666666666667,0.03159531435021481,5,raw_softmax,risk_at_80_coverage
secondary/exploratory,smids,resnet50,illumination,1,0.05416666666666662,0.007795119555779023,5,raw_softmax,risk_at_80_coverage
secondary/exploratory,smids,resnet50,illumination,2,0.05666666666666664,0.01045825033167595,5,raw_softmax,risk_at_80_coverage
secondary/exploratory,smids,resnet50,illumination,3,0.06833333333333332,0.006319062870042961,5,raw_softmax,risk_at_80_coverage
secondary/exploratory,smids,resnet50,illumination,4,0.0908333333333333,0.011931517552730305,5,raw_softmax,risk_at_80_coverage
secondary/exploratory,smids,resnet50,illumination,5,0.13833333333333328,0.028012893856619345,5,raw_softmax,risk_at_80_coverage
secondary/exploratory,smids,resnet50,jpeg,1,0.04416666666666662,0.008122328620674137,5,raw_softmax,risk_at_80_coverage
secondary/exploratory,smids,resnet50,jpeg,2,0.04249999999999998,0.005432668671002206,5,raw_softmax,risk_at_80_coverage
secondary/exploratory,smids,resnet50,jpeg,3,0.049166666666666636,0.010785149254620633,5,raw_softmax,risk_at_80_coverage
secondary/exploratory,smids,resnet50,jpeg,4,0.07916666666666664,0.021850184336878162,5,raw_softmax,risk_at_80_coverage
secondary/exploratory,smids,resnet50,jpeg,5,0.3125,0.09109671295448102,5,raw_softmax,risk_at_80_coverage
secondary/exploratory,smids,resnet50,motion_blur,1,0.055833333333333304,0.008122328620674156,5,raw_softmax,risk_at_80_coverage
secondary/exploratory,smids,resnet50,motion_blur,2,0.0533333333333333,0.008014743359029745,5,raw_softmax,risk_at_80_coverage
secondary/exploratory,smids,resnet50,motion_blur,3,0.07999999999999999,0.01118033988749895,5,raw_softmax,risk_at_80_coverage
secondary/exploratory,smids,resnet50,motion_blur,4,0.22249999999999998,0.06099578765055104,5,raw_softmax,risk_at_80_coverage
secondary/exploratory,smids,resnet50,motion_blur,5,0.40583333333333327,0.06644494379225219,5,raw_softmax,risk_at_80_coverage
secondary/exploratory,smids,resnet50,resample,1,0.05166666666666664,0.009592387027684437,5,raw_softmax,risk_at_80_coverage
secondary/exploratory,smids,resnet50,resample,2,0.04999999999999996,0.012147816447594387,5,raw_softmax,risk_at_80_coverage
secondary/exploratory,smids,resnet50,resample,3,0.048333333333333325,0.010458250331675958,5,raw_softmax,risk_at_80_coverage
secondary/exploratory,smids,resnet50,resample,4,0.060833333333333274,0.012004050242406592,5,raw_softmax,risk_at_80_coverage
secondary/exploratory,smids,resnet50,resample,5,0.13833333333333328,0.02173067468400882,5,raw_softmax,risk_at_80_coverage
secondary/exploratory,smids,resnet50,shot_noise,1,0.053333333333333274,0.0018633899812497932,5,raw_softmax,risk_at_80_coverage
secondary/exploratory,smids,resnet50,shot_noise,2,0.05249999999999998,0.008122328620674153,5,raw_softmax,risk_at_80_coverage
secondary/exploratory,smids,resnet50,shot_noise,3,0.12083333333333328,0.026020824993326648,5,raw_softmax,risk_at_80_coverage
secondary/exploratory,smids,resnet50,shot_noise,4,0.41666666666666663,0.051285556771213235,5,raw_softmax,risk_at_80_coverage
secondary/exploratory,smids,resnet50,shot_noise,5,0.5833333333333333,0.015866193970549808,5,raw_softmax,risk_at_80_coverage
secondary/exploratory,smids,xception,defocus_blur,1,0.9877777777777776,0.0038490017945976103,3,aps,conformal_coverage
secondary/exploratory,smids,xception,defocus_blur,2,0.9899999999999999,0.0,3,aps,conformal_coverage
secondary/exploratory,smids,xception,defocus_blur,3,0.9888888888888888,0.005091750772173173,3,aps,conformal_coverage
secondary/exploratory,smids,xception,defocus_blur,4,0.9833333333333334,0.0057735026918962545,3,aps,conformal_coverage
secondary/exploratory,smids,xception,defocus_blur,5,0.9666666666666667,0.01666666666666662,3,aps,conformal_coverage
secondary/exploratory,smids,xception,gaussian_noise,1,0.9844444444444443,0.011706281947614213,3,aps,conformal_coverage
secondary/exploratory,smids,xception,gaussian_noise,2,0.9155555555555556,0.012619796324000645,3,aps,conformal_coverage
secondary/exploratory,smids,xception,gaussian_noise,3,0.7333333333333334,0.0693621734889494,3,aps,conformal_coverage
secondary/exploratory,smids,xception,gaussian_noise,4,0.6699999999999999,0.02333333333333331,3,aps,conformal_coverage
secondary/exploratory,smids,xception,gaussian_noise,5,0.7000000000000001,0.055677643628300175,3,aps,conformal_coverage
secondary/exploratory,smids,xception,illumination,1,0.9899999999999999,0.0033333333333331883,3,aps,conformal_coverage
secondary/exploratory,smids,xception,illumination,2,0.9866666666666667,0.003333333333333424,3,aps,conformal_coverage
secondary/exploratory,smids,xception,illumination,3,0.9755555555555556,0.0069388866648870205,3,aps,conformal_coverage
secondary/exploratory,smids,xception,illumination,4,0.9644444444444445,0.013471506281091204,3,aps,conformal_coverage
secondary/exploratory,smids,xception,illumination,5,0.9433333333333334,0.010000000000000078,3,aps,conformal_coverage
secondary/exploratory,smids,xception,jpeg,1,0.9866666666666667,0.0066666666666666125,3,aps,conformal_coverage
secondary/exploratory,smids,xception,jpeg,2,0.9833333333333334,0.005773502691896279,3,aps,conformal_coverage
secondary/exploratory,smids,xception,jpeg,3,0.9855555555555554,0.003849001794597586,3,aps,conformal_coverage
secondary/exploratory,smids,xception,jpeg,4,0.98,0.0033333333333331883,3,aps,conformal_coverage
secondary/exploratory,smids,xception,jpeg,5,0.9644444444444445,0.0138777733297742,3,aps,conformal_coverage
secondary/exploratory,smids,xception,motion_blur,1,0.9833333333333331,0.0,3,aps,conformal_coverage
secondary/exploratory,smids,xception,motion_blur,2,0.9855555555555556,0.007698003589194947,3,aps,conformal_coverage
secondary/exploratory,smids,xception,motion_blur,3,0.9655555555555556,0.010183501544346326,3,aps,conformal_coverage
secondary/exploratory,smids,xception,motion_blur,4,0.91,0.0033333333333332993,3,aps,conformal_coverage
secondary/exploratory,smids,xception,motion_blur,5,0.8388888888888889,0.005091750772173152,3,aps,conformal_coverage
secondary/exploratory,smids,xception,resample,1,0.9888888888888889,0.0019245008972986687,3,aps,conformal_coverage
secondary/exploratory,smids,xception,resample,2,0.991111111111111,0.006938886664887234,3,aps,conformal_coverage
secondary/exploratory,smids,xception,resample,3,0.9822222222222222,0.003849001794597586,3,aps,conformal_coverage
secondary/exploratory,smids,xception,resample,4,0.9755555555555556,0.009622504486493865,3,aps,conformal_coverage
secondary/exploratory,smids,xception,resample,5,0.9555555555555556,0.018954135676924527,3,aps,conformal_coverage
secondary/exploratory,smids,xception,shot_noise,1,0.9855555555555554,0.006938886664887052,3,aps,conformal_coverage
secondary/exploratory,smids,xception,shot_noise,2,0.9777777777777777,0.006938886664887072,3,aps,conformal_coverage
secondary/exploratory,smids,xception,shot_noise,3,0.9733333333333333,0.008819171036881832,3,aps,conformal_coverage
secondary/exploratory,smids,xception,shot_noise,4,0.8766666666666666,0.04910306620885412,3,aps,conformal_coverage
secondary/exploratory,smids,xception,shot_noise,5,0.7111111111111111,0.06003085626328931,3,aps,conformal_coverage
secondary/exploratory,smids,xception,defocus_blur,1,1.8711111111111112,0.03079201435678008,3,aps,conformal_mean_set_size
secondary/exploratory,smids,xception,defocus_blur,2,1.8833333333333335,0.03527668414752767,3,aps,conformal_mean_set_size
secondary/exploratory,smids,xception,defocus_blur,3,1.982222222222222,0.010715167512214319,3,aps,conformal_mean_set_size
secondary/exploratory,smids,xception,defocus_blur,4,1.9988888888888887,0.0019245008972989092,3,aps,conformal_mean_set_size
secondary/exploratory,smids,xception,defocus_blur,5,2.0,0.0,3,aps,conformal_mean_set_size
secondary/exploratory,smids,xception,gaussian_noise,1,1.8733333333333333,0.01855921454276652,3,aps,conformal_mean_set_size
secondary/exploratory,smids,xception,gaussian_noise,2,1.9388888888888889,0.038634085890475164,3,aps,conformal_mean_set_size
secondary/exploratory,smids,xception,gaussian_noise,3,1.9755555555555553,0.03948745698648185,3,aps,conformal_mean_set_size
secondary/exploratory,smids,xception,gaussian_noise,4,1.9733333333333334,0.046188021535170085,3,aps,conformal_mean_set_size
secondary/exploratory,smids,xception,gaussian_noise,5,1.978888888888889,0.03656551704867631,3,aps,conformal_mean_set_size
secondary/exploratory,smids,xception,illumination,1,1.8977777777777778,0.030971910810591863,3,aps,conformal_mean_set_size
secondary/exploratory,smids,xception,illumination,2,1.9322222222222223,0.025458753860865706,3,aps,conformal_mean_set_size
secondary/exploratory,smids,xception,illumination,3,1.9622222222222223,0.012619796324000402,3,aps,conformal_mean_set_size
secondary/exploratory,smids,xception,illumination,4,1.973333333333333,0.005773502691896343,3,aps,conformal_mean_set_size
secondary/exploratory,smids,xception,illumination,5,1.9811111111111108,0.005091750772173092,3,aps,conformal_mean_set_size
secondary/exploratory,smids,xception,jpeg,1,1.8977777777777778,0.015396007178390118,3,aps,conformal_mean_set_size
secondary/exploratory,smids,xception,jpeg,2,1.9088888888888889,0.03168128317640712,3,aps,conformal_mean_set_size
secondary/exploratory,smids,xception,jpeg,3,1.931111111111111,0.04194352464039298,3,aps,conformal_mean_set_size
secondary/exploratory,smids,xception,jpeg,4,1.9677777777777778,0.020367003088692607,3,aps,conformal_mean_set_size
secondary/exploratory,smids,xception,jpeg,5,1.997777777777778,0.0038490017945973375,3,aps,conformal_mean_set_size
secondary/exploratory,smids,xception,motion_blur,1,1.9166666666666667,0.010000000000000064,3,aps,conformal_mean_set_size
secondary/exploratory,smids,xception,motion_blur,2,1.9366666666666668,0.008819171036882005,3,aps,conformal_mean_set_size
secondary/exploratory,smids,xception,motion_blur,3,1.9622222222222223,0.018358568490953575,3,aps,conformal_mean_set_size
secondary/exploratory,smids,xception,motion_blur,4,1.9988888888888887,0.0019245008972989092,3,aps,conformal_mean_set_size
secondary/exploratory,smids,xception,motion_blur,5,2.0,0.0,3,aps,conformal_mean_set_size
secondary/exploratory,smids,xception,resample,1,1.9322222222222223,0.01575271875417532,3,aps,conformal_mean_set_size
secondary/exploratory,smids,xception,resample,2,1.9722222222222223,0.01503083250940943,3,aps,conformal_mean_set_size
secondary/exploratory,smids,xception,resample,3,1.99,0.0066666666666663765,3,aps,conformal_mean_set_size
secondary/exploratory,smids,xception,resample,4,1.997777777777778,0.0038490017945973375,3,aps,conformal_mean_set_size
secondary/exploratory,smids,xception,resample,5,2.0,0.0,3,aps,conformal_mean_set_size
secondary/exploratory,smids,xception,shot_noise,1,1.8999999999999997,0.006666666666666821,3,aps,conformal_mean_set_size
secondary/exploratory,smids,xception,shot_noise,2,1.982222222222222,0.0038490017945973375,3,aps,conformal_mean_set_size
secondary/exploratory,smids,xception,shot_noise,3,2.0,0.0,3,aps,conformal_mean_set_size
secondary/exploratory,smids,xception,shot_noise,4,2.0,0.0,3,aps,conformal_mean_set_size
secondary/exploratory,smids,xception,shot_noise,5,2.0,0.0,3,aps,conformal_mean_set_size
secondary/exploratory,smids,xception,defocus_blur,1,0.888888888888889,0.02009237924447236,3,raw_softmax,accuracy
secondary/exploratory,smids,xception,defocus_blur,2,0.8888888888888888,0.026736020923368825,3,raw_softmax,accuracy
secondary/exploratory,smids,xception,defocus_blur,3,0.8711111111111111,0.0096225044864938,3,raw_softmax,accuracy
secondary/exploratory,smids,xception,defocus_blur,4,0.8722222222222222,0.02912298316018034,3,raw_softmax,accuracy
secondary/exploratory,smids,xception,defocus_blur,5,0.8011111111111111,0.02795499027868701,3,raw_softmax,accuracy
secondary/exploratory,smids,xception,gaussian_noise,1,0.8666666666666667,0.03711842908553348,3,raw_softmax,accuracy
secondary/exploratory,smids,xception,gaussian_noise,2,0.6999999999999998,0.029627314724385286,3,raw_softmax,accuracy
secondary/exploratory,smids,xception,gaussian_noise,3,0.36222222222222217,0.017105338131489577,3,raw_softmax,accuracy
secondary/exploratory,smids,xception,gaussian_noise,4,0.32444444444444437,0.0019245008972987368,3,raw_softmax,accuracy
secondary/exploratory,smids,xception,gaussian_noise,5,0.32444444444444437,0.001924500897298725,3,raw_softmax,accuracy
secondary/exploratory,smids,xception,illumination,1,0.8922222222222222,0.015030832509409592,3,raw_softmax,accuracy
secondary/exploratory,smids,xception,illumination,2,0.8833333333333333,0.020816659994661358,3,raw_softmax,accuracy
secondary/exploratory,smids,xception,illumination,3,0.8655555555555555,0.030792014356780063,3,raw_softmax,accuracy
secondary/exploratory,smids,xception,illumination,4,0.8366666666666666,0.037564758898615484,3,raw_softmax,accuracy
secondary/exploratory,smids,xception,illumination,5,0.758888888888889,0.050479185296002406,3,raw_softmax,accuracy
secondary/exploratory,smids,xception,jpeg,1,0.8711111111111111,0.01835856849095364,3,raw_softmax,accuracy
secondary/exploratory,smids,xception,jpeg,2,0.8688888888888888,0.0195315509236077,3,raw_softmax,accuracy
secondary/exploratory,smids,xception,jpeg,3,0.8766666666666666,0.026034165586355507,3,raw_softmax,accuracy
secondary/exploratory,smids,xception,jpeg,4,0.8577777777777778,0.021169509870286263,3,raw_softmax,accuracy
secondary/exploratory,smids,xception,jpeg,5,0.8044444444444445,0.05388602512436508,3,raw_softmax,accuracy
secondary/exploratory,smids,xception,motion_blur,1,0.8577777777777778,0.00962250448649373,3,raw_softmax,accuracy
secondary/exploratory,smids,xception,motion_blur,2,0.8455555555555555,0.03097191081059187,3,raw_softmax,accuracy
secondary/exploratory,smids,xception,motion_blur,3,0.8155555555555556,0.04286067004885756,3,raw_softmax,accuracy
secondary/exploratory,smids,xception,motion_blur,4,0.6422222222222222,0.026943012562182518,3,raw_softmax,accuracy
secondary/exploratory,smids,xception,motion_blur,5,0.47,0.028480012484391738,3,raw_softmax,accuracy
secondary/exploratory,smids,xception,resample,1,0.8788888888888889,0.01387777332977426,3,raw_softmax,accuracy
secondary/exploratory,smids,xception,resample,2,0.8744444444444445,0.024113927126900792,3,raw_softmax,accuracy
secondary/exploratory,smids,xception,resample,3,0.8711111111111111,0.021688023662159012,3,raw_softmax,accuracy
secondary/exploratory,smids,xception,resample,4,0.8466666666666667,0.03711842908553348,3,raw_softmax,accuracy
secondary/exploratory,smids,xception,resample,5,0.7811111111111111,0.021688023662159068,3,raw_softmax,accuracy
secondary/exploratory,smids,xception,shot_noise,1,0.8722222222222222,0.0309719108105919,3,raw_softmax,accuracy
secondary/exploratory,smids,xception,shot_noise,2,0.861111111111111,0.020092379244472387,3,raw_softmax,accuracy
secondary/exploratory,smids,xception,shot_noise,3,0.8444444444444444,0.001924500897298749,3,raw_softmax,accuracy
secondary/exploratory,smids,xception,shot_noise,4,0.6844444444444444,0.08335555259338248,3,raw_softmax,accuracy
secondary/exploratory,smids,xception,shot_noise,5,0.35888888888888887,0.0283496684937179,3,raw_softmax,accuracy
secondary/exploratory,smids,xception,defocus_blur,1,0.0565043414632479,0.017552216950972692,3,raw_softmax,ece
secondary/exploratory,smids,xception,defocus_blur,2,0.0475223233302434,0.015765462303842997,3,raw_softmax,ece
secondary/exploratory,smids,xception,defocus_blur,3,0.05644581248362853,0.035217622154211724,3,raw_softmax,ece
secondary/exploratory,smids,xception,defocus_blur,4,0.06318125324116809,0.04150383503764407,3,raw_softmax,ece
secondary/exploratory,smids,xception,defocus_blur,5,0.0632910530765851,0.036922468094641815,3,raw_softmax,ece
secondary/exploratory,smids,xception,gaussian_noise,1,0.048580245408746926,0.01702598238608989,3,raw_softmax,ece
secondary/exploratory,smids,xception,gaussian_noise,2,0.15743850724564656,0.04711111856459608,3,raw_softmax,ece
secondary/exploratory,smids,xception,gaussian_noise,3,0.5464594107204013,0.07164881233065754,3,raw_softmax,ece
secondary/exploratory,smids,xception,gaussian_noise,4,0.5902672369612588,0.0758043474575665,3,raw_softmax,ece
secondary/exploratory,smids,xception,gaussian_noise,5,0.4301093629002571,0.22066592091932982,3,raw_softmax,ece
secondary/exploratory,smids,xception,illumination,1,0.05769225733147724,0.013893488218089962,3,raw_softmax,ece
secondary/exploratory,smids,xception,illumination,2,0.053332074516349304,0.01945180495376344,3,raw_softmax,ece
secondary/exploratory,smids,xception,illumination,3,0.05499273074997787,0.039495215561218495,3,raw_softmax,ece
secondary/exploratory,smids,xception,illumination,4,0.06192270752456447,0.02120698746243043,3,raw_softmax,ece
secondary/exploratory,smids,xception,illumination,5,0.08039094242784707,0.04593902219602459,3,raw_softmax,ece
secondary/exploratory,smids,xception,jpeg,1,0.05665967388285526,0.013160421414290122,3,raw_softmax,ece
secondary/exploratory,smids,xception,jpeg,2,0.05174236632055703,0.01101168957660952,3,raw_softmax,ece
secondary/exploratory,smids,xception,jpeg,3,0.05510155614879394,0.02604502021954866,3,raw_softmax,ece
secondary/exploratory,smids,xception,jpeg,4,0.050451298620965666,0.030082964460289182,3,raw_softmax,ece
secondary/exploratory,smids,xception,jpeg,5,0.055761256085501774,0.004933911410510237,3,raw_softmax,ece
secondary/exploratory,smids,xception,motion_blur,1,0.05884276923206114,0.024602650679639147,3,raw_softmax,ece
secondary/exploratory,smids,xception,motion_blur,2,0.05151469763782283,0.022313304937113674,3,raw_softmax,ece
secondary/exploratory,smids,xception,motion_blur,3,0.04971155918306767,0.012222213159697326,3,raw_softmax,ece
secondary/exploratory,smids,xception,motion_blur,4,0.14210628665155833,0.057645762105054225,3,raw_softmax,ece
secondary/exploratory,smids,xception,motion_blur,5,0.3267053387231297,0.0999064101425271,3,raw_softmax,ece
secondary/exploratory,smids,xception,resample,1,0.05170412030484933,0.011983659666942526,3,raw_softmax,ece
secondary/exploratory,smids,xception,resample,2,0.06290178491009603,0.024297269730855966,3,raw_softmax,ece
secondary/exploratory,smids,xception,resample,3,0.05293688986036504,0.03429646016076436,3,raw_softmax,ece
secondary/exploratory,smids,xception,resample,4,0.058359785146183396,0.03889133542564874,3,raw_softmax,ece
secondary/exploratory,smids,xception,resample,5,0.0717261355784204,0.031223573213804617,3,raw_softmax,ece
secondary/exploratory,smids,xception,shot_noise,1,0.050279342664612564,0.0076780722449898775,3,raw_softmax,ece
secondary/exploratory,smids,xception,shot_noise,2,0.054200241135226306,0.013185944134994737,3,raw_softmax,ece
secondary/exploratory,smids,xception,shot_noise,3,0.06916088309552927,0.04160117332554352,3,raw_softmax,ece
secondary/exploratory,smids,xception,shot_noise,4,0.12280143456326587,0.040153669407356506,3,raw_softmax,ece
secondary/exploratory,smids,xception,shot_noise,5,0.2413461309009128,0.21628608058921633,3,raw_softmax,ece
secondary/exploratory,smids,xception,defocus_blur,1,0.2811098794142404,0.14964285932515767,3,raw_softmax,mean_predictive_entropy
secondary/exploratory,smids,xception,defocus_blur,2,0.29126141468683875,0.14834436085163866,3,raw_softmax,mean_predictive_entropy
secondary/exploratory,smids,xception,defocus_blur,3,0.3740471601486206,0.1587927371427472,3,raw_softmax,mean_predictive_entropy
secondary/exploratory,smids,xception,defocus_blur,4,0.4136001467704773,0.16854528930159812,3,raw_softmax,mean_predictive_entropy
secondary/exploratory,smids,xception,defocus_blur,5,0.5198167363802592,0.17851191318649506,3,raw_softmax,mean_predictive_entropy
secondary/exploratory,smids,xception,gaussian_noise,1,0.31631993254025775,0.14778642872789724,3,raw_softmax,mean_predictive_entropy
secondary/exploratory,smids,xception,gaussian_noise,2,0.4061628480752309,0.1407608099798371,3,raw_softmax,mean_predictive_entropy
secondary/exploratory,smids,xception,gaussian_noise,3,0.2705746640761693,0.1703584861875575,3,raw_softmax,mean_predictive_entropy
secondary/exploratory,smids,xception,gaussian_noise,4,0.2979925684630871,0.24224108130251476,3,raw_softmax,mean_predictive_entropy
secondary/exploratory,smids,xception,gaussian_noise,5,0.583778502419591,0.48700772544003645,3,raw_softmax,mean_predictive_entropy
secondary/exploratory,smids,xception,illumination,1,0.29340420663356775,0.1573081406223463,3,raw_softmax,mean_predictive_entropy
secondary/exploratory,smids,xception,illumination,2,0.3227568765481313,0.16676395502637242,3,raw_softmax,mean_predictive_entropy
secondary/exploratory,smids,xception,illumination,3,0.37339451412359875,0.1758839210154514,3,raw_softmax,mean_predictive_entropy
secondary/exploratory,smids,xception,illumination,4,0.4385678668816884,0.17331738503819605,3,raw_softmax,mean_predictive_entropy
secondary/exploratory,smids,xception,illumination,5,0.48936982949574787,0.163781732405688,3,raw_softmax,mean_predictive_entropy
secondary/exploratory,smids,xception,jpeg,1,0.30172265569369,0.1455372381333344,3,raw_softmax,mean_predictive_entropy
secondary/exploratory,smids,xception,jpeg,2,0.3189713209867477,0.14920091161979182,3,raw_softmax,mean_predictive_entropy
secondary/exploratory,smids,xception,jpeg,3,0.33515180647373194,0.15018791428542674,3,raw_softmax,mean_predictive_entropy
secondary/exploratory,smids,xception,jpeg,4,0.3729884922504425,0.146729524631124,3,raw_softmax,mean_predictive_entropy
secondary/exploratory,smids,xception,jpeg,5,0.485123614470164,0.1548997022779967,3,raw_softmax,mean_predictive_entropy
secondary/exploratory,smids,xception,motion_blur,1,0.34807607034842175,0.1570773611657051,3,raw_softmax,mean_predictive_entropy
secondary/exploratory,smids,xception,motion_blur,2,0.3839426686366399,0.16302368768824188,3,raw_softmax,mean_predictive_entropy
secondary/exploratory,smids,xception,motion_blur,3,0.44841015338897705,0.14717260401405266,3,raw_softmax,mean_predictive_entropy
secondary/exploratory,smids,xception,motion_blur,4,0.5296586553255717,0.13216464552032814,3,raw_softmax,mean_predictive_entropy
secondary/exploratory,smids,xception,motion_blur,5,0.517045130332311,0.16979114567311696,3,raw_softmax,mean_predictive_entropy
secondary/exploratory,smids,xception,resample,1,0.3213990082343419,0.14843149070792933,3,raw_softmax,mean_predictive_entropy
secondary/exploratory,smids,xception,resample,2,0.3488764266173045,0.15457432415857716,3,raw_softmax,mean_predictive_entropy
secondary/exploratory,smids,xception,resample,3,0.3814416229724884,0.1599682213090662,3,raw_softmax,mean_predictive_entropy
secondary/exploratory,smids,xception,resample,4,0.44655948877334595,0.16388431797350342,3,raw_softmax,mean_predictive_entropy
secondary/exploratory,smids,xception,resample,5,0.5574465195337931,0.16302663150298746,3,raw_softmax,mean_predictive_entropy
secondary/exploratory,smids,xception,shot_noise,1,0.30791166921456653,0.1474683025745396,3,raw_softmax,mean_predictive_entropy
secondary/exploratory,smids,xception,shot_noise,2,0.35523734986782074,0.16625633083637123,3,raw_softmax,mean_predictive_entropy
secondary/exploratory,smids,xception,shot_noise,3,0.43408525983492535,0.17516775839867132,3,raw_softmax,mean_predictive_entropy
secondary/exploratory,smids,xception,shot_noise,4,0.6485933760801951,0.21944338580293474,3,raw_softmax,mean_predictive_entropy
secondary/exploratory,smids,xception,shot_noise,5,0.8083415230115255,0.3852450345149487,3,raw_softmax,mean_predictive_entropy
secondary/exploratory,smids,xception,defocus_blur,1,0.054166666666666634,0.016666666666666653,3,raw_softmax,risk_at_80_coverage
secondary/exploratory,smids,xception,defocus_blur,2,0.04861111111111107,0.012028130608117242,3,raw_softmax,risk_at_80_coverage
secondary/exploratory,smids,xception,defocus_blur,3,0.06666666666666667,0.007216878364870318,3,raw_softmax,risk_at_80_coverage
secondary/exploratory,smids,xception,defocus_blur,4,0.07777777777777774,0.006364688465216434,3,raw_softmax,risk_at_80_coverage
secondary/exploratory,smids,xception,defocus_blur,5,0.12916666666666662,0.027322660517924965,3,raw_softmax,risk_at_80_coverage
secondary/exploratory,smids,xception,gaussian_noise,1,0.07777777777777774,0.022948210613692073,3,raw_softmax,risk_at_80_coverage
secondary/exploratory,smids,xception,gaussian_noise,2,0.23749999999999996,0.03818813079129867,3,raw_softmax,risk_at_80_coverage
secondary/exploratory,smids,xception,gaussian_noise,3,0.6069444444444444,0.030142408908625982,3,raw_softmax,risk_at_80_coverage
secondary/exploratory,smids,xception,gaussian_noise,4,0.6666666666666666,0.036324157862838956,3,raw_softmax,risk_at_80_coverage
secondary/exploratory,smids,xception,gaussian_noise,5,0.6680555555555556,0.023692669596155548,3,raw_softmax,risk_at_80_coverage
secondary/exploratory,smids,xception,illumination,1,0.05277777777777773,0.021381672664362035,3,raw_softmax,risk_at_80_coverage
secondary/exploratory,smids,xception,illumination,2,0.06111111111111107,0.026787918780535974,3,raw_softmax,risk_at_80_coverage
secondary/exploratory,smids,xception,illumination,3,0.07361111111111111,0.02511547405559045,3,raw_softmax,risk_at_80_coverage
secondary/exploratory,smids,xception,illumination,4,0.10277777777777773,0.03367876570272819,3,raw_softmax,risk_at_80_coverage
secondary/exploratory,smids,xception,illumination,5,0.18749999999999997,0.0506896877524852,3,raw_softmax,risk_at_80_coverage
secondary/exploratory,smids,xception,jpeg,1,0.052777777777777736,0.012028130608117181,3,raw_softmax,risk_at_80_coverage
secondary/exploratory,smids,xception,jpeg,2,0.059722222222222156,0.0063646884652164394,3,raw_softmax,risk_at_80_coverage
secondary/exploratory,smids,xception,jpeg,3,0.061111111111111095,0.014632852434517712,3,raw_softmax,risk_at_80_coverage
secondary/exploratory,smids,xception,jpeg,4,0.0736111111111111,0.022948210613692108,3,raw_softmax,risk_at_80_coverage
secondary/exploratory,smids,xception,jpeg,5,0.13749999999999998,0.05416666666666665,3,raw_softmax,risk_at_80_coverage
secondary/exploratory,smids,xception,motion_blur,1,0.075,0.025,3,raw_softmax,risk_at_80_coverage
secondary/exploratory,smids,xception,motion_blur,2,0.09444444444444444,0.038714888513239884,3,raw_softmax,risk_at_80_coverage
secondary/exploratory,smids,xception,motion_blur,3,0.11388888888888887,0.052923774675715705,3,raw_softmax,risk_at_80_coverage
secondary/exploratory,smids,xception,motion_blur,4,0.3055555555555555,0.03393553256352949,3,raw_softmax,risk_at_80_coverage
secondary/exploratory,smids,xception,motion_blur,5,0.5125,0.02886751345948128,3,raw_softmax,risk_at_80_coverage
secondary/exploratory,smids,xception,resample,1,0.0569444444444444,0.016839382851364118,3,raw_softmax,risk_at_80_coverage
secondary/exploratory,smids,xception,resample,2,0.06388888888888887,0.006364688465216445,3,raw_softmax,risk_at_80_coverage
secondary/exploratory,smids,xception,resample,3,0.06527777777777773,0.006364688465216445,3,raw_softmax,risk_at_80_coverage
secondary/exploratory,smids,xception,resample,4,0.0930555555555555,0.010485881160098251,3,raw_softmax,risk_at_80_coverage
secondary/exploratory,smids,xception,resample,5,0.14305555555555552,0.006364688465216447,3,raw_softmax,risk_at_80_coverage
secondary/exploratory,smids,xception,shot_noise,1,0.0569444444444444,0.027110029577698813,3,raw_softmax,risk_at_80_coverage
secondary/exploratory,smids,xception,shot_noise,2,0.0694444444444444,0.01924500897298751,3,raw_softmax,risk_at_80_coverage
secondary/exploratory,smids,xception,shot_noise,3,0.08888888888888886,0.00636468846521644,3,raw_softmax,risk_at_80_coverage
secondary/exploratory,smids,xception,shot_noise,4,0.2472222222222222,0.08753306253660406,3,raw_softmax,risk_at_80_coverage
secondary/exploratory,smids,xception,shot_noise,5,0.6277777777777778,0.029265704869035365,3,raw_softmax,risk_at_80_coverage
