analysis_tier,dataset,model,corruption_scope,severity,method,metric,signal_label,n_replicates,mean,std,clean_mean,frozen_cutoff,normalized_mean,normalized_std,crossing_severity
secondary/exploratory,hushem,resnet50,defocus_blur,0,aps,conformal_coverage,APS coverage,5,0.9582452431289639,0.03827820942600411,0.9582452431289639,0.85,-0.0,0.35362486442382757,
secondary/exploratory,hushem,resnet50,defocus_blur,1,aps,conformal_coverage,APS coverage,5,0.9628964059196615,0.03126087901584546,0.9582452431289639,0.85,-0.04296874999999994,0.288796792470604,
secondary/exploratory,hushem,resnet50,defocus_blur,2,aps,conformal_coverage,APS coverage,5,0.9723044397463003,0.019208674534460658,0.9582452431289639,0.85,-0.12988281250000303,0.17745513778906066,
secondary/exploratory,hushem,resnet50,defocus_blur,3,aps,conformal_coverage,APS coverage,5,0.9583509513742072,0.010292314118087188,0.9582452431289639,0.85,-0.0009765625000021665,0.0950832925362353,
secondary/exploratory,hushem,resnet50,defocus_blur,4,aps,conformal_coverage,APS coverage,5,0.9535940803382663,0.0233887704254977,0.9582452431289639,0.85,0.04296874999999892,0.21607203928243027,
secondary/exploratory,hushem,resnet50,defocus_blur,5,aps,conformal_coverage,APS coverage,5,0.9441860465116279,0.045333927185157975,0.9582452431289639,0.85,0.12988281249999892,0.4188075695035109,
secondary/exploratory,hushem,resnet50,defocus_blur,0,raw_softmax,accuracy,Accuracy,5,0.8654334038054967,0.07816300968507428,0.8654334038054967,0.8154334038054967,-0.0,1.5632601937014843,3.0
secondary/exploratory,hushem,resnet50,defocus_blur,1,raw_softmax,accuracy,Accuracy,5,0.8514799154334037,0.07136480993315732,0.8654334038054967,0.8154334038054967,0.2790697674418594,1.4272961986631452,3.0
secondary/exploratory,hushem,resnet50,defocus_blur,2,raw_softmax,accuracy,Accuracy,5,0.837737843551797,0.03383076745413379,0.8654334038054967,0.8154334038054967,0.5539112050739932,0.6766153490826752,3.0
secondary/exploratory,hushem,resnet50,defocus_blur,3,raw_softmax,accuracy,Accuracy,5,0.7865750528541227,0.07145713184748098,0.8654334038054967,0.8154334038054967,1.5771670190274798,1.4291426369496183,3.0
secondary/exploratory,hushem,resnet50,defocus_blur,4,raw_softmax,accuracy,Accuracy,5,0.7125792811839323,0.07036986055775174,0.8654334038054967,0.8154334038054967,3.057082452431285,1.4073972111550335,3.0
secondary/exploratory,hushem,resnet50,defocus_blur,5,raw_softmax,accuracy,Accuracy,5,0.5825581395348837,0.10880018253094484,0.8654334038054967,0.8154334038054967,5.657505285412256,2.176003650618895,3.0
secondary/exploratory,hushem,resnet50,defocus_blur,0,raw_softmax,ece,ECE,5,0.13218638327358637,0.042488959005374076,0.13218638327358637,0.26437276654717273,0.0,0.32143219258397143,
secondary/exploratory,hushem,resnet50,defocus_blur,1,raw_softmax,ece,ECE,5,0.13528911225639487,0.03538291025931379,0.13218638327358637,0.26437276654717273,0.023472379726032576,0.2676743956757008,
secondary/exploratory,hushem,resnet50,defocus_blur,2,raw_softmax,ece,ECE,5,0.12452781088571466,0.03262710293832222,0.13218638327358637,0.26437276654717273,-0.05793768010144244,0.2468265045938495,
secondary/exploratory,hushem,resnet50,defocus_blur,3,raw_softmax,ece,ECE,5,0.13935931607230265,0.034919753090276846,0.13218638327358637,0.26437276654717273,0.05426377983177322,0.26417057661683185,
secondary/exploratory,hushem,resnet50,defocus_blur,4,raw_softmax,ece,ECE,5,0.2068384936004562,0.04673371720570856,0.13218638327358637,0.26437276654717273,0.5647488680612605,0.3535441098269836,
secondary/exploratory,hushem,resnet50,defocus_blur,5,raw_softmax,ece,ECE,5,0.22080964045658166,0.07303428097164345,0.13218638327358637,0.26437276654717273,0.6704416520691969,0.5525098664700152,
secondary/exploratory,hushem,resnet50,defocus_blur,0,raw_softmax,mean_predictive_entropy,Predictive entropy,5,0.41389878988265993,0.07404948582141009,0.41389878988265993,0.8277975797653199,0.0,0.17890722957272495,5.0
secondary/exploratory,hushem,resnet50,defocus_blur,1,raw_softmax,mean_predictive_entropy,Predictive entropy,5,0.4158468425273895,0.07569860857368275,0.41389878988265993,0.8277975797653199,0.004706591786078555,0.182891591915848,5.0
secondary/exploratory,hushem,resnet50,defocus_blur,2,raw_softmax,mean_predictive_entropy,Predictive entropy,5,0.44405974745750426,0.07834876724573439,0.41389878988265993,0.8277975797653199,0.07287036906629986,0.18929450667866465,5.0
secondary/exploratory,hushem,resnet50,defocus_blur,3,raw_softmax,mean_predictive_entropy,Predictive entropy,5,0.5285695672035218,0.1171225400044372,0.41389878988265993,0.8277975797653199,0.27705028408846266,0.28297386430542926,5.0
secondary/exploratory,hushem,resnet50,defocus_blur,4,raw_softmax,mean_predictive_entropy,Predictive entropy,5,0.6632572174072265,0.17447672795887761,0.41389878988265993,0.8277975797653199,0.6024623256213423,0.42154442637617195,5.0
secondary/exploratory,hushem,resnet50,defocus_blur,5,raw_softmax,mean_predictive_entropy,Predictive entropy,5,0.9156602025032043,0.18581968665501564,0.41389878988265993,0.8277975797653199,1.212280453303073,0.44894957703958355,5.0
secondary/exploratory,hushem,resnet50,defocus_blur,0,raw_softmax,risk_at_80_coverage,Selective risk @ 80%,5,0.08571428571428567,0.07284313590846836,0.08571428571428567,0.17142857142857135,0.0,0.8498365855987979,4.0
secondary/exploratory,hushem,resnet50,defocus_blur,1,raw_softmax,risk_at_80_coverage,Selective risk @ 80%,5,0.08571428571428567,0.07284313590846836,0.08571428571428567,0.17142857142857135,0.0,0.8498365855987979,4.0
secondary/exploratory,hushem,resnet50,defocus_blur,2,raw_softmax,risk_at_80_coverage,Selective risk @ 80%,5,0.0855555555555555,0.05734202504033917,0.08571428571428567,0.17142857142857135,-0.0018518518518520729,0.6689902921372906,4.0
secondary/exploratory,hushem,resnet50,defocus_blur,3,raw_softmax,risk_at_80_coverage,Selective risk @ 80%,5,0.15952380952380948,0.08035493824136287,0.08571428571428567,0.17142857142857135,0.8611111111111115,0.9374742794825673,4.0
secondary/exploratory,hushem,resnet50,defocus_blur,4,raw_softmax,risk_at_80_coverage,Selective risk @ 80%,5,0.21095238095238092,0.09469487938323748,0.08571428571428567,0.17142857142857135,1.4611111111111121,1.1047735928044378,4.0
secondary/exploratory,hushem,resnet50,defocus_blur,5,raw_softmax,risk_at_80_coverage,Selective risk @ 80%,5,0.3814285714285714,0.09840565771025439,0.08571428571428567,0.17142857142857135,3.4500000000000015,1.148066006619635,4.0
secondary/exploratory,smids,mobilenet_v3_large,defocus_blur,0,aps,conformal_coverage,APS coverage,3,0.9577777777777777,0.010715167512214404,0.9577777777777777,0.85,-0.0,0.09941908001023676,
secondary/exploratory,smids,mobilenet_v3_large,defocus_blur,1,aps,conformal_coverage,APS coverage,3,0.9577777777777778,0.0138777733297742,0.9577777777777777,0.85,-1.0301038372810734e-15,0.12876284532780188,
secondary/exploratory,smids,mobilenet_v3_large,defocus_blur,2,aps,conformal_coverage,APS coverage,3,0.9611111111111112,0.01503083250940968,0.9577777777777777,0.85,-0.030927835051548145,0.13946133256153315,
secondary/exploratory,smids,mobilenet_v3_large,defocus_blur,3,aps,conformal_coverage,APS coverage,3,0.9755555555555556,0.010183501544346343,0.9577777777777777,0.85,-0.16494845360824853,0.09448609680321352,
secondary/exploratory,smids,mobilenet_v3_large,defocus_blur,4,aps,conformal_coverage,APS coverage,3,0.9577777777777777,0.0038490017945974737,0.9577777777777777,0.85,-0.0,0.03571238778492502,
secondary/exploratory,smids,mobilenet_v3_large,defocus_blur,5,aps,conformal_coverage,APS coverage,3,0.89,0.07218802609235912,0.9577777777777777,0.85,0.6288659793814428,0.6697858091043631,
secondary/exploratory,smids,mobilenet_v3_large,defocus_blur,0,raw_softmax,accuracy,Accuracy,3,0.8888888888888888,0.016442942874387495,0.8888888888888888,0.8388888888888888,-0.0,0.3288588574877496,3.0
secondary/exploratory,smids,mobilenet_v3_large,defocus_blur,1,raw_softmax,accuracy,Accuracy,3,0.89,0.01763834207376389,0.8888888888888888,0.8388888888888888,-0.022222222222223455,0.3527668414752775,3.0
secondary/exploratory,smids,mobilenet_v3_large,defocus_blur,2,raw_softmax,accuracy,Accuracy,3,0.8911111111111111,0.015396007178390056,0.8888888888888888,0.8388888888888888,-0.04444444444444469,0.30792014356780084,3.0
secondary/exploratory,smids,mobilenet_v3_large,defocus_blur,3,raw_softmax,accuracy,Accuracy,3,0.8355555555555556,0.02501851166488378,0.8888888888888888,0.8388888888888888,1.0666666666666638,0.5003702332976752,3.0
secondary/exploratory,smids,mobilenet_v3_large,defocus_blur,4,raw_softmax,accuracy,Accuracy,3,0.8055555555555557,0.044263520637871305,0.8888888888888888,0.8388888888888888,1.6666666666666614,0.8852704127574254,3.0
secondary/exploratory,smids,mobilenet_v3_large,defocus_blur,5,raw_softmax,accuracy,Accuracy,3,0.6255555555555555,0.16567482653725082,0.8888888888888888,0.8388888888888888,5.266666666666661,3.3134965307450135,3.0
secondary/exploratory,smids,mobilenet_v3_large,defocus_blur,0,raw_softmax,ece,ECE,3,0.03958280318313167,0.0059184862295023335,0.03958280318313167,0.07916560636626334,0.0,0.14952165469737408,5.0
secondary/exploratory,smids,mobilenet_v3_large,defocus_blur,1,raw_softmax,ece,ECE,3,0.047402089635531074,0.01255611098621262,0.03958280318313167,0.07916560636626334,0.1975425140110243,0.3172112628840659,5.0
secondary/exploratory,smids,mobilenet_v3_large,defocus_blur,2,raw_softmax,ece,ECE,3,0.044563194546434565,0.01029687249618338,0.03958280318313167,0.07916560636626334,0.1258220985578228,0.26013499975088733,5.0
secondary/exploratory,smids,mobilenet_v3_large,defocus_blur,3,raw_softmax,ece,ECE,3,0.04956804527176747,0.005827471681436707,0.03958280318313167,0.07916560636626334,0.2522621261167031,0.14722230900312036,5.0
secondary/exploratory,smids,mobilenet_v3_large,defocus_blur,4,raw_softmax,ece,ECE,3,0.06705642723374894,0.011675099184241748,0.03958280318313167,0.07916560636626334,0.6940797983283113,0.29495382452390656,5.0
secondary/exploratory,smids,mobilenet_v3_large,defocus_blur,5,raw_softmax,ece,ECE,3,0.23330738484859467,0.15189423727205156,0.03958280318313167,0.07916560636626334,4.894160243507446,3.837379494557418,5.0
secondary/exploratory,smids,mobilenet_v3_large,defocus_blur,0,raw_softmax,mean_predictive_entropy,Predictive entropy,3,0.21680468817551923,0.032669039399142466,0.21680468817551923,0.43360937635103847,0.0,0.15068419264390856,
secondary/exploratory,smids,mobilenet_v3_large,defocus_blur,1,raw_softmax,mean_predictive_entropy,Predictive entropy,3,0.21745017170906064,0.03280983853379838,0.21680468817551923,0.43360937635103847,0.002977258190186559,0.15133362110341644,
secondary/exploratory,smids,mobilenet_v3_large,defocus_blur,2,raw_softmax,mean_predictive_entropy,Predictive entropy,3,0.24630617101987198,0.030345122404703277,0.21680468817551923,0.43360937635103847,0.13607400786679089,0.13996525010629238,
secondary/exploratory,smids,mobilenet_v3_large,defocus_blur,3,raw_softmax,mean_predictive_entropy,Predictive entropy,3,0.3653752903143565,0.017402866703350534,0.21680468817551923,0.43360937635103847,0.6852739365975266,0.08026978959634692,
secondary/exploratory,smids,mobilenet_v3_large,defocus_blur,4,raw_softmax,mean_predictive_entropy,Predictive entropy,3,0.405261625846227,0.039800261277024435,0.21680468817551923,0.43360937635103847,0.86924752069078,0.18357657120773704,
secondary/exploratory,smids,mobilenet_v3_large,defocus_blur,5,raw_softmax,mean_predictive_entropy,Predictive entropy,3,0.4104895194371541,0.08493874795570874,0.21680468817551923,0.43360937635103847,0.8933608995799613,0.3917754208661052,
secondary/exploratory,smids,mobilenet_v3_large,defocus_blur,0,raw_softmax,risk_at_80_coverage,Selective risk @ 80%,3,0.05416666666666664,0.014433756729740645,0.05416666666666664,0.10833333333333328,0.0,0.26646935501059665,4.0
secondary/exploratory,smids,mobilenet_v3_large,defocus_blur,1,raw_softmax,risk_at_80_coverage,Selective risk @ 80%,3,0.05416666666666664,0.014433756729740645,0.05416666666666664,0.10833333333333328,0.0,0.26646935501059665,4.0
secondary/exploratory,smids,mobilenet_v3_large,defocus_blur,2,raw_softmax,risk_at_80_coverage,Selective risk @ 80%,3,0.0569444444444444,0.013393959390268006,0.05416666666666664,0.10833333333333328,0.051282051282050996,0.24727309643571715,4.0
secondary/exploratory,smids,mobilenet_v3_large,defocus_blur,3,raw_softmax,risk_at_80_coverage,Selective risk @ 80%,3,0.09305555555555554,0.019690898442719203,0.05416666666666664,0.10833333333333328,0.7179487179487185,0.36352427894250855,4.0
secondary/exploratory,smids,mobilenet_v3_large,defocus_blur,4,raw_softmax,risk_at_80_coverage,Selective risk @ 80%,3,0.13888888888888887,0.044940804687120646,0.05416666666666664,0.10833333333333328,1.564102564102565,0.8296763942237662,4.0
secondary/exploratory,smids,mobilenet_v3_large,defocus_blur,5,raw_softmax,risk_at_80_coverage,Selective risk @ 80%,3,0.3208333333333333,0.18915932438026947,0.05416666666666664,0.10833333333333328,4.923076923076925,3.4921721424049768,4.0
secondary/exploratory,smids,resnet50,defocus_blur,0,aps,conformal_coverage,APS coverage,5,0.9773333333333334,0.013824294235551829,0.9773333333333334,0.85,-0.0,0.10856775577658498,
secondary/exploratory,smids,resnet50,defocus_blur,1,aps,conformal_coverage,APS coverage,5,0.9786666666666667,0.012605113600792668,0.9773333333333334,0.85,-0.010471204188481388,0.09899303874968059,
secondary/exploratory,smids,resnet50,defocus_blur,2,aps,conformal_coverage,APS coverage,5,0.9753333333333334,0.016431676725154915,0.9773333333333334,0.85,0.01570680628272252,0.12904458161116417,
secondary/exploratory,smids,resnet50,defocus_blur,3,aps,conformal_coverage,APS coverage,5,0.9806666666666667,0.012560962454277827,0.9773333333333334,0.85,-0.026178010471203904,0.09864630199694623,
secondary/exploratory,smids,resnet50,defocus_blur,4,aps,conformal_coverage,APS coverage,5,0.984,0.010381607668264889,0.9773333333333334,0.85,-0.05235602094240781,0.08153095027433153,
secondary/exploratory,smids,resnet50,defocus_blur,5,aps,conformal_coverage,APS coverage,5,0.9866666666666667,0.0033333333333334103,0.9773333333333334,0.85,-0.07329842931937146,0.026178010471204778,
secondary/exploratory,smids,resnet50,defocus_blur,0,raw_softmax,accuracy,Accuracy,5,0.8966666666666667,0.007071067811865407,0.8966666666666667,0.8466666666666667,-0.0,0.141421356237308,
secondary/exploratory,smids,resnet50,defocus_blur,1,raw_softmax,accuracy,Accuracy,5,0.898,0.008027729719194836,0.8966666666666667,0.8466666666666667,-0.026666666666665926,0.16055459438389658,
secondary/exploratory,smids,resnet50,defocus_blur,2,raw_softmax,accuracy,Accuracy,5,0.8993333333333332,0.011642832797715287,0.8966666666666667,0.8466666666666667,-0.05333333333332963,0.23285665595430552,
secondary/exploratory,smids,resnet50,defocus_blur,3,raw_softmax,accuracy,Accuracy,5,0.8939999999999999,0.011879019787470219,0.8966666666666667,0.8466666666666667,0.05333333333333629,0.23758039574940415,
secondary/exploratory,smids,resnet50,defocus_blur,4,raw_softmax,accuracy,Accuracy,5,0.8866666666666667,0.0097182531580755,0.8966666666666667,0.8466666666666667,0.2,0.19436506316150984,
secondary/exploratory,smids,resnet50,defocus_blur,5,raw_softmax,accuracy,Accuracy,5,0.8766666666666666,0.007071067811865467,0.8966666666666667,0.8466666666666667,0.40000000000000224,0.1414213562373092,
secondary/exploratory,smids,resnet50,defocus_blur,0,raw_softmax,ece,ECE,5,0.0468318364024162,0.010724334451363692,0.0468318364024162,0.0936636728048324,0.0,0.22899666712216285,
secondary/exploratory,smids,resnet50,defocus_blur,1,raw_softmax,ece,ECE,5,0.0449762353698412,0.009207473985999453,0.0468318364024162,0.0936636728048324,-0.039622640817033185,0.19660715217062064,
secondary/exploratory,smids,resnet50,defocus_blur,2,raw_softmax,ece,ECE,5,0.044272757788499165,0.0070909067609223235,0.0468318364024162,0.0936636728048324,-0.0546439945665894,0.15141210137462133,
secondary/exploratory,smids,resnet50,defocus_blur,3,raw_softmax,ece,ECE,5,0.052376397073268854,0.007906899889873614,0.0468318364024162,0.0936636728048324,0.1183929800063658,0.16883599912528036,
secondary/exploratory,smids,resnet50,defocus_blur,4,raw_softmax,ece,ECE,5,0.04805472141504282,0.012762591841104074,0.0468318364024162,0.0936636728048324,0.026112258381640774,0.27251956834316265,
secondary/exploratory,smids,resnet50,defocus_blur,5,raw_softmax,ece,ECE,5,0.04320308846235272,0.009715541944040729,0.0468318364024162,0.0936636728048324,-0.0774846390579777,0.20745592507962113,
secondary/exploratory,smids,resnet50,defocus_blur,0,raw_softmax,mean_predictive_entropy,Predictive entropy,5,0.18622796833515162,0.03649808680153978,0.18622796833515162,0.37245593667030324,0.0,0.19598606550791947,
secondary/exploratory,smids,resnet50,defocus_blur,1,raw_softmax,mean_predictive_entropy,Predictive entropy,5,0.18638526499271388,0.03616759156514859,0.18622796833515162,0.37245593667030324,0.000844645726248656,0.1942113845115806,
secondary/exploratory,smids,resnet50,defocus_blur,2,raw_softmax,mean_predictive_entropy,Predictive entropy,5,0.19094587266445157,0.03454610506567204,0.18622796833515162,0.37245593667030324,0.025334026738718447,0.18550438677127135,
secondary/exploratory,smids,resnet50,defocus_blur,3,raw_softmax,mean_predictive_entropy,Predictive entropy,5,0.20486252605915065,0.042806822894746216,0.18622796833515162,0.37245593667030324,0.10006315319116135,0.22986248133098586,
secondary/exploratory,smids,resnet50,defocus_blur,4,raw_softmax,mean_predictive_entropy,Predictive entropy,5,0.21608130037784576,0.04431621212881731,0.18622796833515162,0.37245593667030324,0.16030530918410468,0.2379675433555829,
secondary/exploratory,smids,resnet50,defocus_blur,5,raw_softmax,mean_predictive_entropy,Predictive entropy,5,0.25968387722969055,0.05402479391102242,0.18622796833515162,0.37245593667030324,0.3944408004405732,0.29010032378055495,
secondary/exploratory,smids,resnet50,defocus_blur,0,raw_softmax,risk_at_80_coverage,Selective risk @ 80%,5,0.0483333333333333,0.008640183897219877,0.0483333333333333,0.0966666666666666,0.0,0.17876242545972174,
secondary/exploratory,smids,resnet50,defocus_blur,1,raw_softmax,risk_at_80_coverage,Selective risk @ 80%,5,0.0483333333333333,0.008640183897219877,0.0483333333333333,0.0966666666666666,0.0,0.17876242545972174,
secondary/exploratory,smids,resnet50,defocus_blur,2,raw_softmax,risk_at_80_coverage,Selective risk @ 80%,5,0.05166666666666664,0.008640183897219867,0.0483333333333333,0.0966666666666666,0.06896551724137952,0.1787624254597215,
secondary/exploratory,smids,resnet50,defocus_blur,3,raw_softmax,risk_at_80_coverage,Selective risk @ 80%,5,0.0508333333333333,0.009033118078616151,0.0483333333333333,0.0966666666666666,0.051724137931034565,0.18689209817826535,
secondary/exploratory,smids,resnet50,defocus_blur,4,raw_softmax,risk_at_80_coverage,Selective risk @ 80%,5,0.05333333333333332,0.006846531968814578,0.0483333333333333,0.0966666666666666,0.10344827586206956,0.14165238556168103,
secondary/exploratory,smids,resnet50,defocus_blur,5,raw_softmax,risk_at_80_coverage,Selective risk @ 80%,5,0.07166666666666663,0.00903311807861617,0.0483333333333333,0.0966666666666666,0.48275862068965547,0.18689209817826574,
secondary/exploratory,smids,xception,defocus_blur,0,aps,conformal_coverage,APS coverage,3,0.9866666666666667,0.005773502691896279,0.9866666666666667,0.85,-0.0,0.04224514164802154,
secondary/exploratory,smids,xception,defocus_blur,1,aps,conformal_coverage,APS coverage,3,0.9877777777777776,0.0038490017945976103,0.9866666666666667,0.85,-0.00813008130081184,0.02816342776534836,
secondary/exploratory,smids,xception,defocus_blur,2,aps,conformal_coverage,APS coverage,3,0.9899999999999999,0.0,0.9866666666666667,0.85,-0.024390243902437953,0.0,
secondary/exploratory,smids,xception,defocus_blur,3,aps,conformal_coverage,APS coverage,3,0.9888888888888888,0.005091750772173173,0.9866666666666667,0.85,-0.016260162601625303,0.03725671296712077,
secondary/exploratory,smids,xception,defocus_blur,4,aps,conformal_coverage,APS coverage,3,0.9833333333333334,0.0057735026918962545,0.9866666666666667,0.85,0.02439024390243877,0.04224514164802136,
secondary/exploratory,smids,xception,defocus_blur,5,aps,conformal_coverage,APS coverage,3,0.9666666666666667,0.01666666666666662,0.9866666666666667,0.85,0.14634146341463422,0.12195121951219474,
secondary/exploratory,smids,xception,defocus_blur,0,raw_softmax,accuracy,Accuracy,3,0.8877777777777779,0.021688023662159054,0.8877777777777779,0.8377777777777778,-0.0,0.4337604732431807,5.0
secondary/exploratory,smids,xception,defocus_blur,1,raw_softmax,accuracy,Accuracy,3,0.888888888888889,0.02009237924447236,0.8877777777777779,0.8377777777777778,-0.022222222222221234,0.40184758488944683,5.0
secondary/exploratory,smids,xception,defocus_blur,2,raw_softmax,accuracy,Accuracy,3,0.8888888888888888,0.026736020923368825,0.8877777777777779,0.8377777777777778,-0.022222222222219014,0.5347204184673761,5.0
secondary/exploratory,smids,xception,defocus_blur,3,raw_softmax,accuracy,Accuracy,3,0.8711111111111111,0.0096225044864938,0.8877777777777779,0.8377777777777778,0.3333333333333363,0.19245008972987585,5.0
secondary/exploratory,smids,xception,defocus_blur,4,raw_softmax,accuracy,Accuracy,3,0.8722222222222222,0.02912298316018034,0.8877777777777779,0.8377777777777778,0.31111111111111284,0.5824596632036063,5.0
secondary/exploratory,smids,xception,defocus_blur,5,raw_softmax,accuracy,Accuracy,3,0.8011111111111111,0.02795499027868701,0.8877777777777779,0.8377777777777778,1.733333333333334,0.5590998055737397,5.0
secondary/exploratory,smids,xception,defocus_blur,0,raw_softmax,ece,ECE,3,0.051576605041821766,0.02328901129418406,0.051576605041821766,0.10315321008364353,0.0,0.4515421531777784,
secondary/exploratory,smids,xception,defocus_blur,1,raw_softmax,ece,ECE,3,0.0565043414632479,0.017552216950972692,0.051576605041821766,0.10315321008364353,0.09554208574663635,0.3403135382164099,
secondary/exploratory,smids,xception,defocus_blur,2,raw_softmax,ece,ECE,3,0.0475223233302434,0.015765462303842997,0.051576605041821766,0.10315321008364353,-0.07860699067514976,0.3056708034788118,
secondary/exploratory,smids,xception,defocus_blur,3,raw_softmax,ece,ECE,3,0.05644581248362853,0.035217622154211724,0.051576605041821766,0.10315321008364353,0.09440728868948403,0.682821642208806,
secondary/exploratory,smids,xception,defocus_blur,4,raw_softmax,ece,ECE,3,0.06318125324116809,0.04150383503764407,0.051576605041821766,0.10315321008364353,0.22499829505909705,0.8047027330315747,
secondary/exploratory,smids,xception,defocus_blur,5,raw_softmax,ece,ECE,3,0.0632910530765851,0.036922468094641815,0.051576605041821766,0.10315321008364353,0.22712716405557276,0.7158762788807562,
secondary/exploratory,smids,xception,defocus_blur,0,raw_softmax,mean_predictive_entropy,Predictive entropy,3,0.28184684614340466,0.1500669198712702,0.28184684614340466,0.5636936922868093,0.0,0.5324413663827752,
secondary/exploratory,smids,xception,defocus_blur,1,raw_softmax,mean_predictive_entropy,Predictive entropy,3,0.2811098794142404,0.14964285932515767,0.28184684614340466,0.5636936922868093,-0.002614777277973383,0.5309367884465127,
secondary/exploratory,smids,xception,defocus_blur,2,raw_softmax,mean_predictive_entropy,Predictive entropy,3,0.29126141468683875,0.14834436085163866,0.28184684614340466,0.5636936922868093,0.03340313603737798,0.5263296818164874,
secondary/exploratory,smids,xception,defocus_blur,3,raw_softmax,mean_predictive_entropy,Predictive entropy,3,0.3740471601486206,0.1587927371427472,0.28184684614340466,0.5636936922868093,0.32712913153657963,0.5634007948485359,
secondary/exploratory,smids,xception,defocus_blur,4,raw_softmax,mean_predictive_entropy,Predictive entropy,3,0.4136001467704773,0.16854528930159812,0.28184684614340466,0.5636936922868093,0.4674641651304343,0.598003105615174,
secondary/exploratory,smids,xception,defocus_blur,5,raw_softmax,mean_predictive_entropy,Predictive entropy,3,0.5198167363802592,0.17851191318649506,0.28184684614340466,0.5636936922868093,0.8443234100117429,0.6333649484786769,
secondary/exploratory,smids,xception,defocus_blur,0,raw_softmax,risk_at_80_coverage,Selective risk @ 80%,3,0.052777777777777764,0.01683938285136407,0.052777777777777764,0.10555555555555553,0.0,0.3190619908679509,5.0
secondary/exploratory,smids,xception,defocus_blur,1,raw_softmax,risk_at_80_coverage,Selective risk @ 80%,3,0.054166666666666634,0.016666666666666653,0.052777777777777764,0.10555555555555553,0.026315789473683862,0.31578947368421034,5.0
secondary/exploratory,smids,xception,defocus_blur,2,raw_softmax,risk_at_80_coverage,Selective risk @ 80%,3,0.04861111111111107,0.012028130608117242,0.052777777777777764,0.10555555555555553,-0.07894736842105315,0.22790142204853728,5.0
secondary/exploratory,smids,xception,defocus_blur,3,raw_softmax,risk_at_80_coverage,Selective risk @ 80%,3,0.06666666666666667,0.007216878364870318,0.052777777777777764,0.10555555555555553,0.2631578947368424,0.13674085322912186,5.0
secondary/exploratory,smids,xception,defocus_blur,4,raw_softmax,risk_at_80_coverage,Selective risk @ 80%,3,0.07777777777777774,0.006364688465216434,0.052777777777777764,0.10555555555555553,0.47368421052631543,0.12059409723567983,5.0
secondary/exploratory,smids,xception,defocus_blur,5,raw_softmax,risk_at_80_coverage,Selective risk @ 80%,3,0.12916666666666662,0.027322660517924965,0.052777777777777764,0.10555555555555553,1.4473684210526316,0.5176925150764732,5.0
secondary/exploratory,hushem,resnet50,motion_blur,0,aps,conformal_coverage,APS coverage,5,0.9582452431289639,0.03827820942600411,0.9582452431289639,0.85,-0.0,0.35362486442382757,
secondary/exploratory,hushem,resnet50,motion_blur,1,aps,conformal_coverage,APS coverage,5,0.9860465116279069,0.012737733895469009,0.9582452431289639,0.85,-0.25683593750000155,0.117674768214001,
secondary/exploratory,hushem,resnet50,motion_blur,2,aps,conformal_coverage,APS coverage,5,0.9720930232558139,0.019457209919397145,0.9582452431289639,0.85,-0.12792968750000175,0.17975117757568093,
secondary/exploratory,hushem,resnet50,motion_blur,3,aps,conformal_coverage,APS coverage,5,0.9582452431289641,0.019584574327324432,0.9582452431289639,0.85,-2.0513105103425775e-15,0.18092780579735296,
secondary/exploratory,hushem,resnet50,motion_blur,4,aps,conformal_coverage,APS coverage,5,0.9304439746300212,0.04945971201859709,0.9582452431289639,0.85,0.2568359374999985,0.4569227301718059,
secondary/exploratory,hushem,resnet50,motion_blur,5,aps,conformal_coverage,APS coverage,5,0.8984143763213531,0.06618003127502652,0.9582452431289639,0.85,0.5527343749999986,0.6113897420524921,
secondary/exploratory,hushem,resnet50,motion_blur,0,raw_softmax,accuracy,Accuracy,5,0.8654334038054967,0.07816300968507428,0.8654334038054967,0.8154334038054967,-0.0,1.5632601937014843,2.0
secondary/exploratory,hushem,resnet50,motion_blur,1,raw_softmax,accuracy,Accuracy,5,0.8328752642706132,0.05621999383673631,0.8654334038054967,0.8154334038054967,0.6511627906976697,1.1243998767347252,2.0
secondary/exploratory,hushem,resnet50,motion_blur,2,raw_softmax,accuracy,Accuracy,5,0.7684989429175475,0.02858035060168239,0.8654334038054967,0.8154334038054967,1.9386892177589825,0.5716070120336473,2.0
secondary/exploratory,hushem,resnet50,motion_blur,3,raw_softmax,accuracy,Accuracy,5,0.7219873150105708,0.0762053078761884,0.8654334038054967,0.8154334038054967,2.868921775898516,1.5241061575237667,2.0
secondary/exploratory,hushem,resnet50,motion_blur,4,raw_softmax,accuracy,Accuracy,5,0.5832980972515857,0.06383062648475687,0.8654334038054967,0.8154334038054967,5.642706131078216,1.2766125296951363,2.0
secondary/exploratory,hushem,resnet50,motion_blur,5,raw_softmax,accuracy,Accuracy,5,0.5319238900634249,0.09299442182375396,0.8654334038054967,0.8154334038054967,6.67019027484143,1.8598884364750776,2.0
secondary/exploratory,hushem,resnet50,motion_blur,0,raw_softmax,ece,ECE,5,0.13218638327358637,0.042488959005374076,0.13218638327358637,0.26437276654717273,0.0,0.32143219258397143,
secondary/exploratory,hushem,resnet50,motion_blur,1,raw_softmax,ece,ECE,5,0.12661810964660963,0.05161831177754638,0.13218638327358637,0.26437276654717273,-0.04212441167598987,0.3904964376755197,
secondary/exploratory,hushem,resnet50,motion_blur,2,raw_softmax,ece,ECE,5,0.13845526302591687,0.031707466289762204,0.13218638327358637,0.26437276654717273,0.047424550071513784,0.2398693837029886,
secondary/exploratory,hushem,resnet50,motion_blur,3,raw_softmax,ece,ECE,5,0.18602161061562134,0.0270543247424785,0.13218638327358637,0.26437276654717273,0.4072675718089065,0.20466801551324784,
secondary/exploratory,hushem,resnet50,motion_blur,4,raw_softmax,ece,ECE,5,0.23108011997968397,0.042043693445223546,0.13218638327358637,0.26437276654717273,0.7481386074495818,0.318063724901268,
secondary/exploratory,hushem,resnet50,motion_blur,5,raw_softmax,ece,ECE,5,0.1842547999029431,0.028037930968942353,0.13218638327358637,0.26437276654717273,0.3939015149661116,0.2121090711053967,
secondary/exploratory,hushem,resnet50,motion_blur,0,raw_softmax,mean_predictive_entropy,Predictive entropy,5,0.41389878988265993,0.07404948582141009,0.41389878988265993,0.8277975797653199,0.0,0.17890722957272495,4.0
secondary/exploratory,hushem,resnet50,motion_blur,1,raw_softmax,mean_predictive_entropy,Predictive entropy,5,0.5124624788761138,0.07942701312919208,0.41389878988265993,0.8277975797653199,0.23813476000110234,0.19189960219915017,4.0
secondary/exploratory,hushem,resnet50,motion_blur,2,raw_softmax,mean_predictive_entropy,Predictive entropy,5,0.5683513224124909,0.0889135743896894,0.41389878988265993,0.8277975797653199,0.37316497729702985,0.21481960460646998,4.0
secondary/exploratory,hushem,resnet50,motion_blur,3,raw_softmax,mean_predictive_entropy,Predictive entropy,5,0.6535099506378174,0.12268246141474046,0.41389878988265993,0.8277975797653199,0.5789124457771114,0.29640691012776543,4.0
secondary/exploratory,hushem,resnet50,motion_blur,4,raw_softmax,mean_predictive_entropy,Predictive entropy,5,0.831006646156311,0.11432059686379338,0.41389878988265993,0.8277975797653199,1.0077532635258513,0.27620423074008793,4.0
secondary/exploratory,hushem,resnet50,motion_blur,5,raw_softmax,mean_predictive_entropy,Predictive entropy,5,1.0045906066894532,0.062465947657204875,0.41389878988265993,0.8277975797653199,1.4271407195325554,0.15092082698505577,4.0
secondary/exploratory,hushem,resnet50,motion_blur,0,raw_softmax,risk_at_80_coverage,Selective risk @ 80%,5,0.08571428571428567,0.07284313590846836,0.08571428571428567,0.17142857142857135,0.0,0.8498365855987979,2.0
secondary/exploratory,hushem,resnet50,motion_blur,1,raw_softmax,risk_at_80_coverage,Selective risk @ 80%,5,0.10841269841269836,0.055247444930311404,0.08571428571428567,0.17142857142857135,0.26481481481481484,0.6445535241869667,2.0
secondary/exploratory,hushem,resnet50,motion_blur,2,raw_softmax,risk_at_80_coverage,Selective risk @ 80%,5,0.1763492063492063,0.047699667204800573,0.08571428571428567,0.17142857142857135,1.057407407407408,0.5564961173893402,2.0
secondary/exploratory,hushem,resnet50,motion_blur,3,raw_softmax,risk_at_80_coverage,Selective risk @ 80%,5,0.21079365079365076,0.10876433248154567,0.08571428571428567,0.17142857142857135,1.45925925925926,1.2689172122847001,2.0
secondary/exploratory,hushem,resnet50,motion_blur,4,raw_softmax,risk_at_80_coverage,Selective risk @ 80%,5,0.3807936507936508,0.05992037212178255,0.08571428571428567,0.17142857142857135,3.4425925925925944,0.6990710080874634,2.0
secondary/exploratory,hushem,resnet50,motion_blur,5,raw_softmax,risk_at_80_coverage,Selective risk @ 80%,5,0.42682539682539683,0.09950811248075954,0.08571428571428567,0.17142857142857135,3.979629629629632,1.1609279789421951,2.0
secondary/exploratory,smids,mobilenet_v3_large,motion_blur,0,aps,conformal_coverage,APS coverage,3,0.9577777777777777,0.010715167512214404,0.9577777777777777,0.85,-0.0,0.09941908001023676,5.0
secondary/exploratory,smids,mobilenet_v3_large,motion_blur,1,aps,conformal_coverage,APS coverage,3,0.9633333333333333,0.015275252316519494,0.9577777777777777,0.85,-0.05154639175257715,0.14172914520482008,5.0
secondary/exploratory,smids,mobilenet_v3_large,motion_blur,2,aps,conformal_coverage,APS coverage,3,0.9622222222222222,0.0138777733297742,0.9577777777777777,0.85,-0.04123711340206213,0.12876284532780188,5.0
secondary/exploratory,smids,mobilenet_v3_large,motion_blur,3,aps,conformal_coverage,APS coverage,3,0.9611111111111112,0.006938886664887149,0.9577777777777777,0.85,-0.030927835051548145,0.0643814226639014,5.0
secondary/exploratory,smids,mobilenet_v3_large,motion_blur,4,aps,conformal_coverage,APS coverage,3,0.8944444444444444,0.033719979789985546,0.9577777777777777,0.85,0.5876288659793818,0.31286579186584534,5.0
secondary/exploratory,smids,mobilenet_v3_large,motion_blur,5,aps,conformal_coverage,APS coverage,3,0.8088888888888889,0.05357583756107196,0.9577777777777777,0.85,1.3814432989690721,0.49709540005118324,5.0
secondary/exploratory,smids,mobilenet_v3_large,motion_blur,0,raw_softmax,accuracy,Accuracy,3,0.8888888888888888,0.016442942874387495,0.8888888888888888,0.8388888888888888,-0.0,0.3288588574877496,2.0
secondary/exploratory,smids,mobilenet_v3_large,motion_blur,1,raw_softmax,accuracy,Accuracy,3,0.8788888888888889,0.013471506281091315,0.8888888888888888,0.8388888888888888,0.1999999999999978,0.26943012562182606,2.0
secondary/exploratory,smids,mobilenet_v3_large,motion_blur,2,raw_softmax,accuracy,Accuracy,3,0.8366666666666666,0.032145502536643174,0.8888888888888888,0.8388888888888888,1.0444444444444447,0.6429100507328629,2.0
secondary/exploratory,smids,mobilenet_v3_large,motion_blur,3,raw_softmax,accuracy,Accuracy,3,0.7799999999999999,0.0448454134902457,0.8888888888888888,0.8388888888888888,2.1777777777777767,0.8969082698049132,2.0
secondary/exploratory,smids,mobilenet_v3_large,motion_blur,4,raw_softmax,accuracy,Accuracy,3,0.59,0.11666666666666668,0.8888888888888888,0.8388888888888888,5.9777777777777725,2.3333333333333317,2.0
secondary/exploratory,smids,mobilenet_v3_large,motion_blur,5,raw_softmax,accuracy,Accuracy,3,0.45444444444444443,0.10007404665953513,0.8888888888888888,0.8388888888888888,8.688888888888881,2.001480933190701,2.0
secondary/exploratory,smids,mobilenet_v3_large,motion_blur,0,raw_softmax,ece,ECE,3,0.03958280318313167,0.0059184862295023335,0.03958280318313167,0.07916560636626334,0.0,0.14952165469737408,3.0
secondary/exploratory,smids,mobilenet_v3_large,motion_blur,1,raw_softmax,ece,ECE,3,0.0536047214931911,0.003760819271078931,0.03958280318313167,0.07916560636626334,0.3542426807213824,0.09501144357258698,3.0
secondary/exploratory,smids,mobilenet_v3_large,motion_blur,2,raw_softmax,ece,ECE,3,0.060699713726838404,0.0028283159734489908,0.03958280318313167,0.07916560636626334,0.5334869904490688,0.07145315000465369,3.0
secondary/exploratory,smids,mobilenet_v3_large,motion_blur,3,raw_softmax,ece,ECE,3,0.07946797172228491,0.03110694125748751,0.03958280318313167,0.07916560636626334,1.0076388060396497,0.785870093979191,3.0
secondary/exploratory,smids,mobilenet_v3_large,motion_blur,4,raw_softmax,ece,ECE,3,0.2397971834076775,0.14416741963288848,0.03958280318313167,0.07916560636626334,5.058115245103909,3.642173066063342,3.0
secondary/exploratory,smids,mobilenet_v3_large,motion_blur,5,raw_softmax,ece,ECE,3,0.40669520490699346,0.1781528770366263,0.03958280318313167,0.07916560636626334,9.274542786305439,4.500764541924779,3.0
secondary/exploratory,smids,mobilenet_v3_large,motion_blur,0,raw_softmax,mean_predictive_entropy,Predictive entropy,3,0.21680468817551923,0.032669039399142466,0.21680468817551923,0.43360937635103847,0.0,0.15068419264390856,4.0
secondary/exploratory,smids,mobilenet_v3_large,motion_blur,1,raw_softmax,mean_predictive_entropy,Predictive entropy,3,0.2788824240366617,0.013863879254256138,0.21680468817551923,0.43360937635103847,0.28633022829693605,0.06394639973390388,4.0
secondary/exploratory,smids,mobilenet_v3_large,motion_blur,2,raw_softmax,mean_predictive_entropy,Predictive entropy,3,0.3253016074498494,0.013728769228593528,0.21680468817551923,0.43360937635103847,0.5004362229773093,0.0633232119846001,4.0
secondary/exploratory,smids,mobilenet_v3_large,motion_blur,3,raw_softmax,mean_predictive_entropy,Predictive entropy,3,0.41856089234352106,0.027503458430482082,0.21680468817551923,0.43360937635103847,0.9305896743554984,0.12685822738397623,4.0
secondary/exploratory,smids,mobilenet_v3_large,motion_blur,4,raw_softmax,mean_predictive_entropy,Predictive entropy,3,0.4418627421061198,0.06295327296178226,0.21680468817551923,0.43360937635103847,1.0380682070324958,0.2903685962308019,4.0
secondary/exploratory,smids,mobilenet_v3_large,motion_blur,5,raw_softmax,mean_predictive_entropy,Predictive entropy,3,0.3683832436800003,0.17363317689214597,0.21680468817551923,0.43360937635103847,0.6991479602220002,0.8008737188910658,4.0
secondary/exploratory,smids,mobilenet_v3_large,motion_blur,0,raw_softmax,risk_at_80_coverage,Selective risk @ 80%,3,0.05416666666666664,0.014433756729740645,0.05416666666666664,0.10833333333333328,0.0,0.26646935501059665,3.0
secondary/exploratory,smids,mobilenet_v3_large,motion_blur,1,raw_softmax,risk_at_80_coverage,Selective risk @ 80%,3,0.08055555555555549,0.002405626121623463,0.05416666666666664,0.10833333333333328,0.4871794871794867,0.04441155916843319,3.0
secondary/exploratory,smids,mobilenet_v3_large,motion_blur,2,raw_softmax,risk_at_80_coverage,Selective risk @ 80%,3,0.0930555555555555,0.002405626121623456,0.05416666666666664,0.10833333333333328,0.7179487179487178,0.04441155916843306,3.0
secondary/exploratory,smids,mobilenet_v3_large,motion_blur,3,raw_softmax,risk_at_80_coverage,Selective risk @ 80%,3,0.16249999999999995,0.05204164998665332,0.05416666666666664,0.10833333333333328,2.0000000000000004,0.9607689228305233,3.0
secondary/exploratory,smids,mobilenet_v3_large,motion_blur,4,raw_softmax,risk_at_80_coverage,Selective risk @ 80%,3,0.37361111111111106,0.14107310293025516,0.05416666666666664,0.10833333333333328,5.8974358974359,2.604426515635481,3.0
secondary/exploratory,smids,mobilenet_v3_large,motion_blur,5,raw_softmax,risk_at_80_coverage,Selective risk @ 80%,3,0.5180555555555556,0.11306442771630174,0.05416666666666664,0.10833333333333328,8.56410256410257,2.0873432809163406,3.0
secondary/exploratory,smids,resnet50,motion_blur,0,aps,conformal_coverage,APS coverage,5,0.9773333333333334,0.013824294235551829,0.9773333333333334,0.85,-0.0,0.10856775577658498,
secondary/exploratory,smids,resnet50,motion_blur,1,aps,conformal_coverage,APS coverage,5,0.9813333333333333,0.01282358937444757,0.9773333333333334,0.85,-0.031413612565444164,0.10070881707681331,
secondary/exploratory,smids,resnet50,motion_blur,2,aps,conformal_coverage,APS coverage,5,0.9800000000000001,0.0117851130197758,0.9773333333333334,0.85,-0.020942408376963647,0.09255324361080466,
secondary/exploratory,smids,resnet50,motion_blur,3,aps,conformal_coverage,APS coverage,5,0.9846666666666668,0.007673909622147535,0.9773333333333334,0.85,-0.05759162303664981,0.060266305933095794,
secondary/exploratory,smids,resnet50,motion_blur,4,aps,conformal_coverage,APS coverage,5,0.9540000000000001,0.010381607668264969,0.9773333333333334,0.85,0.18324607329842907,0.08153095027433217,
secondary/exploratory,smids,resnet50,motion_blur,5,aps,conformal_coverage,APS coverage,5,0.892,0.02193424516848274,0.9773333333333334,0.85,0.6701570680628272,0.1722584699095502,
secondary/exploratory,smids,resnet50,motion_blur,0,raw_softmax,accuracy,Accuracy,5,0.8966666666666667,0.007071067811865407,0.8966666666666667,0.8466666666666667,-0.0,0.141421356237308,4.0
secondary/exploratory,smids,resnet50,motion_blur,1,raw_softmax,accuracy,Accuracy,5,0.8939999999999999,0.010381607668264979,0.8966666666666667,0.8466666666666667,0.05333333333333629,0.2076321533652994,4.0
secondary/exploratory,smids,resnet50,motion_blur,2,raw_softmax,accuracy,Accuracy,5,0.892,0.016599866130651654,0.8966666666666667,0.8466666666666667,0.09333333333333407,0.3319973226130328,4.0
secondary/exploratory,smids,resnet50,motion_blur,3,raw_softmax,accuracy,Accuracy,5,0.8626666666666667,0.005962847939999417,0.8966666666666667,0.8466666666666667,0.68,0.11925695879998824,4.0
secondary/exploratory,smids,resnet50,motion_blur,4,raw_softmax,accuracy,Accuracy,5,0.724,0.055547777233257094,0.8966666666666667,0.8466666666666667,3.453333333333332,1.110955544665141,4.0
secondary/exploratory,smids,resnet50,motion_blur,5,raw_softmax,accuracy,Accuracy,5,0.5700000000000001,0.049609586887124114,0.8966666666666667,0.8466666666666667,6.533333333333327,0.9921917377424814,4.0
secondary/exploratory,smids,resnet50,motion_blur,0,raw_softmax,ece,ECE,5,0.0468318364024162,0.010724334451363692,0.0468318364024162,0.0936636728048324,0.0,0.22899666712216285,4.0
secondary/exploratory,smids,resnet50,motion_blur,1,raw_softmax,ece,ECE,5,0.048556976219018236,0.008167028327925901,0.0468318364024162,0.0936636728048324,0.036836903037033825,0.17439052053710496,4.0
secondary/exploratory,smids,resnet50,motion_blur,2,raw_softmax,ece,ECE,5,0.049550048967202484,0.010056165121193065,0.0468318364024162,0.0936636728048324,0.05804198113072593,0.21472925030704618,4.0
secondary/exploratory,smids,resnet50,motion_blur,3,raw_softmax,ece,ECE,5,0.06248243691523864,0.009442905938114308,0.0468318364024162,0.0936636728048324,0.33418720501028604,0.2016343296251163,4.0
secondary/exploratory,smids,resnet50,motion_blur,4,raw_softmax,ece,ECE,5,0.13970143926143647,0.05006255708001714,0.0468318364024162,0.0936636728048324,1.983044227884022,1.0689855646453843,4.0
secondary/exploratory,smids,resnet50,motion_blur,5,raw_softmax,ece,ECE,5,0.29195142817497244,0.060509861511837765,0.0468318364024162,0.0936636728048324,5.234037582175825,1.2920668109593045,4.0
secondary/exploratory,smids,resnet50,motion_blur,0,raw_softmax,mean_predictive_entropy,Predictive entropy,5,0.18622796833515162,0.03649808680153978,0.18622796833515162,0.37245593667030324,0.0,0.19598606550791947,
secondary/exploratory,smids,resnet50,motion_blur,1,raw_softmax,mean_predictive_entropy,Predictive entropy,5,0.1945542901754379,0.03905287967512189,0.18622796833515162,0.37245593667030324,0.04471037253277407,0.20970469701328115,
secondary/exploratory,smids,resnet50,motion_blur,2,raw_softmax,mean_predictive_entropy,Predictive entropy,5,0.21080717146396633,0.04038445337803884,0.18622796833515162,0.37245593667030324,0.13198448841250252,0.21685493182935633,
secondary/exploratory,smids,resnet50,motion_blur,3,raw_softmax,mean_predictive_entropy,Predictive entropy,5,0.2548442125320434,0.049987910516225226,0.18622796833515162,0.37245593667030324,0.36845294941629925,0.26842321786093243,
secondary/exploratory,smids,resnet50,motion_blur,4,raw_softmax,mean_predictive_entropy,Predictive entropy,5,0.35835633873939515,0.04515880797877201,0.18622796833515162,0.37245593667030324,0.9242885047989502,0.24249208313060902,
secondary/exploratory,smids,resnet50,motion_blur,5,raw_softmax,mean_predictive_entropy,Predictive entropy,5,0.3572508871555328,0.04711621943526387,0.18622796833515162,0.37245593667030324,0.9183524921057715,0.25300291817859244,
secondary/exploratory,smids,resnet50,motion_blur,0,raw_softmax,risk_at_80_coverage,Selective risk @ 80%,5,0.0483333333333333,0.008640183897219877,0.0483333333333333,0.0966666666666666,0.0,0.17876242545972174,4.0
secondary/exploratory,smids,resnet50,motion_blur,1,raw_softmax,risk_at_80_coverage,Selective risk @ 80%,5,0.055833333333333304,0.008122328620674156,0.0483333333333333,0.0966666666666666,0.1551724137931037,0.16804817835877578,4.0
secondary/exploratory,smids,resnet50,motion_blur,2,raw_softmax,risk_at_80_coverage,Selective risk @ 80%,5,0.0533333333333333,0.008014743359029745,0.0483333333333333,0.0966666666666666,0.10344827586206913,0.16582227639371896,4.0
secondary/exploratory,smids,resnet50,motion_blur,3,raw_softmax,risk_at_80_coverage,Selective risk @ 80%,5,0.07999999999999999,0.01118033988749895,0.0483333333333333,0.0966666666666666,0.6551724137931044,0.23131737698273708,4.0
secondary/exploratory,smids,resnet50,motion_blur,4,raw_softmax,risk_at_80_coverage,Selective risk @ 80%,5,0.22249999999999998,0.06099578765055104,0.0483333333333333,0.0966666666666666,3.603448275862072,1.2619818134596776,4.0
secondary/exploratory,smids,resnet50,motion_blur,5,raw_softmax,risk_at_80_coverage,Selective risk @ 80%,5,0.40583333333333327,0.06644494379225219,0.0483333333333333,0.0966666666666666,7.396551724137936,1.3747229750121153,4.0
secondary/exploratory,smids,xception,motion_blur,0,aps,conformal_coverage,APS coverage,3,0.9866666666666667,0.005773502691896279,0.9866666666666667,0.85,-0.0,0.04224514164802154,5.0
secondary/exploratory,smids,xception,motion_blur,1,aps,conformal_coverage,APS coverage,3,0.9833333333333331,0.0,0.9866666666666667,0.85,0.024390243902441204,0.0,5.0
secondary/exploratory,smids,xception,motion_blur,2,aps,conformal_coverage,APS coverage,3,0.9855555555555556,0.007698003589194947,0.9866666666666667,0.85,0.008130081300812652,0.05632685553069472,5.0
secondary/exploratory,smids,xception,motion_blur,3,aps,conformal_coverage,APS coverage,3,0.9655555555555556,0.010183501544346326,0.9866666666666667,0.85,0.15447154471544688,0.07451342593424139,5.0
secondary/exploratory,smids,xception,motion_blur,4,aps,conformal_coverage,APS coverage,3,0.91,0.0033333333333332993,0.9866666666666667,0.85,0.5609756097560973,0.02439024390243877,5.0
secondary/exploratory,smids,xception,motion_blur,5,aps,conformal_coverage,APS coverage,3,0.8388888888888889,0.005091750772173152,0.9866666666666667,0.85,1.0813008130081299,0.03725671296712061,5.0
secondary/exploratory,smids,xception,motion_blur,0,raw_softmax,accuracy,Accuracy,3,0.8877777777777779,0.021688023662159054,0.8877777777777779,0.8377777777777778,-0.0,0.4337604732431807,3.0
secondary/exploratory,smids,xception,motion_blur,1,raw_softmax,accuracy,Accuracy,3,0.8577777777777778,0.00962250448649373,0.8877777777777779,0.8377777777777778,0.6000000000000022,0.19245008972987443,3.0
secondary/exploratory,smids,xception,motion_blur,2,raw_softmax,accuracy,Accuracy,3,0.8455555555555555,0.03097191081059187,0.8877777777777779,0.8377777777777778,0.8444444444444469,0.6194382162118368,3.0
secondary/exploratory,smids,xception,motion_blur,3,raw_softmax,accuracy,Accuracy,3,0.8155555555555556,0.04286067004885756,0.8877777777777779,0.8377777777777778,1.4444444444444446,0.8572134009771505,3.0
secondary/exploratory,smids,xception,motion_blur,4,raw_softmax,accuracy,Accuracy,3,0.6422222222222222,0.026943012562182518,0.8877777777777779,0.8377777777777778,4.911111111111109,0.5388602512436499,3.0
secondary/exploratory,smids,xception,motion_blur,5,raw_softmax,accuracy,Accuracy,3,0.47,0.028480012484391738,0.8877777777777779,0.8377777777777778,8.35555555555555,0.5696002496878343,3.0
secondary/exploratory,smids,xception,motion_blur,0,raw_softmax,ece,ECE,3,0.051576605041821766,0.02328901129418406,0.051576605041821766,0.10315321008364353,0.0,0.4515421531777784,4.0
secondary/exploratory,smids,xception,motion_blur,1,raw_softmax,ece,ECE,3,0.05884276923206114,0.024602650679639147,0.051576605041821766,0.10315321008364353,0.1408810096040148,0.47701182851584883,4.0
secondary/exploratory,smids,xception,motion_blur,2,raw_softmax,ece,ECE,3,0.05151469763782283,0.022313304937113674,0.051576605041821766,0.10315321008364353,-0.0012003000963080011,0.43262453818006347,4.0
secondary/exploratory,smids,xception,motion_blur,3,raw_softmax,ece,ECE,3,0.04971155918306767,0.012222213159697326,0.051576605041821766,0.10315321008364353,-0.036160694509493094,0.2369720370269958,4.0
secondary/exploratory,smids,xception,motion_blur,4,raw_softmax,ece,ECE,3,0.14210628665155833,0.057645762105054225,0.051576605041821766,0.10315321008364353,1.7552470065900816,1.1176726746227514,4.0
secondary/exploratory,smids,xception,motion_blur,5,raw_softmax,ece,ECE,3,0.3267053387231297,0.0999064101425271,0.051576605041821766,0.10315321008364353,5.334370757016967,1.937048979115944,4.0
secondary/exploratory,smids,xception,motion_blur,0,raw_softmax,mean_predictive_entropy,Predictive entropy,3,0.28184684614340466,0.1500669198712702,0.28184684614340466,0.5636936922868093,0.0,0.5324413663827752,
secondary/exploratory,smids,xception,motion_blur,1,raw_softmax,mean_predictive_entropy,Predictive entropy,3,0.34807607034842175,0.1570773611657051,0.28184684614340466,0.5636936922868093,0.23498302397650186,0.5573145959056912,
secondary/exploratory,smids,xception,motion_blur,2,raw_softmax,mean_predictive_entropy,Predictive entropy,3,0.3839426686366399,0.16302368768824188,0.28184684614340466,0.5636936922868093,0.3622386551073505,0.5784123183173562,
secondary/exploratory,smids,xception,motion_blur,3,raw_softmax,mean_predictive_entropy,Predictive entropy,3,0.44841015338897705,0.14717260401405266,0.28184684614340466,0.5636936922868093,0.5909709813138175,0.5221722578338547,
secondary/exploratory,smids,xception,motion_blur,4,raw_softmax,mean_predictive_entropy,Predictive entropy,3,0.5296586553255717,0.13216464552032814,0.28184684614340466,0.5636936922868093,0.8792427964798991,0.46892362759696204,
secondary/exploratory,smids,xception,motion_blur,5,raw_softmax,mean_predictive_entropy,Predictive entropy,3,0.517045130332311,0.16979114567311696,0.28184684614340466,0.5636936922868093,0.8344896790835,0.6024234366870532,
secondary/exploratory,smids,xception,motion_blur,0,raw_softmax,risk_at_80_coverage,Selective risk @ 80%,3,0.052777777777777764,0.01683938285136407,0.052777777777777764,0.10555555555555553,0.0,0.3190619908679509,3.0
secondary/exploratory,smids,xception,motion_blur,1,raw_softmax,risk_at_80_coverage,Selective risk @ 80%,3,0.075,0.025,0.052777777777777764,0.10555555555555553,0.4210526315789477,0.47368421052631593,3.0
secondary/exploratory,smids,xception,motion_blur,2,raw_softmax,risk_at_80_coverage,Selective risk @ 80%,3,0.09444444444444444,0.038714888513239884,0.052777777777777764,0.10555555555555553,0.7894736842105268,0.7335452560403348,3.0
secondary/exploratory,smids,xception,motion_blur,3,raw_softmax,risk_at_80_coverage,Selective risk @ 80%,3,0.11388888888888887,0.052923774675715705,0.052777777777777764,0.10555555555555553,1.1578947368421055,1.002766257013561,3.0
secondary/exploratory,smids,xception,motion_blur,4,raw_softmax,risk_at_80_coverage,Selective risk @ 80%,3,0.3055555555555555,0.03393553256352949,0.052777777777777764,0.10555555555555553,4.789473684210527,0.6429890380458221,3.0
secondary/exploratory,smids,xception,motion_blur,5,raw_softmax,risk_at_80_coverage,Selective risk @ 80%,3,0.5125,0.02886751345948128,0.052777777777777764,0.10555555555555553,8.710526315789476,0.5469634129164875,3.0
secondary/exploratory,hushem,resnet50,gaussian_noise,0,aps,conformal_coverage,APS coverage,5,0.9582452431289639,0.03827820942600411,0.9582452431289639,0.85,-0.0,0.35362486442382757,
secondary/exploratory,hushem,resnet50,gaussian_noise,1,aps,conformal_coverage,APS coverage,5,0.976955602536998,0.022994884450196592,0.9582452431289639,0.85,-0.17285156250000294,0.21243320986216807,
secondary/exploratory,hushem,resnet50,gaussian_noise,2,aps,conformal_coverage,APS coverage,5,0.9768498942917546,0.04028094486333907,0.9582452431289639,0.85,-0.17187500000000078,0.3721266976632698,
secondary/exploratory,hushem,resnet50,gaussian_noise,3,aps,conformal_coverage,APS coverage,5,0.9813953488372092,0.025475467790938004,0.9582452431289639,0.85,-0.21386718750000164,0.23534953642800185,
secondary/exploratory,hushem,resnet50,gaussian_noise,4,aps,conformal_coverage,APS coverage,5,0.9815010570824523,0.010343755703372612,0.9582452431289639,0.85,-0.21484375000000072,0.09555852436904791,
secondary/exploratory,hushem,resnet50,gaussian_noise,5,aps,conformal_coverage,APS coverage,5,0.9538054968287526,0.022866968283834537,0.9582452431289639,0.85,0.04101562499999868,0.2112514843408936,
secondary/exploratory,hushem,resnet50,gaussian_noise,0,raw_softmax,accuracy,Accuracy,5,0.8654334038054967,0.07816300968507428,0.8654334038054967,0.8154334038054967,-0.0,1.5632601937014843,3.0
secondary/exploratory,hushem,resnet50,gaussian_noise,1,raw_softmax,accuracy,Accuracy,5,0.8329809725158561,0.06085343748255502,0.8654334038054967,0.8154334038054967,0.6490486257928113,1.2170687496510992,3.0
secondary/exploratory,hushem,resnet50,gaussian_noise,2,raw_softmax,accuracy,Accuracy,5,0.833615221987315,0.054002327335674324,0.8654334038054967,0.8154334038054967,0.6363636363636344,1.0800465467134854,3.0
secondary/exploratory,hushem,resnet50,gaussian_noise,3,raw_softmax,accuracy,Accuracy,5,0.8102536997885835,0.04428721335838104,0.8654334038054967,0.8154334038054967,1.103594080338263,0.88574426716762,3.0
secondary/exploratory,hushem,resnet50,gaussian_noise,4,raw_softmax,accuracy,Accuracy,5,0.7405919661733615,0.05377423216394709,0.8654334038054967,0.8154334038054967,2.4968287526427013,1.0754846432789409,3.0
secondary/exploratory,hushem,resnet50,gaussian_noise,5,raw_softmax,accuracy,Accuracy,5,0.6200845665961945,0.09215309913805228,0.8654334038054967,0.8154334038054967,4.90697674418604,1.843061982761044,3.0
secondary/exploratory,hushem,resnet50,gaussian_noise,0,raw_softmax,ece,ECE,5,0.13218638327358637,0.042488959005374076,0.13218638327358637,0.26437276654717273,0.0,0.32143219258397143,
secondary/exploratory,hushem,resnet50,gaussian_noise,1,raw_softmax,ece,ECE,5,0.12780615486062857,0.021048210450396312,0.13218638327358637,0.26437276654717273,-0.03313675966072865,0.1592313060478612,
secondary/exploratory,hushem,resnet50,gaussian_noise,2,raw_softmax,ece,ECE,5,0.16983445339046618,0.05992057655401065,0.13218638327358637,0.26437276654717273,0.28481050153978077,0.4533036994437842,
secondary/exploratory,hushem,resnet50,gaussian_noise,3,raw_softmax,ece,ECE,5,0.17237256909651683,0.021635042917801838,0.13218638327358637,0.26437276654717273,0.3040115390687182,0.16367073810487542,
secondary/exploratory,hushem,resnet50,gaussian_noise,4,raw_softmax,ece,ECE,5,0.19371134365965897,0.02067579967374383,0.13218638327358637,0.26437276654717273,0.4654409846340549,0.15641399031964656,
secondary/exploratory,hushem,resnet50,gaussian_noise,5,raw_softmax,ece,ECE,5,0.18942280037458548,0.067892184793945,0.13218638327358637,0.26437276654717273,0.43299782990912766,0.5136095194724288,
secondary/exploratory,hushem,resnet50,gaussian_noise,0,raw_softmax,mean_predictive_entropy,Predictive entropy,5,0.41389878988265993,0.07404948582141009,0.41389878988265993,0.8277975797653199,0.0,0.17890722957272495,3.0
secondary/exploratory,hushem,resnet50,gaussian_noise,1,raw_softmax,mean_predictive_entropy,Predictive entropy,5,0.5807419955730438,0.16271459429032986,0.41389878988265993,0.8277975797653199,0.4031014580585845,0.3931265281941495,3.0
secondary/exploratory,hushem,resnet50,gaussian_noise,2,raw_softmax,mean_predictive_entropy,Predictive entropy,5,0.7174430847167969,0.17776511339599224,0.41389878988265993,0.8277975797653199,0.7333780679092866,0.42948932865058276,3.0
secondary/exploratory,hushem,resnet50,gaussian_noise,3,raw_softmax,mean_predictive_entropy,Predictive entropy,5,0.8579396367073059,0.10284695321805912,0.41389878988265993,0.8277975797653199,1.0728247042001047,0.2484833387582896,3.0
secondary/exploratory,hushem,resnet50,gaussian_noise,4,raw_softmax,mean_predictive_entropy,Predictive entropy,5,1.0086552381515503,0.030544653815558383,0.41389878988265993,0.8277975797653199,1.4369610706943683,0.07379739820988067,3.0
secondary/exploratory,hushem,resnet50,gaussian_noise,5,raw_softmax,mean_predictive_entropy,Predictive entropy,5,1.166815996170044,0.030380305824589122,0.41389878988265993,0.8277975797653199,1.8190853046485969,0.07340032531431638,3.0
secondary/exploratory,hushem,resnet50,gaussian_noise,0,raw_softmax,risk_at_80_coverage,Selective risk @ 80%,5,0.08571428571428567,0.07284313590846836,0.08571428571428567,0.17142857142857135,0.0,0.8498365855987979,4.0
secondary/exploratory,hushem,resnet50,gaussian_noise,1,raw_softmax,risk_at_80_coverage,Selective risk @ 80%,5,0.10809523809523805,0.03763110114310541,0.08571428571428567,0.17142857142857135,0.2611111111111112,0.43902951333622997,4.0
secondary/exploratory,hushem,resnet50,gaussian_noise,2,raw_softmax,risk_at_80_coverage,Selective risk @ 80%,5,0.0909523809523809,0.05503039770165041,0.08571428571428567,0.17142857142857135,0.061111111111110956,0.6420213065192552,4.0
secondary/exploratory,hushem,resnet50,gaussian_noise,3,raw_softmax,risk_at_80_coverage,Selective risk @ 80%,5,0.12492063492063485,0.07149820239227193,0.08571428571428567,0.17142857142857135,0.45740740740740726,0.8341456945765063,4.0
secondary/exploratory,hushem,resnet50,gaussian_noise,4,raw_softmax,risk_at_80_coverage,Selective risk @ 80%,5,0.20507936507936506,0.08750625360080946,0.08571428571428567,0.17142857142857135,1.3925925925925935,1.0209062920094443,4.0
secondary/exploratory,hushem,resnet50,gaussian_noise,5,raw_softmax,risk_at_80_coverage,Selective risk @ 80%,5,0.3296825396825397,0.1242457719271515,0.08571428571428567,0.17142857142857135,2.846296296296298,1.4495340058167683,4.0
secondary/exploratory,smids,mobilenet_v3_large,gaussian_noise,0,aps,conformal_coverage,APS coverage,3,0.9577777777777777,0.010715167512214404,0.9577777777777777,0.85,-0.0,0.09941908001023676,2.0
secondary/exploratory,smids,mobilenet_v3_large,gaussian_noise,1,aps,conformal_coverage,APS coverage,3,0.9644444444444445,0.005091750772173152,0.9577777777777777,0.85,-0.06185567010309423,0.04724304840160658,2.0
secondary/exploratory,smids,mobilenet_v3_large,gaussian_noise,2,aps,conformal_coverage,APS coverage,3,0.8477777777777776,0.14307470206283976,0.9577777777777777,0.85,1.0206185567010322,1.327497235634596,2.0
secondary/exploratory,smids,mobilenet_v3_large,gaussian_noise,3,aps,conformal_coverage,APS coverage,3,0.6155555555555555,0.2452738454447585,0.9577777777777777,0.85,3.1752577319587636,2.275736710312193,2.0
secondary/exploratory,smids,mobilenet_v3_large,gaussian_noise,4,aps,conformal_coverage,APS coverage,3,0.5977777777777777,0.24824569669165653,0.9577777777777777,0.85,3.340206185567011,2.3033105878607314,2.0
secondary/exploratory,smids,mobilenet_v3_large,gaussian_noise,5,aps,conformal_coverage,APS coverage,3,0.5511111111111111,0.1972683827044132,0.9577777777777777,0.85,3.77319587628866,1.830325200350226,2.0
secondary/exploratory,smids,mobilenet_v3_large,gaussian_noise,0,raw_softmax,accuracy,Accuracy,3,0.8888888888888888,0.016442942874387495,0.8888888888888888,0.8388888888888888,-0.0,0.3288588574877496,2.0
secondary/exploratory,smids,mobilenet_v3_large,gaussian_noise,1,raw_softmax,accuracy,Accuracy,3,0.8388888888888889,0.022194427061597983,0.8888888888888888,0.8388888888888888,0.9999999999999978,0.44388854123195925,2.0
secondary/exploratory,smids,mobilenet_v3_large,gaussian_noise,2,raw_softmax,accuracy,Accuracy,3,0.5066666666666667,0.2280594464412977,0.8888888888888888,0.8388888888888888,7.644444444444436,4.56118892882595,2.0
secondary/exploratory,smids,mobilenet_v3_large,gaussian_noise,3,raw_softmax,accuracy,Accuracy,3,0.34777777777777774,0.04233901974057253,0.8888888888888888,0.8388888888888888,10.822222222222212,0.8467803948114498,2.0
secondary/exploratory,smids,mobilenet_v3_large,gaussian_noise,4,raw_softmax,accuracy,Accuracy,3,0.32444444444444437,0.0019245008972987368,0.8888888888888888,0.8388888888888888,11.28888888888888,0.0384900179459747,2.0
secondary/exploratory,smids,mobilenet_v3_large,gaussian_noise,5,raw_softmax,accuracy,Accuracy,3,0.3233333333333333,0.0,0.8888888888888888,0.8388888888888888,11.311111111111101,0.0,2.0
secondary/exploratory,smids,mobilenet_v3_large,gaussian_noise,0,raw_softmax,ece,ECE,3,0.03958280318313167,0.0059184862295023335,0.03958280318313167,0.07916560636626334,0.0,0.14952165469737408,2.0
secondary/exploratory,smids,mobilenet_v3_large,gaussian_noise,1,raw_softmax,ece,ECE,3,0.07082527826229727,0.02731197144164339,0.03958280318313167,0.07916560636626334,0.7892941521756518,0.6899958882468048,2.0
secondary/exploratory,smids,mobilenet_v3_large,gaussian_noise,2,raw_softmax,ece,ECE,3,0.3975536926918559,0.2622327683693258,0.03958280318313167,0.07916560636626334,9.043596226688528,6.624916561772894,2.0
secondary/exploratory,smids,mobilenet_v3_large,gaussian_noise,3,raw_softmax,ece,ECE,3,0.5945585352513526,0.11171367978312151,0.03958280318313167,0.07916560636626334,14.020627329009521,2.82227813089116,2.0
secondary/exploratory,smids,mobilenet_v3_large,gaussian_noise,4,raw_softmax,ece,ECE,3,0.623028958870305,0.06637896538507951,0.03958280318313167,0.07916560636626334,14.73988976949997,1.676964743451194,2.0
secondary/exploratory,smids,mobilenet_v3_large,gaussian_noise,5,raw_softmax,ece,ECE,3,0.6194610300328997,0.06243954543537422,0.03958280318313167,0.07916560636626334,14.64975141267622,1.577441222302897,2.0
secondary/exploratory,smids,mobilenet_v3_large,gaussian_noise,0,raw_softmax,mean_predictive_entropy,Predictive entropy,3,0.21680468817551923,0.032669039399142466,0.21680468817551923,0.43360937635103847,0.0,0.15068419264390856,
secondary/exploratory,smids,mobilenet_v3_large,gaussian_noise,1,raw_softmax,mean_predictive_entropy,Predictive entropy,3,0.2864434719085693,0.011301180118981765,0.21680468817551923,0.43360937635103847,0.32120515621263857,0.05212608737423904,
secondary/exploratory,smids,mobilenet_v3_large,gaussian_noise,2,raw_softmax,mean_predictive_entropy,Predictive entropy,3,0.2892734110355377,0.1316686457544387,0.21680468817551923,0.43360937635103847,0.33425809870564127,0.6073145689905161,
secondary/exploratory,smids,mobilenet_v3_large,gaussian_noise,3,raw_softmax,mean_predictive_entropy,Predictive entropy,3,0.19861445700128866,0.20913225722753737,0.21680468817551923,0.43360937635103847,-0.08390146600291344,0.9646113236178248,
secondary/exploratory,smids,mobilenet_v3_large,gaussian_noise,4,raw_softmax,mean_predictive_entropy,Predictive entropy,3,0.19947247688348094,0.22290097195803923,0.21680468817551923,0.43360937635103847,-0.07994389529993284,1.0281187820882574,
secondary/exploratory,smids,mobilenet_v3_large,gaussian_noise,5,raw_softmax,mean_predictive_entropy,Predictive entropy,3,0.22247150711094335,0.22573091506457169,0.21680468817551923,0.43360937635103847,0.026137898507233446,1.0411717429367857,
secondary/exploratory,smids,mobilenet_v3_large,gaussian_noise,0,raw_softmax,risk_at_80_coverage,Selective risk @ 80%,3,0.05416666666666664,0.014433756729740645,0.05416666666666664,0.10833333333333328,0.0,0.26646935501059665,2.0
secondary/exploratory,smids,mobilenet_v3_large,gaussian_noise,1,raw_softmax,risk_at_80_coverage,Selective risk @ 80%,3,0.08888888888888886,0.03127313958110473,0.05416666666666664,0.10833333333333328,0.6410256410256414,0.5773502691896261,2.0
secondary/exploratory,smids,mobilenet_v3_large,gaussian_noise,2,raw_softmax,risk_at_80_coverage,Selective risk @ 80%,3,0.4486111111111111,0.22974674059671626,0.05416666666666664,0.10833333333333328,7.282051282051286,4.241478287939379,2.0
secondary/exploratory,smids,mobilenet_v3_large,gaussian_noise,3,raw_softmax,risk_at_80_coverage,Selective risk @ 80%,3,0.6097222222222222,0.03640372895022543,0.05416666666666664,0.10833333333333328,10.256410256410263,0.6720688421580082,2.0
secondary/exploratory,smids,mobilenet_v3_large,gaussian_noise,4,raw_softmax,risk_at_80_coverage,Selective risk @ 80%,3,0.6333333333333333,0.02319901817845845,0.05416666666666664,0.10833333333333328,10.692307692307697,0.42828956637154086,2.0
secondary/exploratory,smids,mobilenet_v3_large,gaussian_noise,5,raw_softmax,risk_at_80_coverage,Selective risk @ 80%,3,0.6986111111111111,0.010485881160098291,0.05416666666666664,0.10833333333333328,11.897435897435901,0.19358549834027625,2.0
secondary/exploratory,smids,resnet50,gaussian_noise,0,aps,conformal_coverage,APS coverage,5,0.9773333333333334,0.013824294235551829,0.9773333333333334,0.85,-0.0,0.10856775577658498,4.0
secondary/exploratory,smids,resnet50,gaussian_noise,1,aps,conformal_coverage,APS coverage,5,0.9813333333333333,0.007673909622147467,0.9773333333333334,0.85,-0.031413612565444164,0.06026630593309525,4.0
secondary/exploratory,smids,resnet50,gaussian_noise,2,aps,conformal_coverage,APS coverage,5,0.97,0.004082482904638628,0.9773333333333334,0.85,0.05759162303664981,0.03206138406784261,4.0
secondary/exploratory,smids,resnet50,gaussian_noise,3,aps,conformal_coverage,APS coverage,5,0.892,0.02824496021908645,0.9773333333333334,0.85,0.6701570680628272,0.22181905931219711,4.0
secondary/exploratory,smids,resnet50,gaussian_noise,4,aps,conformal_coverage,APS coverage,5,0.8066666666666666,0.04988876515698591,0.9773333333333334,0.85,1.3403141361256543,0.3917965850025069,4.0
secondary/exploratory,smids,resnet50,gaussian_noise,5,aps,conformal_coverage,APS coverage,5,0.7453333333333333,0.050144236403044835,0.9773333333333334,0.85,1.8219895287958112,0.3938029036888335,4.0
secondary/exploratory,smids,resnet50,gaussian_noise,0,raw_softmax,accuracy,Accuracy,5,0.8966666666666667,0.007071067811865407,0.8966666666666667,0.8466666666666667,-0.0,0.141421356237308,2.0
secondary/exploratory,smids,resnet50,gaussian_noise,1,raw_softmax,accuracy,Accuracy,5,0.8939999999999999,0.021265517210315457,0.8966666666666667,0.8466666666666667,0.05333333333333629,0.42531034420630875,2.0
secondary/exploratory,smids,resnet50,gaussian_noise,2,raw_softmax,accuracy,Accuracy,5,0.8460000000000001,0.024653149449467428,0.8966666666666667,0.8466666666666667,1.0133333333333319,0.49306298898934814,2.0
secondary/exploratory,smids,resnet50,gaussian_noise,3,raw_softmax,accuracy,Accuracy,5,0.5513333333333333,0.05326036675302437,0.8966666666666667,0.8466666666666667,6.906666666666662,1.0652073350604865,2.0
secondary/exploratory,smids,resnet50,gaussian_noise,4,raw_softmax,accuracy,Accuracy,5,0.39599999999999996,0.03854290538549937,0.8966666666666667,0.8466666666666667,10.013333333333327,0.7708581077099868,2.0
secondary/exploratory,smids,resnet50,gaussian_noise,5,raw_softmax,accuracy,Accuracy,5,0.3373333333333333,0.019206480387850604,0.8966666666666667,0.8466666666666667,11.186666666666659,0.3841296077570117,2.0
secondary/exploratory,smids,resnet50,gaussian_noise,0,raw_softmax,ece,ECE,5,0.0468318364024162,0.010724334451363692,0.0468318364024162,0.0936636728048324,0.0,0.22899666712216285,3.0
secondary/exploratory,smids,resnet50,gaussian_noise,1,raw_softmax,ece,ECE,5,0.04651496758063634,0.009227585480361405,0.0468318364024162,0.0936636728048324,-0.006766098579971746,0.19703659282268346,3.0
secondary/exploratory,smids,resnet50,gaussian_noise,2,raw_softmax,ece,ECE,5,0.07918881464004514,0.017733830602329588,0.0468318364024162,0.0936636728048324,0.6909184162583798,0.37867040809475166,3.0
secondary/exploratory,smids,resnet50,gaussian_noise,3,raw_softmax,ece,ECE,5,0.35654257295529046,0.05035069475557142,0.0468318364024162,0.0936636728048324,6.613252017102096,1.0751381671843574,3.0
secondary/exploratory,smids,resnet50,gaussian_noise,4,raw_softmax,ece,ECE,5,0.5508645036617915,0.04918167088576615,0.0468318364024162,0.0936636728048324,10.762607362400393,1.0501760055522553,3.0
secondary/exploratory,smids,resnet50,gaussian_noise,5,raw_softmax,ece,ECE,5,0.634493274072806,0.0281781766703113,0.0468318364024162,0.0936636728048324,12.548332135018958,0.6016884844784242,3.0
secondary/exploratory,smids,resnet50,gaussian_noise,0,raw_softmax,mean_predictive_entropy,Predictive entropy,5,0.18622796833515162,0.03649808680153978,0.18622796833515162,0.37245593667030324,0.0,0.19598606550791947,
secondary/exploratory,smids,resnet50,gaussian_noise,1,raw_softmax,mean_predictive_entropy,Predictive entropy,5,0.20475394725799556,0.02555589390565521,0.18622796833515162,0.37245593667030324,0.09948011079357864,0.1372290861255741,
secondary/exploratory,smids,resnet50,gaussian_noise,2,raw_softmax,mean_predictive_entropy,Predictive entropy,5,0.23995850086212153,0.034040849077947785,0.18622796833515162,0.37245593667030324,0.28852020997335853,0.18279128200918238,
secondary/exploratory,smids,resnet50,gaussian_noise,3,raw_softmax,mean_predictive_entropy,Predictive entropy,5,0.2568063348531723,0.03019477876154623,0.18622796833515162,0.37245593667030324,0.3789890806895442,0.16213879704258574,
secondary/exploratory,smids,resnet50,gaussian_noise,4,raw_softmax,mean_predictive_entropy,Predictive entropy,5,0.16379269361495966,0.028006077479454095,0.18622796833515162,0.37245593667030324,-0.12047210159010889,0.15038599051379858,
secondary/exploratory,smids,resnet50,gaussian_noise,5,raw_softmax,mean_predictive_entropy,Predictive entropy,5,0.10642875134944911,0.036248578232092606,0.18622796833515162,0.37245593667030324,-0.42850285968909396,0.1946462636957763,
secondary/exploratory,smids,resnet50,gaussian_noise,0,raw_softmax,risk_at_80_coverage,Selective risk @ 80%,5,0.0483333333333333,0.008640183897219877,0.0483333333333333,0.0966666666666666,0.0,0.17876242545972174,2.0
secondary/exploratory,smids,resnet50,gaussian_noise,1,raw_softmax,risk_at_80_coverage,Selective risk @ 80%,5,0.05166666666666662,0.014006446928309699,0.0483333333333333,0.0966666666666666,0.06896551724137909,0.2897885571374423,2.0
secondary/exploratory,smids,resnet50,gaussian_noise,2,raw_softmax,risk_at_80_coverage,Selective risk @ 80%,5,0.1033333333333333,0.025752561900604078,0.0483333333333333,0.0966666666666666,1.1379310344827596,0.5328116255297399,2.0
secondary/exploratory,smids,resnet50,gaussian_noise,3,raw_softmax,risk_at_80_coverage,Selective risk @ 80%,5,0.4208333333333333,0.057960115596848126,0.0483333333333333,0.0966666666666666,7.706896551724143,1.199174805452031,2.0
secondary/exploratory,smids,resnet50,gaussian_noise,4,raw_softmax,risk_at_80_coverage,Selective risk @ 80%,5,0.5766666666666667,0.036514837167011066,0.0483333333333333,0.0966666666666666,10.931034482758628,0.7554793896622984,2.0
secondary/exploratory,smids,resnet50,gaussian_noise,5,raw_softmax,risk_at_80_coverage,Selective risk @ 80%,5,0.6416666666666667,0.03159531435021481,0.0483333333333333,0.0966666666666666,12.275862068965527,0.653696158969962,2.0
secondary/exploratory,smids,xception,gaussian_noise,0,aps,conformal_coverage,APS coverage,3,0.9866666666666667,0.005773502691896279,0.9866666666666667,0.85,-0.0,0.04224514164802154,3.0
secondary/exploratory,smids,xception,gaussian_noise,1,aps,conformal_coverage,APS coverage,3,0.9844444444444443,0.011706281947614213,0.9866666666666667,0.85,0.016260162601626927,0.08565572156790885,3.0
secondary/exploratory,smids,xception,gaussian_noise,2,aps,conformal_coverage,APS coverage,3,0.9155555555555556,0.012619796324000645,0.9866666666666667,0.85,0.5203252032520325,0.09233997310244371,3.0
secondary/exploratory,smids,xception,gaussian_noise,3,aps,conformal_coverage,APS coverage,3,0.7333333333333334,0.0693621734889494,0.9866666666666667,0.85,1.853658536585365,0.5075280986996296,3.0
secondary/exploratory,smids,xception,gaussian_noise,4,aps,conformal_coverage,APS coverage,3,0.6699999999999999,0.02333333333333331,0.9866666666666667,0.85,2.317073170731707,0.17073170731707293,3.0
secondary/exploratory,smids,xception,gaussian_noise,5,aps,conformal_coverage,APS coverage,3,0.7000000000000001,0.055677643628300175,0.9866666666666667,0.85,2.097560975609755,0.40739739240219625,3.0
secondary/exploratory,smids,xception,gaussian_noise,0,raw_softmax,accuracy,Accuracy,3,0.8877777777777779,0.021688023662159054,0.8877777777777779,0.8377777777777778,-0.0,0.4337604732431807,2.0
secondary/exploratory,smids,xception,gaussian_noise,1,raw_softmax,accuracy,Accuracy,3,0.8666666666666667,0.03711842908553348,0.8877777777777779,0.8377777777777778,0.42222222222222344,0.7423685817106689,2.0
secondary/exploratory,smids,xception,gaussian_noise,2,raw_softmax,accuracy,Accuracy,3,0.6999999999999998,0.029627314724385286,0.8877777777777779,0.8377777777777778,3.7555555555555573,0.5925462944877052,2.0
secondary/exploratory,smids,xception,gaussian_noise,3,raw_softmax,accuracy,Accuracy,3,0.36222222222222217,0.017105338131489577,0.8877777777777779,0.8377777777777778,10.511111111111106,0.34210676262979123,2.0
secondary/exploratory,smids,xception,gaussian_noise,4,raw_softmax,accuracy,Accuracy,3,0.32444444444444437,0.0019245008972987368,0.8877777777777779,0.8377777777777778,11.266666666666659,0.0384900179459747,2.0
secondary/exploratory,smids,xception,gaussian_noise,5,raw_softmax,accuracy,Accuracy,3,0.32444444444444437,0.001924500897298725,0.8877777777777779,0.8377777777777778,11.266666666666659,0.03849001794597447,2.0
secondary/exploratory,smids,xception,gaussian_noise,0,raw_softmax,ece,ECE,3,0.051576605041821766,0.02328901129418406,0.051576605041821766,0.10315321008364353,0.0,0.4515421531777784,2.0
secondary/exploratory,smids,xception,gaussian_noise,1,raw_softmax,ece,ECE,3,0.048580245408746926,0.01702598238608989,0.051576605041821766,0.10315321008364353,-0.05809532501499838,0.3301105680043129,2.0
secondary/exploratory,smids,xception,gaussian_noise,2,raw_softmax,ece,ECE,3,0.15743850724564656,0.04711111856459608,0.051576605041821766,0.10315321008364353,2.052517844437122,0.9134203099718414,2.0
secondary/exploratory,smids,xception,gaussian_noise,3,raw_softmax,ece,ECE,3,0.5464594107204013,0.07164881233065754,0.051576605041821766,0.10315321008364353,9.59510237785708,1.389172712561439,2.0
secondary/exploratory,smids,xception,gaussian_noise,4,raw_softmax,ece,ECE,3,0.5902672369612588,0.0758043474575665,0.051576605041821766,0.10315321008364353,10.444476356724733,1.4697428688084309,2.0
secondary/exploratory,smids,xception,gaussian_noise,5,raw_softmax,ece,ECE,3,0.4301093629002571,0.22066592091932982,0.051576605041821766,0.10315321008364353,7.339233700075753,4.27841112730082,2.0
secondary/exploratory,smids,xception,gaussian_noise,0,raw_softmax,mean_predictive_entropy,Predictive entropy,3,0.28184684614340466,0.1500669198712702,0.28184684614340466,0.5636936922868093,0.0,0.5324413663827752,5.0
secondary/exploratory,smids,xception,gaussian_noise,1,raw_softmax,mean_predictive_entropy,Predictive entropy,3,0.31631993254025775,0.14778642872789724,0.28184684614340466,0.5636936922868093,0.12231141440310127,0.5243501240127519,5.0
secondary/exploratory,smids,xception,gaussian_noise,2,raw_softmax,mean_predictive_entropy,Predictive entropy,3,0.4061628480752309,0.1407608099798371,0.28184684614340466,0.5636936922868093,0.44107643435745175,0.49942304448642827,5.0
secondary/exploratory,smids,xception,gaussian_noise,3,raw_softmax,mean_predictive_entropy,Predictive entropy,3,0.2705746640761693,0.1703584861875575,0.28184684614340466,0.5636936922868093,-0.03999399752552144,0.6044363757076725,5.0
secondary/exploratory,smids,xception,gaussian_noise,4,raw_softmax,mean_predictive_entropy,Predictive entropy,3,0.2979925684630871,0.24224108130251476,0.28184684614340466,0.5636936922868093,0.05728544612298915,0.859477707901197,5.0
secondary/exploratory,smids,xception,gaussian_noise,5,raw_softmax,mean_predictive_entropy,Predictive entropy,3,0.583778502419591,0.48700772544003645,0.28184684614340466,0.5636936922868093,1.0712614329647756,1.7279161789599917,5.0
secondary/exploratory,smids,xception,gaussian_noise,0,raw_softmax,risk_at_80_coverage,Selective risk @ 80%,3,0.052777777777777764,0.01683938285136407,0.052777777777777764,0.10555555555555553,0.0,0.3190619908679509,2.0
secondary/exploratory,smids,xception,gaussian_noise,1,raw_softmax,risk_at_80_coverage,Selective risk @ 80%,3,0.07777777777777774,0.022948210613692073,0.052777777777777764,0.10555555555555553,0.47368421052631543,0.4348082011015341,2.0
secondary/exploratory,smids,xception,gaussian_noise,2,raw_softmax,risk_at_80_coverage,Selective risk @ 80%,3,0.23749999999999996,0.03818813079129867,0.052777777777777764,0.10555555555555553,3.5000000000000004,0.7235645834140804,2.0
secondary/exploratory,smids,xception,gaussian_noise,3,raw_softmax,risk_at_80_coverage,Selective risk @ 80%,3,0.6069444444444444,0.030142408908625982,0.052777777777777764,0.10555555555555553,10.500000000000002,0.5711193266897556,2.0
secondary/exploratory,smids,xception,gaussian_noise,4,raw_softmax,risk_at_80_coverage,Selective risk @ 80%,3,0.6666666666666666,0.036324157862838956,0.052777777777777764,0.10555555555555553,11.631578947368423,0.6882472016116856,2.0
secondary/exploratory,smids,xception,gaussian_noise,5,raw_softmax,risk_at_80_coverage,Selective risk @ 80%,3,0.6680555555555556,0.023692669596155548,0.052777777777777764,0.10555555555555553,11.65789473684211,0.44891373971663157,2.0
secondary/exploratory,hushem,resnet50,shot_noise,0,aps,conformal_coverage,APS coverage,5,0.9582452431289639,0.03827820942600411,0.9582452431289639,0.85,-0.0,0.35362486442382757,
secondary/exploratory,hushem,resnet50,shot_noise,1,aps,conformal_coverage,APS coverage,5,0.9723044397463003,0.030162991562676662,0.9582452431289639,0.85,-0.12988281250000303,0.27865419939738445,
secondary/exploratory,hushem,resnet50,shot_noise,2,aps,conformal_coverage,APS coverage,5,0.9723044397463003,0.030162991562676666,0.9582452431289639,0.85,-0.12988281250000303,0.2786541993973845,
secondary/exploratory,hushem,resnet50,shot_noise,3,aps,conformal_coverage,APS coverage,5,0.9723044397463003,0.025286154683748778,0.9582452431289639,0.85,-0.12988281250000303,0.23360060869947638,
secondary/exploratory,hushem,resnet50,shot_noise,4,aps,conformal_coverage,APS coverage,5,0.972198731501057,0.01949020406910635,0.9582452431289639,0.85,-0.12890625000000083,0.1800559868102992,
secondary/exploratory,hushem,resnet50,shot_noise,5,aps,conformal_coverage,APS coverage,5,0.9350951374207188,0.019713950077258263,0.9582452431289639,0.85,0.21386718749999856,0.18212301536217135,
secondary/exploratory,hushem,resnet50,shot_noise,0,raw_softmax,accuracy,Accuracy,5,0.8654334038054967,0.07816300968507428,0.8654334038054967,0.8154334038054967,-0.0,1.5632601937014843,3.0
secondary/exploratory,hushem,resnet50,shot_noise,1,raw_softmax,accuracy,Accuracy,5,0.8515856236786469,0.061135566501254894,0.8654334038054967,0.8154334038054967,0.2769556025369966,1.2227113300250967,3.0
secondary/exploratory,hushem,resnet50,shot_noise,2,raw_softmax,accuracy,Accuracy,5,0.8472515856236786,0.06052431717967962,0.8654334038054967,0.8154334038054967,0.3636363636363612,1.2104863435935913,3.0
secondary/exploratory,hushem,resnet50,shot_noise,3,raw_softmax,accuracy,Accuracy,5,0.814799154334038,0.05203595072440097,0.8654334038054967,0.8154334038054967,1.0126849894291725,1.0407190144880185,3.0
secondary/exploratory,hushem,resnet50,shot_noise,4,raw_softmax,accuracy,Accuracy,5,0.7125792811839323,0.0793977297000083,0.8654334038054967,0.8154334038054967,3.057082452431285,1.5879545940001647,3.0
secondary/exploratory,hushem,resnet50,shot_noise,5,raw_softmax,accuracy,Accuracy,5,0.48118393234672296,0.06932720350841748,0.8654334038054967,0.8154334038054967,7.684989429175468,1.3865440701683482,3.0
secondary/exploratory,hushem,resnet50,shot_noise,0,raw_softmax,ece,ECE,5,0.13218638327358637,0.042488959005374076,0.13218638327358637,0.26437276654717273,0.0,0.32143219258397143,
secondary/exploratory,hushem,resnet50,shot_noise,1,raw_softmax,ece,ECE,5,0.10152105509163714,0.030125281553275804,0.13218638327358637,0.26437276654717273,-0.23198552999578745,0.2279000363518946,
secondary/exploratory,hushem,resnet50,shot_noise,2,raw_softmax,ece,ECE,5,0.12052912504489019,0.033431902526662616,0.13218638327358637,0.26437276654717273,-0.08818804130958884,0.2529148744274859,
secondary/exploratory,hushem,resnet50,shot_noise,3,raw_softmax,ece,ECE,5,0.11388070944373749,0.04486714845531617,0.13218638327358637,0.26437276654717273,-0.13848380881986608,0.33942337587415916,
secondary/exploratory,hushem,resnet50,shot_noise,4,raw_softmax,ece,ECE,5,0.19305254912149578,0.015246524077226278,0.13218638327358637,0.26437276654717273,0.46045715406203835,0.1153411092704649,
secondary/exploratory,hushem,resnet50,shot_noise,5,raw_softmax,ece,ECE,5,0.17109810643480894,0.08340576888572598,0.13218638327358637,0.26437276654717273,0.29437013251725724,0.6309709579775773,
secondary/exploratory,hushem,resnet50,shot_noise,0,raw_softmax,mean_predictive_entropy,Predictive entropy,5,0.41389878988265993,0.07404948582141009,0.41389878988265993,0.8277975797653199,0.0,0.17890722957272495,4.0
secondary/exploratory,hushem,resnet50,shot_noise,1,raw_softmax,mean_predictive_entropy,Predictive entropy,5,0.4266676723957062,0.06537908398760249,0.41389878988265993,0.8277975797653199,0.030850253311120394,0.15795910881048342,4.0
secondary/exploratory,hushem,resnet50,shot_noise,2,raw_softmax,mean_predictive_entropy,Predictive entropy,5,0.4711423635482788,0.08342606638500619,0.41389878988265993,0.8277975797653199,0.13830331246401423,0.20156151316281312,4.0
secondary/exploratory,hushem,resnet50,shot_noise,3,raw_softmax,mean_predictive_entropy,Predictive entropy,5,0.5839996814727784,0.1429902440031735,0.41389878988265993,0.8277975797653199,0.4109721887284134,0.3454715198459777,4.0
secondary/exploratory,hushem,resnet50,shot_noise,4,raw_softmax,mean_predictive_entropy,Predictive entropy,5,0.9324541211128234,0.10036360374831652,0.41389878988265993,0.8277975797653199,1.2528553934095183,0.24248344329967608,4.0
secondary/exploratory,hushem,resnet50,shot_noise,5,raw_softmax,mean_predictive_entropy,Predictive entropy,5,1.135522222518921,0.08711489444454276,0.41389878988265993,0.8277975797653199,1.7434779957700308,0.21047390466939944,4.0
secondary/exploratory,hushem,resnet50,shot_noise,0,raw_softmax,risk_at_80_coverage,Selective risk @ 80%,5,0.08571428571428567,0.07284313590846836,0.08571428571428567,0.17142857142857135,0.0,0.8498365855987979,4.0
secondary/exploratory,hushem,resnet50,shot_noise,1,raw_softmax,risk_at_80_coverage,Selective risk @ 80%,5,0.09111111111111106,0.05138053802344557,0.08571428571428567,0.17142857142857135,0.06296296296296286,0.5994396102735319,4.0
secondary/exploratory,hushem,resnet50,shot_noise,2,raw_softmax,risk_at_80_coverage,Selective risk @ 80%,5,0.08539682539682533,0.045431222399995724,0.08571428571428567,0.17142857142857135,-0.0037037037037039836,0.5300309279999503,4.0
secondary/exploratory,hushem,resnet50,shot_noise,3,raw_softmax,risk_at_80_coverage,Selective risk @ 80%,5,0.1306349206349206,0.0656277706706144,0.08571428571428567,0.17142857142857135,0.5240740740740745,0.7656573244905017,4.0
secondary/exploratory,hushem,resnet50,shot_noise,4,raw_softmax,risk_at_80_coverage,Selective risk @ 80%,5,0.24460317460317454,0.07263617631282253,0.08571428571428567,0.17142857142857135,1.8537037037037043,0.8474220569829299,4.0
secondary/exploratory,hushem,resnet50,shot_noise,5,raw_softmax,risk_at_80_coverage,Selective risk @ 80%,5,0.43793650793650796,0.07428249212927805,0.08571428571428567,0.17142857142857135,4.109259259259262,0.8666290748415777,4.0
secondary/exploratory,smids,mobilenet_v3_large,shot_noise,0,aps,conformal_coverage,APS coverage,3,0.9577777777777777,0.010715167512214404,0.9577777777777777,0.85,-0.0,0.09941908001023676,3.0
secondary/exploratory,smids,mobilenet_v3_large,shot_noise,1,aps,conformal_coverage,APS coverage,3,0.9700000000000001,0.0057735026918962545,0.9577777777777777,0.85,-0.11340206185567138,0.05356858167738794,3.0
secondary/exploratory,smids,mobilenet_v3_large,shot_noise,2,aps,conformal_coverage,APS coverage,3,0.9111111111111111,0.050589121945920995,0.9577777777777777,0.85,0.4329896907216493,0.46938360568380316,3.0
secondary/exploratory,smids,mobilenet_v3_large,shot_noise,3,aps,conformal_coverage,APS coverage,3,0.7066666666666667,0.24440403706431152,0.9577777777777777,0.85,2.329896907216495,2.2676663232771177,3.0
secondary/exploratory,smids,mobilenet_v3_large,shot_noise,4,aps,conformal_coverage,APS coverage,3,0.5933333333333333,0.20420577856662137,0.9577777777777777,0.85,3.381443298969073,1.8946927908243225,3.0
secondary/exploratory,smids,mobilenet_v3_large,shot_noise,5,aps,conformal_coverage,APS coverage,3,0.5533333333333333,0.19427929494530405,0.9577777777777777,0.85,3.7525773195876293,1.8025913963997287,3.0
secondary/exploratory,smids,mobilenet_v3_large,shot_noise,0,raw_softmax,accuracy,Accuracy,3,0.8888888888888888,0.016442942874387495,0.8888888888888888,0.8388888888888888,-0.0,0.3288588574877496,1.0
secondary/exploratory,smids,mobilenet_v3_large,shot_noise,1,raw_softmax,accuracy,Accuracy,3,0.8300000000000001,0.03382963855030739,0.8888888888888888,0.8388888888888888,1.1777777777777743,0.6765927710061472,1.0
secondary/exploratory,smids,mobilenet_v3_large,shot_noise,2,raw_softmax,accuracy,Accuracy,3,0.5877777777777778,0.17714819073725108,0.8888888888888888,0.8388888888888888,6.022222222222214,3.5429638147450184,1.0
secondary/exploratory,smids,mobilenet_v3_large,shot_noise,3,raw_softmax,accuracy,Accuracy,3,0.40222222222222226,0.11653961335735362,0.8888888888888888,0.8388888888888888,9.733333333333324,2.3307922671470704,1.0
secondary/exploratory,smids,mobilenet_v3_large,shot_noise,4,raw_softmax,accuracy,Accuracy,3,0.32888888888888884,0.009622504486493797,0.8888888888888888,0.8388888888888888,11.19999999999999,0.19245008972987576,1.0
secondary/exploratory,smids,mobilenet_v3_large,shot_noise,5,raw_softmax,accuracy,Accuracy,3,0.3233333333333333,0.0,0.8888888888888888,0.8388888888888888,11.311111111111101,0.0,1.0
secondary/exploratory,smids,mobilenet_v3_large,shot_noise,0,raw_softmax,ece,ECE,3,0.03958280318313167,0.0059184862295023335,0.03958280318313167,0.07916560636626334,0.0,0.14952165469737408,2.0
secondary/exploratory,smids,mobilenet_v3_large,shot_noise,1,raw_softmax,ece,ECE,3,0.07756783296664553,0.018447789268642788,0.03958280318313167,0.07916560636626334,0.9596346577015873,0.46605565511096414,2.0
secondary/exploratory,smids,mobilenet_v3_large,shot_noise,2,raw_softmax,ece,ECE,3,0.29066253910462053,0.16890279959999455,0.03958280318313167,0.07916560636626334,6.3431519682892805,4.267075245241171,2.0
secondary/exploratory,smids,mobilenet_v3_large,shot_noise,3,raw_softmax,ece,ECE,3,0.5068005391624238,0.21207939724395736,0.03958280318313167,0.07916560636626334,11.803553523425002,5.357867058145484,2.0
secondary/exploratory,smids,mobilenet_v3_large,shot_noise,4,raw_softmax,ece,ECE,3,0.6077471738391452,0.06936912235643343,0.03958280318313167,0.07916560636626334,14.353818450587616,1.7525065629004084,2.0
secondary/exploratory,smids,mobilenet_v3_large,shot_noise,5,raw_softmax,ece,ECE,3,0.6250116527080536,0.07967594474615995,0.03958280318313167,0.07916560636626334,14.789979547845771,2.012892931749566,2.0
secondary/exploratory,smids,mobilenet_v3_large,shot_noise,0,raw_softmax,mean_predictive_entropy,Predictive entropy,3,0.21680468817551923,0.032669039399142466,0.21680468817551923,0.43360937635103847,0.0,0.15068419264390856,
secondary/exploratory,smids,mobilenet_v3_large,shot_noise,1,raw_softmax,mean_predictive_entropy,Predictive entropy,3,0.3080163995424906,0.02824465468219987,0.21680468817551923,0.43360937635103847,0.4207091282690752,0.1302769553550141,
secondary/exploratory,smids,mobilenet_v3_large,shot_noise,2,raw_softmax,mean_predictive_entropy,Predictive entropy,3,0.3475848138332367,0.049845461635168786,0.21680468817551923,0.43360937635103847,0.6032163176833215,0.22990951927577896,
secondary/exploratory,smids,mobilenet_v3_large,shot_noise,3,raw_softmax,mean_predictive_entropy,Predictive entropy,3,0.2517266993721326,0.22810957390402314,0.21680468817551923,0.43360937635103847,0.16107590426430932,1.0521431792994798,
secondary/exploratory,smids,mobilenet_v3_large,shot_noise,4,raw_softmax,mean_predictive_entropy,Predictive entropy,3,0.2364880396053195,0.20939039042570531,0.21680468817551923,0.43360937635103847,0.09078840312652812,0.9658019491542936,
secondary/exploratory,smids,mobilenet_v3_large,shot_noise,5,raw_softmax,mean_predictive_entropy,Predictive entropy,3,0.19020175832944608,0.2746299812494134,0.21680468817551923,0.43360937635103847,-0.12270458757116977,1.2667160639399107,
secondary/exploratory,smids,mobilenet_v3_large,shot_noise,0,raw_softmax,risk_at_80_coverage,Selective risk @ 80%,3,0.05416666666666664,0.014433756729740645,0.05416666666666664,0.10833333333333328,0.0,0.26646935501059665,2.0
secondary/exploratory,smids,mobilenet_v3_large,shot_noise,1,raw_softmax,risk_at_80_coverage,Selective risk @ 80%,3,0.10277777777777776,0.01339395939026799,0.05416666666666664,0.10833333333333328,0.897435897435898,0.24727309643571685,2.0
secondary/exploratory,smids,mobilenet_v3_large,shot_noise,2,raw_softmax,risk_at_80_coverage,Selective risk @ 80%,3,0.38611111111111107,0.20005786200034267,0.05416666666666664,0.10833333333333328,6.128205128205131,3.6933759138524818,2.0
secondary/exploratory,smids,mobilenet_v3_large,shot_noise,3,raw_softmax,risk_at_80_coverage,Selective risk @ 80%,3,0.5388888888888889,0.10226033407888872,0.05416666666666664,0.10833333333333328,8.948717948717952,1.8878830906871773,2.0
secondary/exploratory,smids,mobilenet_v3_large,shot_noise,4,raw_softmax,risk_at_80_coverage,Selective risk @ 80%,3,0.6291666666666668,0.0253448438762426,0.05416666666666664,0.10833333333333328,10.615384615384624,0.46790481002294054,2.0
secondary/exploratory,smids,mobilenet_v3_large,shot_noise,5,raw_softmax,risk_at_80_coverage,Selective risk @ 80%,3,0.7125,0.018162078931419412,0.05416666666666664,0.10833333333333328,12.153846153846162,0.335299918733897,2.0
secondary/exploratory,smids,resnet50,shot_noise,0,aps,conformal_coverage,APS coverage,5,0.9773333333333334,0.013824294235551829,0.9773333333333334,0.85,-0.0,0.10856775577658498,4.0
secondary/exploratory,smids,resnet50,shot_noise,1,aps,conformal_coverage,APS coverage,5,0.9786666666666667,0.012823589374447547,0.9773333333333334,0.85,-0.010471204188481388,0.10070881707681315,4.0
secondary/exploratory,smids,resnet50,shot_noise,2,aps,conformal_coverage,APS coverage,5,0.9800000000000001,0.007071067811865481,0.9773333333333334,0.85,-0.020942408376963647,0.055531946166482805,4.0
secondary/exploratory,smids,resnet50,shot_noise,3,aps,conformal_coverage,APS coverage,5,0.9560000000000001,0.00983192080250171,0.9773333333333334,0.85,0.16753926701570657,0.07721403771598197,4.0
secondary/exploratory,smids,resnet50,shot_noise,4,aps,conformal_coverage,APS coverage,5,0.8173333333333334,0.033532736906558135,0.9773333333333334,0.85,1.2565445026178006,0.26334610136040404,4.0
secondary/exploratory,smids,resnet50,shot_noise,5,aps,conformal_coverage,APS coverage,5,0.6279999999999999,0.05833809504374767,0.9773333333333334,0.85,2.7434554973821985,0.45815257887759925,4.0
secondary/exploratory,smids,resnet50,shot_noise,0,raw_softmax,accuracy,Accuracy,5,0.8966666666666667,0.007071067811865407,0.8966666666666667,0.8466666666666667,-0.0,0.141421356237308,3.0
secondary/exploratory,smids,resnet50,shot_noise,1,raw_softmax,accuracy,Accuracy,5,0.8906666666666666,0.017701224063135627,0.8966666666666667,0.8466666666666667,0.12000000000000222,0.35402448126271224,3.0
secondary/exploratory,smids,resnet50,shot_noise,2,raw_softmax,accuracy,Accuracy,5,0.8826666666666666,0.009831920802501762,0.8966666666666667,0.8466666666666667,0.28000000000000225,0.19663841605003507,3.0
secondary/exploratory,smids,resnet50,shot_noise,3,raw_softmax,accuracy,Accuracy,5,0.8273333333333334,0.02152517905461728,0.8966666666666667,0.8466666666666667,1.3866666666666658,0.43050358109234527,3.0
secondary/exploratory,smids,resnet50,shot_noise,4,raw_softmax,accuracy,Accuracy,5,0.5506666666666666,0.04380512400266537,0.8966666666666667,0.8466666666666667,6.9199999999999955,0.8761024800533066,3.0
secondary/exploratory,smids,resnet50,shot_noise,5,raw_softmax,accuracy,Accuracy,5,0.3893333333333333,0.02100264533603117,0.8966666666666667,0.8466666666666667,10.14666666666666,0.420052906720623,3.0
secondary/exploratory,smids,resnet50,shot_noise,0,raw_softmax,ece,ECE,5,0.0468318364024162,0.010724334451363692,0.0468318364024162,0.0936636728048324,0.0,0.22899666712216285,4.0
secondary/exploratory,smids,resnet50,shot_noise,1,raw_softmax,ece,ECE,5,0.0476935364802678,0.007297407501097836,0.0468318364024162,0.0936636728048324,0.018399878032695348,0.15582151078579826,4.0
secondary/exploratory,smids,resnet50,shot_noise,2,raw_softmax,ece,ECE,5,0.04946267517407734,0.013058302280546821,0.0468318364024162,0.0936636728048324,0.056176288904302034,0.27883387207666926,4.0
secondary/exploratory,smids,resnet50,shot_noise,3,raw_softmax,ece,ECE,5,0.0918185152014096,0.027703149337059314,0.0468318364024162,0.0936636728048324,0.9606003576804517,0.5915452278875407,4.0
secondary/exploratory,smids,resnet50,shot_noise,4,raw_softmax,ece,ECE,5,0.34089863946040466,0.06577951517479402,0.0468318364024162,0.0936636728048324,6.279207172896954,1.40458970281593,4.0
secondary/exploratory,smids,resnet50,shot_noise,5,raw_softmax,ece,ECE,5,0.5415138774315517,0.04722700535598493,0.0468318364024162,0.0936636728048324,10.56294348097811,1.0084380409551554,4.0
secondary/exploratory,smids,resnet50,shot_noise,0,raw_softmax,mean_predictive_entropy,Predictive entropy,5,0.18622796833515162,0.03649808680153978,0.18622796833515162,0.37245593667030324,0.0,0.19598606550791947,
secondary/exploratory,smids,resnet50,shot_noise,1,raw_softmax,mean_predictive_entropy,Predictive entropy,5,0.1932979643344879,0.02757721674231507,0.18622796833515162,0.37245593667030324,0.03796420087992644,0.14808311011955397,
secondary/exploratory,smids,resnet50,shot_noise,2,raw_softmax,mean_predictive_entropy,Predictive entropy,5,0.19661885797977444,0.029704765068025146,0.18622796833515162,0.37245593667030324,0.05579661174159667,0.1595075397835299,
secondary/exploratory,smids,resnet50,shot_noise,3,raw_softmax,mean_predictive_entropy,Predictive entropy,5,0.24321953356266018,0.023007905037844445,0.18622796833515162,0.37245593667030324,0.30603118176611216,0.12354699051668475,
secondary/exploratory,smids,resnet50,shot_noise,4,raw_softmax,mean_predictive_entropy,Predictive entropy,5,0.2676450610160827,0.05083794461139101,0.18622796833515162,0.37245593667030324,0.4371904682673979,0.27298769924772387,
secondary/exploratory,smids,resnet50,shot_noise,5,raw_softmax,mean_predictive_entropy,Predictive entropy,5,0.19153406918048857,0.09273940641186852,0.18622796833515162,0.37245593667030324,0.028492502456922253,0.497988606335257,
secondary/exploratory,smids,resnet50,shot_noise,0,raw_softmax,risk_at_80_coverage,Selective risk @ 80%,5,0.0483333333333333,0.008640183897219877,0.0483333333333333,0.0966666666666666,0.0,0.17876242545972174,3.0
secondary/exploratory,smids,resnet50,shot_noise,1,raw_softmax,risk_at_80_coverage,Selective risk @ 80%,5,0.053333333333333274,0.0018633899812497932,0.0483333333333333,0.0966666666666666,0.10344827586206856,0.038552896163788854,3.0
secondary/exploratory,smids,resnet50,shot_noise,2,raw_softmax,risk_at_80_coverage,Selective risk @ 80%,5,0.05249999999999998,0.008122328620674153,0.0483333333333333,0.0966666666666666,0.08620689655172446,0.1680481783587757,3.0
secondary/exploratory,smids,resnet50,shot_noise,3,raw_softmax,risk_at_80_coverage,Selective risk @ 80%,5,0.12083333333333328,0.026020824993326648,0.0483333333333333,0.0966666666666666,1.5000000000000007,0.5383618964136552,3.0
secondary/exploratory,smids,resnet50,shot_noise,4,raw_softmax,risk_at_80_coverage,Selective risk @ 80%,5,0.41666666666666663,0.051285556771213235,0.0483333333333333,0.0966666666666666,7.62068965517242,1.061080484921654,3.0
secondary/exploratory,smids,resnet50,shot_noise,5,raw_softmax,risk_at_80_coverage,Selective risk @ 80%,5,0.5833333333333333,0.015866193970549808,0.0483333333333333,0.0966666666666666,11.068965517241386,0.32826608214930664,3.0
secondary/exploratory,smids,xception,shot_noise,0,aps,conformal_coverage,APS coverage,3,0.9866666666666667,0.005773502691896279,0.9866666666666667,0.85,-0.0,0.04224514164802154,5.0
secondary/exploratory,smids,xception,shot_noise,1,aps,conformal_coverage,APS coverage,3,0.9855555555555554,0.006938886664887052,0.9866666666666667,0.85,0.008130081300814275,0.05077234145039304,5.0
secondary/exploratory,smids,xception,shot_noise,2,aps,conformal_coverage,APS coverage,3,0.9777777777777777,0.006938886664887072,0.9866666666666667,0.85,0.06504065040650446,0.05077234145039319,5.0
secondary/exploratory,smids,xception,shot_noise,3,aps,conformal_coverage,APS coverage,3,0.9733333333333333,0.008819171036881832,0.9866666666666667,0.85,0.0975609756097567,0.06453051978206216,5.0
secondary/exploratory,smids,xception,shot_noise,4,aps,conformal_coverage,APS coverage,3,0.8766666666666666,0.04910306620885412,0.9866666666666667,0.85,0.8048780487804882,0.35929072835746906,5.0
secondary/exploratory,smids,xception,shot_noise,5,aps,conformal_coverage,APS coverage,3,0.7111111111111111,0.06003085626328931,0.9866666666666667,0.85,2.0162601626016254,0.4392501677801655,5.0
secondary/exploratory,smids,xception,shot_noise,0,raw_softmax,accuracy,Accuracy,3,0.8877777777777779,0.021688023662159054,0.8877777777777779,0.8377777777777778,-0.0,0.4337604732431807,4.0
secondary/exploratory,smids,xception,shot_noise,1,raw_softmax,accuracy,Accuracy,3,0.8722222222222222,0.0309719108105919,0.8877777777777779,0.8377777777777778,0.31111111111111284,0.6194382162118375,4.0
secondary/exploratory,smids,xception,shot_noise,2,raw_softmax,accuracy,Accuracy,3,0.861111111111111,0.020092379244472387,0.8877777777777779,0.8377777777777778,0.5333333333333363,0.4018475848894474,4.0
secondary/exploratory,smids,xception,shot_noise,3,raw_softmax,accuracy,Accuracy,3,0.8444444444444444,0.001924500897298749,0.8877777777777779,0.8377777777777778,0.8666666666666681,0.038490017945974946,4.0
secondary/exploratory,smids,xception,shot_noise,4,raw_softmax,accuracy,Accuracy,3,0.6844444444444444,0.08335555259338248,0.8877777777777779,0.8377777777777778,4.0666666666666655,1.6671110518676482,4.0
secondary/exploratory,smids,xception,shot_noise,5,raw_softmax,accuracy,Accuracy,3,0.35888888888888887,0.0283496684937179,0.8877777777777779,0.8377777777777778,10.57777777777777,0.5669933698743576,4.0
secondary/exploratory,smids,xception,shot_noise,0,raw_softmax,ece,ECE,3,0.051576605041821766,0.02328901129418406,0.051576605041821766,0.10315321008364353,0.0,0.4515421531777784,4.0
secondary/exploratory,smids,xception,shot_noise,1,raw_softmax,ece,ECE,3,0.050279342664612564,0.0076780722449898775,0.051576605041821766,0.10315321008364353,-0.025152147493176305,0.14886734477315794,4.0
secondary/exploratory,smids,xception,shot_noise,2,raw_softmax,ece,ECE,3,0.054200241135226306,0.013185944134994737,0.051576605041821766,0.10315321008364353,0.050868724129421075,0.25565746571149245,4.0
secondary/exploratory,smids,xception,shot_noise,3,raw_softmax,ece,ECE,3,0.06916088309552927,0.04160117332554352,0.051576605041821766,0.10315321008364353,0.3409351592538709,0.8065899896243753,4.0
secondary/exploratory,smids,xception,shot_noise,4,raw_softmax,ece,ECE,3,0.12280143456326587,0.040153669407356506,0.051576605041821766,0.10315321008364353,1.3809522643782048,0.778524863643065,4.0
secondary/exploratory,smids,xception,shot_noise,5,raw_softmax,ece,ECE,3,0.2413461309009128,0.21628608058921633,0.051576605041821766,0.10315321008364353,3.6793721825081973,4.1934919992085,4.0
secondary/exploratory,smids,xception,shot_noise,0,raw_softmax,mean_predictive_entropy,Predictive entropy,3,0.28184684614340466,0.1500669198712702,0.28184684614340466,0.5636936922868093,0.0,0.5324413663827752,4.0
secondary/exploratory,smids,xception,shot_noise,1,raw_softmax,mean_predictive_entropy,Predictive entropy,3,0.30791166921456653,0.1474683025745396,0.28184684614340466,0.5636936922868093,0.09247867566309398,0.5232214040795305,4.0
secondary/exploratory,smids,xception,shot_noise,2,raw_softmax,mean_predictive_entropy,Predictive entropy,3,0.35523734986782074,0.16625633083637123,0.28184684614340466,0.5636936922868093,0.2603914314764932,0.589881820965204,4.0
secondary/exploratory,smids,xception,shot_noise,3,raw_softmax,mean_predictive_entropy,Predictive entropy,3,0.43408525983492535,0.17516775839867132,0.28184684614340466,0.5636936922868093,0.5401458833925048,0.6214997996094139,4.0
secondary/exploratory,smids,xception,shot_noise,4,raw_softmax,mean_predictive_entropy,Predictive entropy,3,0.6485933760801951,0.21944338580293474,0.28184684614340466,0.5636936922868093,1.301226304126137,0.7785908865245247,4.0
secondary/exploratory,smids,xception,shot_noise,5,raw_softmax,mean_predictive_entropy,Predictive entropy,3,0.8083415230115255,0.3852450345149487,0.28184684614340466,0.5636936922868093,1.8680169179549329,1.3668594833909713,4.0
secondary/exploratory,smids,xception,shot_noise,0,raw_softmax,risk_at_80_coverage,Selective risk @ 80%,3,0.052777777777777764,0.01683938285136407,0.052777777777777764,0.10555555555555553,0.0,0.3190619908679509,4.0
secondary/exploratory,smids,xception,shot_noise,1,raw_softmax,risk_at_80_coverage,Selective risk @ 80%,3,0.0569444444444444,0.027110029577698813,0.052777777777777764,0.10555555555555553,0.07894736842105211,0.5136637183142935,4.0
secondary/exploratory,smids,xception,shot_noise,2,raw_softmax,risk_at_80_coverage,Selective risk @ 80%,3,0.0694444444444444,0.01924500897298751,0.052777777777777764,0.10555555555555553,0.3157894736842101,0.3646422752776582,4.0
secondary/exploratory,smids,xception,shot_noise,3,raw_softmax,risk_at_80_coverage,Selective risk @ 80%,3,0.08888888888888886,0.00636468846521644,0.052777777777777764,0.10555555555555553,0.6842105263157895,0.12059409723567996,4.0
secondary/exploratory,smids,xception,shot_noise,4,raw_softmax,risk_at_80_coverage,Selective risk @ 80%,3,0.2472222222222222,0.08753306253660406,0.052777777777777764,0.10555555555555553,3.6842105263157907,1.6585211849040773,4.0
secondary/exploratory,smids,xception,shot_noise,5,raw_softmax,risk_at_80_coverage,Selective risk @ 80%,3,0.6277777777777778,0.029265704869035365,0.052777777777777764,0.10555555555555553,10.894736842105265,0.5545080922554071,4.0
secondary/exploratory,hushem,resnet50,jpeg,0,aps,conformal_coverage,APS coverage,5,0.9582452431289639,0.03827820942600411,0.9582452431289639,0.85,-0.0,0.35362486442382757,
secondary/exploratory,hushem,resnet50,jpeg,1,aps,conformal_coverage,APS coverage,5,0.9583509513742072,0.04470846473703608,0.9582452431289639,0.85,-0.0009765625000021665,0.41302937149644725,
secondary/exploratory,hushem,resnet50,jpeg,2,aps,conformal_coverage,APS coverage,5,0.9861522198731499,0.012643077341874436,0.9582452431289639,0.85,-0.25781250000000067,0.11680030434973862,
secondary/exploratory,hushem,resnet50,jpeg,3,aps,conformal_coverage,APS coverage,5,0.9861522198731499,0.020742802269516317,0.9582452431289639,0.85,-0.25781250000000067,0.19162784127893034,
secondary/exploratory,hushem,resnet50,jpeg,4,aps,conformal_coverage,APS coverage,5,0.9675475687103594,0.012836045623246464,0.9582452431289639,0.85,-0.08593750000000193,0.11858299960538256,
secondary/exploratory,hushem,resnet50,jpeg,5,aps,conformal_coverage,APS coverage,5,0.9723044397463003,0.019208674534460655,0.9582452431289639,0.85,-0.12988281250000303,0.17745513778906064,
secondary/exploratory,hushem,resnet50,jpeg,0,raw_softmax,accuracy,Accuracy,5,0.8654334038054967,0.07816300968507428,0.8654334038054967,0.8154334038054967,-0.0,1.5632601937014843,3.0
secondary/exploratory,hushem,resnet50,jpeg,1,raw_softmax,accuracy,Accuracy,5,0.8378435517970402,0.017587005786964427,0.8654334038054967,0.8154334038054967,0.5517970401691303,0.3517401157392882,3.0
secondary/exploratory,hushem,resnet50,jpeg,2,raw_softmax,accuracy,Accuracy,5,0.8328752642706132,0.060840123188911535,0.8654334038054967,0.8154334038054967,0.6511627906976697,1.2168024637782295,3.0
secondary/exploratory,hushem,resnet50,jpeg,3,raw_softmax,accuracy,Accuracy,5,0.8143763213530656,0.06012188392917483,0.8654334038054967,0.8154334038054967,1.0211416490486216,1.2024376785834956,3.0
secondary/exploratory,hushem,resnet50,jpeg,4,raw_softmax,accuracy,Accuracy,5,0.7678646934460888,0.11098258275565533,0.8654334038054967,0.8154334038054967,1.9513742071881572,2.2196516551131045,3.0
secondary/exploratory,hushem,resnet50,jpeg,5,raw_softmax,accuracy,Accuracy,5,0.7079281183932347,0.06009074437132987,0.8654334038054967,0.8154334038054967,3.1501057082452384,1.2018148874265964,3.0
secondary/exploratory,hushem,resnet50,jpeg,0,raw_softmax,ece,ECE,5,0.13218638327358637,0.042488959005374076,0.13218638327358637,0.26437276654717273,0.0,0.32143219258397143,
secondary/exploratory,hushem,resnet50,jpeg,1,raw_softmax,ece,ECE,5,0.1328374488661203,0.032111887137205086,0.13218638327358637,0.26437276654717273,0.004925360513014667,0.24292885804086994,
secondary/exploratory,hushem,resnet50,jpeg,2,raw_softmax,ece,ECE,5,0.12647959223572341,0.026523143032723587,0.13218638327358637,0.26437276654717273,-0.043172306379331046,0.20064958565231789,
secondary/exploratory,hushem,resnet50,jpeg,3,raw_softmax,ece,ECE,5,0.1356406643388135,0.04332307091960868,0.13218638327358637,0.26437276654717273,0.02613189785272967,0.32774231238283336,
secondary/exploratory,hushem,resnet50,jpeg,4,raw_softmax,ece,ECE,5,0.1544447479332476,0.05516799678462861,0.13218638327358637,0.26437276654717273,0.16838621428648268,0.4173500735733674,
secondary/exploratory,hushem,resnet50,jpeg,5,raw_softmax,ece,ECE,5,0.17919520156391072,0.05746416250306103,0.13218638327358637,0.26437276654717273,0.35562527036563313,0.43472074112298964,
secondary/exploratory,hushem,resnet50,jpeg,0,raw_softmax,mean_predictive_entropy,Predictive entropy,5,0.41389878988265993,0.07404948582141009,0.41389878988265993,0.8277975797653199,0.0,0.17890722957272495,
secondary/exploratory,hushem,resnet50,jpeg,1,raw_softmax,mean_predictive_entropy,Predictive entropy,5,0.4435272991657257,0.10299081739127343,0.41389878988265993,0.8277975797653199,0.07158394759130711,0.24883092173444446,
secondary/exploratory,hushem,resnet50,jpeg,2,raw_softmax,mean_predictive_entropy,Predictive entropy,5,0.5311785638332367,0.14413227361872272,0.41389878988265993,0.8277975797653199,0.283353749315927,0.34823072002598543,
secondary/exploratory,hushem,resnet50,jpeg,3,raw_softmax,mean_predictive_entropy,Predictive entropy,5,0.5851763784885406,0.12148853414879308,0.41389878988265993,0.8277975797653199,0.41381514706635847,0.2935223226509916,
secondary/exploratory,hushem,resnet50,jpeg,4,raw_softmax,mean_predictive_entropy,Predictive entropy,5,0.6655180394649506,0.11373545192605386,0.41389878988265993,0.8277975797653199,0.6079245838182434,0.2747904915554302,
secondary/exploratory,hushem,resnet50,jpeg,5,raw_softmax,mean_predictive_entropy,Predictive entropy,5,0.7982976913452149,0.1116337520811475,0.41389878988265993,0.8277975797653199,0.9287268067914183,0.26971268051495295,
secondary/exploratory,hushem,resnet50,jpeg,0,raw_softmax,risk_at_80_coverage,Selective risk @ 80%,5,0.08571428571428567,0.07284313590846836,0.08571428571428567,0.17142857142857135,0.0,0.8498365855987979,5.0
secondary/exploratory,hushem,resnet50,jpeg,1,raw_softmax,risk_at_80_coverage,Selective risk @ 80%,5,0.09111111111111106,0.03762273104999645,0.08571428571428567,0.17142857142857135,0.06296296296296286,0.4389318622499588,5.0
secondary/exploratory,hushem,resnet50,jpeg,2,raw_softmax,risk_at_80_coverage,Selective risk @ 80%,5,0.09698412698412692,0.04364502126335096,0.08571428571428567,0.17142857142857135,0.1314814814814813,0.5091919147390948,5.0
secondary/exploratory,hushem,resnet50,jpeg,3,raw_softmax,risk_at_80_coverage,Selective risk @ 80%,5,0.1425396825396825,0.05408949965837198,0.08571428571428567,0.17142857142857135,0.6629629629629632,0.6310441626810067,5.0
secondary/exploratory,hushem,resnet50,jpeg,4,raw_softmax,risk_at_80_coverage,Selective risk @ 80%,5,0.14857142857142852,0.10182016960688835,0.08571428571428567,0.17142857142857135,0.7333333333333336,1.1879019787470313,5.0
secondary/exploratory,hushem,resnet50,jpeg,5,raw_softmax,risk_at_80_coverage,Selective risk @ 80%,5,0.22809523809523807,0.09776991825761017,0.08571428571428567,0.17142857142857135,1.6611111111111119,1.1406490463387857,5.0
secondary/exploratory,smids,mobilenet_v3_large,jpeg,0,aps,conformal_coverage,APS coverage,3,0.9577777777777777,0.010715167512214404,0.9577777777777777,0.85,-0.0,0.09941908001023676,4.0
secondary/exploratory,smids,mobilenet_v3_large,jpeg,1,aps,conformal_coverage,APS coverage,3,0.9677777777777777,0.006938886664887156,0.9577777777777777,0.85,-0.09278350515463928,0.06438142266390146,4.0
secondary/exploratory,smids,mobilenet_v3_large,jpeg,2,aps,conformal_coverage,APS coverage,3,0.9633333333333334,0.010000000000000009,0.9577777777777777,0.85,-0.05154639175257818,0.09278350515463928,4.0
secondary/exploratory,smids,mobilenet_v3_large,jpeg,3,aps,conformal_coverage,APS coverage,3,0.9044444444444445,0.06809579309353142,0.9577777777777777,0.85,0.49484536082474145,0.6318166369502917,4.0
secondary/exploratory,smids,mobilenet_v3_large,jpeg,4,aps,conformal_coverage,APS coverage,3,0.8333333333333334,0.15169413670643678,0.9577777777777777,0.85,1.1546391752577314,1.407471371503022,4.0
secondary/exploratory,smids,mobilenet_v3_large,jpeg,5,aps,conformal_coverage,APS coverage,3,0.7366666666666667,0.1217009084235246,0.9577777777777777,0.85,2.051546391752577,1.1291836864038367,4.0
secondary/exploratory,smids,mobilenet_v3_large,jpeg,0,raw_softmax,accuracy,Accuracy,3,0.8888888888888888,0.016442942874387495,0.8888888888888888,0.8388888888888888,-0.0,0.3288588574877496,2.0
secondary/exploratory,smids,mobilenet_v3_large,jpeg,1,raw_softmax,accuracy,Accuracy,3,0.8755555555555555,0.01575271875417536,0.8888888888888888,0.8388888888888888,0.26666666666666594,0.3150543750835069,2.0
secondary/exploratory,smids,mobilenet_v3_large,jpeg,2,raw_softmax,accuracy,Accuracy,3,0.8300000000000001,0.015275252316519494,0.8888888888888888,0.8388888888888888,1.1777777777777743,0.3055050463303896,2.0
secondary/exploratory,smids,mobilenet_v3_large,jpeg,3,raw_softmax,accuracy,Accuracy,3,0.7511111111111112,0.09453590342847014,0.8888888888888888,0.8388888888888888,2.7555555555555507,1.8907180685694012,2.0
secondary/exploratory,smids,mobilenet_v3_large,jpeg,4,raw_softmax,accuracy,Accuracy,3,0.6333333333333333,0.2085132556404455,0.8888888888888888,0.8388888888888888,5.111111111111106,4.170265112808907,2.0
secondary/exploratory,smids,mobilenet_v3_large,jpeg,5,raw_softmax,accuracy,Accuracy,3,0.43222222222222223,0.12066175557839054,0.8888888888888888,0.8388888888888888,9.133333333333324,2.4132351115678086,2.0
secondary/exploratory,smids,mobilenet_v3_large,jpeg,0,raw_softmax,ece,ECE,3,0.03958280318313167,0.0059184862295023335,0.03958280318313167,0.07916560636626334,0.0,0.14952165469737408,3.0
secondary/exploratory,smids,mobilenet_v3_large,jpeg,1,raw_softmax,ece,ECE,3,0.04932744893762797,0.013941220223859368,0.03958280318313167,0.07916560636626334,0.24618382153007828,0.3522039649228395,3.0
secondary/exploratory,smids,mobilenet_v3_large,jpeg,2,raw_softmax,ece,ECE,3,0.0712404002414809,0.014926424092933417,0.03958280318313167,0.07916560636626334,0.7997815847423411,0.3770936591801148,3.0
secondary/exploratory,smids,mobilenet_v3_large,jpeg,3,raw_softmax,ece,ECE,3,0.12360699272818032,0.08228405881062101,0.03958280318313167,0.07916560636626334,2.122744797944371,2.0787830116510446,3.0
secondary/exploratory,smids,mobilenet_v3_large,jpeg,4,raw_softmax,ece,ECE,3,0.2434166683091058,0.23358074450749644,0.03958280318313167,0.07916560636626334,5.149556088358051,5.901066264226521,3.0
secondary/exploratory,smids,mobilenet_v3_large,jpeg,5,raw_softmax,ece,ECE,3,0.44162923051251307,0.2002415474500619,0.03958280318313167,0.07916560636626334,10.157098411380694,5.058801584204007,3.0
secondary/exploratory,smids,mobilenet_v3_large,jpeg,0,raw_softmax,mean_predictive_entropy,Predictive entropy,3,0.21680468817551923,0.032669039399142466,0.21680468817551923,0.43360937635103847,0.0,0.15068419264390856,
secondary/exploratory,smids,mobilenet_v3_large,jpeg,1,raw_softmax,mean_predictive_entropy,Predictive entropy,3,0.25551730891068775,0.014855322046154171,0.21680468817551923,0.43360937635103847,0.17855988752340918,0.06851937645429375,
secondary/exploratory,smids,mobilenet_v3_large,jpeg,2,raw_softmax,mean_predictive_entropy,Predictive entropy,3,0.29548563559850055,0.005505527491477964,0.21680468817551923,0.43360937635103847,0.3629116514274052,0.025393950369840882,
secondary/exploratory,smids,mobilenet_v3_large,jpeg,3,raw_softmax,mean_predictive_entropy,Predictive entropy,3,0.3189232250054677,0.01840809759769413,0.21680468817551923,0.43360937635103847,0.47101627593622913,0.08490636320000344,
secondary/exploratory,smids,mobilenet_v3_large,jpeg,4,raw_softmax,mean_predictive_entropy,Predictive entropy,3,0.33527757227420807,0.08969511274664803,0.21680468817551923,0.43360937635103847,0.5464498258579001,0.4137138984468513,
secondary/exploratory,smids,mobilenet_v3_large,jpeg,5,raw_softmax,mean_predictive_entropy,Predictive entropy,3,0.33553601304690045,0.19158815792562836,0.21680468817551923,0.43360937635103847,0.5476418700653721,0.88369010623296,
secondary/exploratory,smids,mobilenet_v3_large,jpeg,0,raw_softmax,risk_at_80_coverage,Selective risk @ 80%,3,0.05416666666666664,0.014433756729740645,0.05416666666666664,0.10833333333333328,0.0,0.26646935501059665,2.0
secondary/exploratory,smids,mobilenet_v3_large,jpeg,1,raw_softmax,risk_at_80_coverage,Selective risk @ 80%,3,0.06805555555555554,0.01878854063676206,0.05416666666666664,0.10833333333333328,0.25641025641025667,0.34686536560176123,2.0
secondary/exploratory,smids,mobilenet_v3_large,jpeg,2,raw_softmax,risk_at_80_coverage,Selective risk @ 80%,3,0.1111111111111111,0.019245008972987504,0.05416666666666664,0.10833333333333328,1.0512820512820522,0.3552924733474618,2.0
secondary/exploratory,smids,mobilenet_v3_large,jpeg,3,raw_softmax,risk_at_80_coverage,Selective risk @ 80%,3,0.18333333333333335,0.09213893494789992,0.05416666666666664,0.10833333333333328,2.3846153846153864,1.7010264913458455,2.0
secondary/exploratory,smids,mobilenet_v3_large,jpeg,4,raw_softmax,risk_at_80_coverage,Selective risk @ 80%,3,0.3138888888888889,0.23549347321300843,0.05416666666666664,0.10833333333333328,4.794871794871797,4.347571813163235,2.0
secondary/exploratory,smids,mobilenet_v3_large,jpeg,5,raw_softmax,risk_at_80_coverage,Selective risk @ 80%,3,0.5041666666666667,0.10921118685067632,0.05416666666666664,0.10833333333333328,8.307692307692312,2.016206526474025,2.0
secondary/exploratory,smids,resnet50,jpeg,0,aps,conformal_coverage,APS coverage,5,0.9773333333333334,0.013824294235551829,0.9773333333333334,0.85,-0.0,0.10856775577658498,
secondary/exploratory,smids,resnet50,jpeg,1,aps,conformal_coverage,APS coverage,5,0.9786666666666666,0.012823589374447483,0.9773333333333334,0.85,-0.010471204188480515,0.10070881707681263,
secondary/exploratory,smids,resnet50,jpeg,2,aps,conformal_coverage,APS coverage,5,0.9826666666666668,0.010110500592068684,0.9773333333333334,0.85,-0.041884816753927294,0.079401837110487,
secondary/exploratory,smids,resnet50,jpeg,3,aps,conformal_coverage,APS coverage,5,0.9806666666666665,0.012337837015547784,0.9773333333333334,0.85,-0.026178010471202162,0.0968940079755061,
secondary/exploratory,smids,resnet50,jpeg,4,aps,conformal_coverage,APS coverage,5,0.9806666666666668,0.005962847939999459,0.9773333333333334,0.85,-0.026178010471204778,0.04682864874345122,
secondary/exploratory,smids,resnet50,jpeg,5,aps,conformal_coverage,APS coverage,5,0.874,0.06304319506849605,0.9773333333333334,0.85,0.8115183246073298,0.4951036261923771,
secondary/exploratory,smids,resnet50,jpeg,0,raw_softmax,accuracy,Accuracy,5,0.8966666666666667,0.007071067811865407,0.8966666666666667,0.8466666666666667,-0.0,0.141421356237308,5.0
secondary/exploratory,smids,resnet50,jpeg,1,raw_softmax,accuracy,Accuracy,5,0.9053333333333333,0.014259499757471648,0.8966666666666667,0.8466666666666667,-0.17333333333333184,0.2851899951494327,5.0
secondary/exploratory,smids,resnet50,jpeg,2,raw_softmax,accuracy,Accuracy,5,0.9026666666666667,0.014981470036162806,0.8966666666666667,0.8466666666666667,-0.12,0.29962940072325583,5.0
secondary/exploratory,smids,resnet50,jpeg,3,raw_softmax,accuracy,Accuracy,5,0.9013333333333332,0.016431676725154946,0.8966666666666667,0.8466666666666667,-0.09333333333332963,0.3286335345030986,5.0
secondary/exploratory,smids,resnet50,jpeg,4,raw_softmax,accuracy,Accuracy,5,0.8633333333333333,0.02068278940998475,0.8966666666666667,0.8466666666666667,0.6666666666666682,0.4136557881996947,5.0
secondary/exploratory,smids,resnet50,jpeg,5,raw_softmax,accuracy,Accuracy,5,0.6359999999999999,0.08555050490142584,0.8966666666666667,0.8466666666666667,5.213333333333332,1.7110100980285152,5.0
secondary/exploratory,smids,resnet50,jpeg,0,raw_softmax,ece,ECE,5,0.0468318364024162,0.010724334451363692,0.0468318364024162,0.0936636728048324,0.0,0.22899666712216285,5.0
secondary/exploratory,smids,resnet50,jpeg,1,raw_softmax,ece,ECE,5,0.040066149095694184,0.008315382976862669,0.0468318364024162,0.0936636728048324,-0.1444676917767195,0.1775583367137329,5.0
secondary/exploratory,smids,resnet50,jpeg,2,raw_softmax,ece,ECE,5,0.04076993777354554,0.010199662448456714,0.0468318364024162,0.0936636728048324,-0.12943969518474632,0.21779334811501183,5.0
secondary/exploratory,smids,resnet50,jpeg,3,raw_softmax,ece,ECE,5,0.0368908543984095,0.009816699710608405,0.0468318364024162,0.0936636728048324,-0.21226974570430923,0.20961594643130269,5.0
secondary/exploratory,smids,resnet50,jpeg,4,raw_softmax,ece,ECE,5,0.05405211246013636,0.010330384117418876,0.0468318364024162,0.0936636728048324,0.1541745234092004,0.2205846473465623,5.0
secondary/exploratory,smids,resnet50,jpeg,5,raw_softmax,ece,ECE,5,0.2341899886926015,0.07642797474479415,0.0468318364024162,0.0936636728048324,4.000657814915814,1.6319662139247437,5.0
secondary/exploratory,smids,resnet50,jpeg,0,raw_softmax,mean_predictive_entropy,Predictive entropy,5,0.18622796833515162,0.03649808680153978,0.18622796833515162,0.37245593667030324,0.0,0.19598606550791947,
secondary/exploratory,smids,resnet50,jpeg,1,raw_softmax,mean_predictive_entropy,Predictive entropy,5,0.19220344424247737,0.04067941756766213,0.18622796833515162,0.37245593667030324,0.03208688770406268,0.2184388195356994,
secondary/exploratory,smids,resnet50,jpeg,2,raw_softmax,mean_predictive_entropy,Predictive entropy,5,0.2018406599760055,0.045984207457841514,0.18622796833515162,0.37245593667030324,0.08383644938206038,0.24692428247450157,
secondary/exploratory,smids,resnet50,jpeg,3,raw_softmax,mean_predictive_entropy,Predictive entropy,5,0.2245868533849716,0.05631158258153396,0.18622796833515162,0.37245593667030324,0.2059781105531157,0.3023798363100373,
secondary/exploratory,smids,resnet50,jpeg,4,raw_softmax,mean_predictive_entropy,Predictive entropy,5,0.25750336349010466,0.06999702629815871,0.18622796833515162,0.37245593667030324,0.38273195907222596,0.3758674216548727,
secondary/exploratory,smids,resnet50,jpeg,5,raw_softmax,mean_predictive_entropy,Predictive entropy,5,0.3485437333583832,0.022465335709034025,0.18622796833515162,0.37245593667030324,0.8715971423321032,0.12063352196703078,
secondary/exploratory,smids,resnet50,jpeg,0,raw_softmax,risk_at_80_coverage,Selective risk @ 80%,5,0.0483333333333333,0.008640183897219877,0.0483333333333333,0.0966666666666666,0.0,0.17876242545972174,5.0
secondary/exploratory,smids,resnet50,jpeg,1,raw_softmax,risk_at_80_coverage,Selective risk @ 80%,5,0.04416666666666662,0.008122328620674137,0.0483333333333333,0.0966666666666666,-0.08620689655172446,0.16804817835877536,5.0
secondary/exploratory,smids,resnet50,jpeg,2,raw_softmax,risk_at_80_coverage,Selective risk @ 80%,5,0.04249999999999998,0.005432668671002206,0.0483333333333333,0.0966666666666666,-0.1206896551724135,0.11240004146901124,5.0
secondary/exploratory,smids,resnet50,jpeg,3,raw_softmax,risk_at_80_coverage,Selective risk @ 80%,5,0.049166666666666636,0.010785149254620633,0.0483333333333333,0.0966666666666666,0.017241379310344952,0.2231410190611167,5.0
secondary/exploratory,smids,resnet50,jpeg,4,raw_softmax,risk_at_80_coverage,Selective risk @ 80%,5,0.07916666666666664,0.021850184336878162,0.0483333333333333,0.0966666666666666,0.6379310344827592,0.45207277938368645,5.0
secondary/exploratory,smids,resnet50,jpeg,5,raw_softmax,risk_at_80_coverage,Selective risk @ 80%,5,0.3125,0.09109671295448102,0.0483333333333333,0.0966666666666666,5.465517241379316,1.8847595783685742,5.0
secondary/exploratory,smids,xception,jpeg,0,aps,conformal_coverage,APS coverage,3,0.9866666666666667,0.005773502691896279,0.9866666666666667,0.85,-0.0,0.04224514164802154,
secondary/exploratory,smids,xception,jpeg,1,aps,conformal_coverage,APS coverage,3,0.9866666666666667,0.0066666666666666125,0.9866666666666667,0.85,-0.0,0.048780487804877634,
secondary/exploratory,smids,xception,jpeg,2,aps,conformal_coverage,APS coverage,3,0.9833333333333334,0.005773502691896279,0.9866666666666667,0.85,0.02439024390243877,0.04224514164802154,
secondary/exploratory,smids,xception,jpeg,3,aps,conformal_coverage,APS coverage,3,0.9855555555555554,0.003849001794597586,0.9866666666666667,0.85,0.008130081300814275,0.028163427765348182,
secondary/exploratory,smids,xception,jpeg,4,aps,conformal_coverage,APS coverage,3,0.98,0.0033333333333331883,0.9866666666666667,0.85,0.04878048780487835,0.024390243902437953,
secondary/exploratory,smids,xception,jpeg,5,aps,conformal_coverage,APS coverage,3,0.9644444444444445,0.0138777733297742,0.9866666666666667,0.85,0.16260162601625952,0.1015446829007868,
secondary/exploratory,smids,xception,jpeg,0,raw_softmax,accuracy,Accuracy,3,0.8877777777777779,0.021688023662159054,0.8877777777777779,0.8377777777777778,-0.0,0.4337604732431807,5.0
secondary/exploratory,smids,xception,jpeg,1,raw_softmax,accuracy,Accuracy,3,0.8711111111111111,0.01835856849095364,0.8877777777777779,0.8377777777777778,0.3333333333333363,0.3671713698190725,5.0
secondary/exploratory,smids,xception,jpeg,2,raw_softmax,accuracy,Accuracy,3,0.8688888888888888,0.0195315509236077,0.8877777777777779,0.8377777777777778,0.377777777777781,0.39063101847215365,5.0
secondary/exploratory,smids,xception,jpeg,3,raw_softmax,accuracy,Accuracy,3,0.8766666666666666,0.026034165586355507,0.8877777777777779,0.8377777777777778,0.22222222222222568,0.5206833117271097,5.0
secondary/exploratory,smids,xception,jpeg,4,raw_softmax,accuracy,Accuracy,3,0.8577777777777778,0.021169509870286263,0.8877777777777779,0.8377777777777778,0.6000000000000022,0.42339019740572487,5.0
secondary/exploratory,smids,xception,jpeg,5,raw_softmax,accuracy,Accuracy,3,0.8044444444444445,0.05388602512436508,0.8877777777777779,0.8377777777777778,1.6666666666666659,1.0777205024873007,5.0
secondary/exploratory,smids,xception,jpeg,0,raw_softmax,ece,ECE,3,0.051576605041821766,0.02328901129418406,0.051576605041821766,0.10315321008364353,0.0,0.4515421531777784,
secondary/exploratory,smids,xception,jpeg,1,raw_softmax,ece,ECE,3,0.05665967388285526,0.013160421414290122,0.051576605041821766,0.10315321008364353,0.09855376942533932,0.2551626149805473,
secondary/exploratory,smids,xception,jpeg,2,raw_softmax,ece,ECE,3,0.05174236632055703,0.01101168957660952,0.051576605041821766,0.10315321008364353,0.0032138850279279543,0.21350163640434466,
secondary/exploratory,smids,xception,jpeg,3,raw_softmax,ece,ECE,3,0.05510155614879394,0.02604502021954866,0.051576605041821766,0.10315321008364353,0.06834399247709123,0.504977405907768,
secondary/exploratory,smids,xception,jpeg,4,raw_softmax,ece,ECE,3,0.050451298620965666,0.030082964460289182,0.051576605041821766,0.10315321008364353,-0.021818156118333605,0.5832676353144202,
secondary/exploratory,smids,xception,jpeg,5,raw_softmax,ece,ECE,3,0.055761256085501774,0.004933911410510237,0.051576605041821766,0.10315321008364353,0.08113467414706364,0.0956618103597453,
secondary/exploratory,smids,xception,jpeg,0,raw_softmax,mean_predictive_entropy,Predictive entropy,3,0.28184684614340466,0.1500669198712702,0.28184684614340466,0.5636936922868093,0.0,0.5324413663827752,
secondary/exploratory,smids,xception,jpeg,1,raw_softmax,mean_predictive_entropy,Predictive entropy,3,0.30172265569369,0.1455372381333344,0.28184684614340466,0.5636936922868093,0.07051989341818804,0.5163699368105916,
secondary/exploratory,smids,xception,jpeg,2,raw_softmax,mean_predictive_entropy,Predictive entropy,3,0.3189713209867477,0.14920091161979182,0.28184684614340466,0.5636936922868093,0.1317186101293252,0.5293687464002271,
secondary/exploratory,smids,xception,jpeg,3,raw_softmax,mean_predictive_entropy,Predictive entropy,3,0.33515180647373194,0.15018791428542674,0.28184684614340466,0.5636936922868093,0.18912739688137412,0.5328706577366156,
secondary/exploratory,smids,xception,jpeg,4,raw_softmax,mean_predictive_entropy,Predictive entropy,3,0.3729884922504425,0.146729524631124,0.28184684614340466,0.5636936922868093,0.32337295007610145,0.5206002005659042,
secondary/exploratory,smids,xception,jpeg,5,raw_softmax,mean_predictive_entropy,Predictive entropy,3,0.485123614470164,0.1548997022779967,0.28184684614340466,0.5636936922868093,0.7212313038384379,0.5495882050749761,
secondary/exploratory,smids,xception,jpeg,0,raw_softmax,risk_at_80_coverage,Selective risk @ 80%,3,0.052777777777777764,0.01683938285136407,0.052777777777777764,0.10555555555555553,0.0,0.3190619908679509,5.0
secondary/exploratory,smids,xception,jpeg,1,raw_softmax,risk_at_80_coverage,Selective risk @ 80%,3,0.052777777777777736,0.012028130608117181,0.052777777777777764,0.10555555555555553,-5.258951169277059e-16,0.22790142204853614,5.0
secondary/exploratory,smids,xception,jpeg,2,raw_softmax,risk_at_80_coverage,Selective risk @ 80%,3,0.059722222222222156,0.0063646884652164394,0.052777777777777764,0.10555555555555553,0.1315789473684201,0.12059409723567993,5.0
secondary/exploratory,smids,xception,jpeg,3,raw_softmax,risk_at_80_coverage,Selective risk @ 80%,3,0.061111111111111095,0.014632852434517712,0.052777777777777764,0.10555555555555553,0.15789473684210528,0.2772540461277041,5.0
secondary/exploratory,smids,xception,jpeg,4,raw_softmax,risk_at_80_coverage,Selective risk @ 80%,3,0.0736111111111111,0.022948210613692108,0.052777777777777764,0.10555555555555553,0.39473684210526333,0.4348082011015348,5.0
secondary/exploratory,smids,xception,jpeg,5,raw_softmax,risk_at_80_coverage,Selective risk @ 80%,3,0.13749999999999998,0.05416666666666665,0.052777777777777764,0.10555555555555553,1.6052631578947374,1.026315789473684,5.0
secondary/exploratory,hushem,resnet50,resample,0,aps,conformal_coverage,APS coverage,5,0.9582452431289639,0.03827820942600411,0.9582452431289639,0.85,-0.0,0.35362486442382757,
secondary/exploratory,hushem,resnet50,resample,1,aps,conformal_coverage,APS coverage,5,0.9816067653276956,0.019080265061088352,0.9582452431289639,0.85,-0.2158203125000029,0.17626885495888292,
secondary/exploratory,hushem,resnet50,resample,2,aps,conformal_coverage,APS coverage,5,0.9583509513742072,0.010292314118087188,0.9582452431289639,0.85,-0.0009765625000021665,0.0950832925362353,
secondary/exploratory,hushem,resnet50,resample,3,aps,conformal_coverage,APS coverage,5,0.9630021141649049,0.026427061310782273,0.9582452431289639,0.85,-0.04394531250000211,0.2441406250000007,
secondary/exploratory,hushem,resnet50,resample,4,aps,conformal_coverage,APS coverage,5,0.9768498942917546,0.023257015152526088,0.9582452431289639,0.85,-0.17187500000000078,0.214854847014548,
secondary/exploratory,hushem,resnet50,resample,5,aps,conformal_coverage,APS coverage,5,0.9304439746300212,0.0436512340068788,0.9582452431289639,0.85,0.2568359374999985,0.40326237666511144,
secondary/exploratory,hushem,resnet50,resample,0,raw_softmax,accuracy,Accuracy,5,0.8654334038054967,0.07816300968507428,0.8654334038054967,0.8154334038054967,-0.0,1.5632601937014843,1.0
secondary/exploratory,hushem,resnet50,resample,1,raw_softmax,accuracy,Accuracy,5,0.8143763213530656,0.0554419339900216,0.8654334038054967,0.8154334038054967,1.0211416490486216,1.108838679800431,1.0
secondary/exploratory,hushem,resnet50,resample,2,raw_softmax,accuracy,Accuracy,5,0.7957716701902748,0.08676580162986837,0.8654334038054967,0.8154334038054967,1.3932346723044362,1.7353160325973658,1.0
secondary/exploratory,hushem,resnet50,resample,3,raw_softmax,accuracy,Accuracy,5,0.7265327695560254,0.0930079388696716,0.8654334038054967,0.8154334038054967,2.7780126849894233,1.8601587773934303,1.0
secondary/exploratory,hushem,resnet50,resample,4,raw_softmax,accuracy,Accuracy,5,0.6613107822410148,0.10376006032726333,0.8654334038054967,0.8154334038054967,4.082452431289634,2.0752012065452647,1.0
secondary/exploratory,hushem,resnet50,resample,5,raw_softmax,accuracy,Accuracy,5,0.47610993657505285,0.12089992080081768,0.8654334038054967,0.8154334038054967,7.786469344608871,2.4179984160163515,1.0
secondary/exploratory,hushem,resnet50,resample,0,raw_softmax,ece,ECE,5,0.13218638327358637,0.042488959005374076,0.13218638327358637,0.26437276654717273,0.0,0.32143219258397143,
secondary/exploratory,hushem,resnet50,resample,1,raw_softmax,ece,ECE,5,0.10874596191511088,0.03212295062521067,0.13218638327358637,0.26437276654717273,-0.17732856273070738,0.2430125541654752,
secondary/exploratory,hushem,resnet50,resample,2,raw_softmax,ece,ECE,5,0.15574166189414498,0.03974468770764157,0.13218638327358637,0.26437276654717273,0.17819746661655927,0.3006715723917034,
secondary/exploratory,hushem,resnet50,resample,3,raw_softmax,ece,ECE,5,0.17856846884932626,0.05394510132191862,0.13218638327358637,0.26437276654717273,0.3508839899170462,0.4080987767875331,
secondary/exploratory,hushem,resnet50,resample,4,raw_softmax,ece,ECE,5,0.17722451220292115,0.059194498967732656,0.13218638327358637,0.26437276654717273,0.3407168561085396,0.4478108675174031,
secondary/exploratory,hushem,resnet50,resample,5,raw_softmax,ece,ECE,5,0.17298907331697025,0.06239155516877864,0.13218638327358637,0.26437276654717273,0.3086754401845952,0.4719968397928457,
secondary/exploratory,hushem,resnet50,resample,0,raw_softmax,mean_predictive_entropy,Predictive entropy,5,0.41389878988265993,0.07404948582141009,0.41389878988265993,0.8277975797653199,0.0,0.17890722957272495,4.0
secondary/exploratory,hushem,resnet50,resample,1,raw_softmax,mean_predictive_entropy,Predictive entropy,5,0.49955022931098936,0.10479308417747622,0.41389878988265993,0.8277975797653199,0.20693812478314216,0.25318528765736426,4.0
secondary/exploratory,hushem,resnet50,resample,2,raw_softmax,mean_predictive_entropy,Predictive entropy,5,0.5514415919780731,0.12103645431498015,0.41389878988265993,0.8277975797653199,0.33231023007920957,0.29243007535560545,4.0
secondary/exploratory,hushem,resnet50,resample,3,raw_softmax,mean_predictive_entropy,Predictive entropy,5,0.7848350405693054,0.18802631295195765,0.41389878988265993,0.8277975797653199,0.89620037495593,0.45428089559107676,4.0
secondary/exploratory,hushem,resnet50,resample,4,raw_softmax,mean_predictive_entropy,Predictive entropy,5,1.0159709572792053,0.17992417585703743,0.41389878988265993,0.8277975797653199,1.4546362108650581,0.43470573061604223,4.0
secondary/exploratory,hushem,resnet50,resample,5,raw_softmax,mean_predictive_entropy,Predictive entropy,5,1.1405940055847168,0.08619514905303938,0.41389878988265993,0.8277975797653199,1.7557316751471406,0.2082517541969032,4.0
secondary/exploratory,hushem,resnet50,resample,0,raw_softmax,risk_at_80_coverage,Selective risk @ 80%,5,0.08571428571428567,0.07284313590846836,0.08571428571428567,0.17142857142857135,0.0,0.8498365855987979,3.0
secondary/exploratory,hushem,resnet50,resample,1,raw_softmax,risk_at_80_coverage,Selective risk @ 80%,5,0.11984126984126978,0.06223457117496938,0.08571428571428567,0.17142857142857135,0.3981481481481481,0.7260699970413098,3.0
secondary/exploratory,hushem,resnet50,resample,2,raw_softmax,risk_at_80_coverage,Selective risk @ 80%,5,0.13111111111111104,0.06307002591012913,0.08571428571428567,0.17142857142857135,0.5296296296296296,0.7358169689515068,3.0
secondary/exploratory,hushem,resnet50,resample,3,raw_softmax,risk_at_80_coverage,Selective risk @ 80%,5,0.22809523809523807,0.10958073055029571,0.08571428571428567,0.17142857142857135,1.6611111111111119,1.2784418564201172,3.0
secondary/exploratory,hushem,resnet50,resample,4,raw_softmax,risk_at_80_coverage,Selective risk @ 80%,5,0.2965079365079365,0.11661212416875615,0.08571428571428567,0.17142857142857135,2.4592592592592606,1.3604747819688223,3.0
secondary/exploratory,hushem,resnet50,resample,5,raw_softmax,risk_at_80_coverage,Selective risk @ 80%,5,0.4893650793650794,0.11242925605254216,0.08571428571428567,0.17142857142857135,4.709259259259262,1.3116746539463258,3.0
secondary/exploratory,smids,mobilenet_v3_large,resample,0,aps,conformal_coverage,APS coverage,3,0.9577777777777777,0.010715167512214404,0.9577777777777777,0.85,-0.0,0.09941908001023676,
secondary/exploratory,smids,mobilenet_v3_large,resample,1,aps,conformal_coverage,APS coverage,3,0.9700000000000001,0.020000000000000018,0.9577777777777777,0.85,-0.11340206185567138,0.18556701030927855,
secondary/exploratory,smids,mobilenet_v3_large,resample,2,aps,conformal_coverage,APS coverage,3,0.9722222222222223,0.005091750772173152,0.9577777777777777,0.85,-0.13402061855670244,0.04724304840160658,
secondary/exploratory,smids,mobilenet_v3_large,resample,3,aps,conformal_coverage,APS coverage,3,0.9677777777777777,0.008388704928078687,0.9577777777777777,0.85,-0.09278350515463928,0.0778333446935136,
secondary/exploratory,smids,mobilenet_v3_large,resample,4,aps,conformal_coverage,APS coverage,3,0.9322222222222223,0.03371997978998559,0.9577777777777777,0.85,0.2371134020618547,0.31286579186584573,
secondary/exploratory,smids,mobilenet_v3_large,resample,5,aps,conformal_coverage,APS coverage,3,0.861111111111111,0.037466034000194125,0.9577777777777777,0.85,0.8969072164948457,0.3476229958780899,
secondary/exploratory,smids,mobilenet_v3_large,resample,0,raw_softmax,accuracy,Accuracy,3,0.8888888888888888,0.016442942874387495,0.8888888888888888,0.8388888888888888,-0.0,0.3288588574877496,3.0
secondary/exploratory,smids,mobilenet_v3_large,resample,1,raw_softmax,accuracy,Accuracy,3,0.8722222222222222,0.010715167512214413,0.8888888888888888,0.8388888888888888,0.33333333333333187,0.21430335024428807,3.0
secondary/exploratory,smids,mobilenet_v3_large,resample,2,raw_softmax,accuracy,Accuracy,3,0.8666666666666667,0.012018504251546616,0.8888888888888888,0.8388888888888888,0.4444444444444425,0.2403700850309321,3.0
secondary/exploratory,smids,mobilenet_v3_large,resample,3,raw_softmax,accuracy,Accuracy,3,0.8211111111111111,0.02834966849371796,0.8888888888888888,0.8388888888888888,1.3555555555555532,0.5669933698743587,3.0
secondary/exploratory,smids,mobilenet_v3_large,resample,4,raw_softmax,accuracy,Accuracy,3,0.7533333333333333,0.07505553499465138,0.8888888888888888,0.8388888888888888,2.7111111111111086,1.5011106998930264,3.0
secondary/exploratory,smids,mobilenet_v3_large,resample,5,raw_softmax,accuracy,Accuracy,3,0.5755555555555555,0.12047744525351964,0.8888888888888888,0.8388888888888888,6.266666666666661,2.4095489050703907,3.0
secondary/exploratory,smids,mobilenet_v3_large,resample,0,raw_softmax,ece,ECE,3,0.03958280318313167,0.0059184862295023335,0.03958280318313167,0.07916560636626334,0.0,0.14952165469737408,4.0
secondary/exploratory,smids,mobilenet_v3_large,resample,1,raw_softmax,ece,ECE,3,0.0403135424852371,0.00443909634007148,0.03958280318313167,0.07916560636626334,0.018461029622501287,0.11214709376528477,4.0
secondary/exploratory,smids,mobilenet_v3_large,resample,2,raw_softmax,ece,ECE,3,0.054734063479635435,0.004838597220547134,0.03958280318313167,0.07916560636626334,0.38277380776711944,0.12223988276325809,4.0
secondary/exploratory,smids,mobilenet_v3_large,resample,3,raw_softmax,ece,ECE,3,0.07009952111376651,0.012602359608515733,0.03958280318313167,0.07916560636626334,0.7709589891713285,0.3183796647804435,4.0
secondary/exploratory,smids,mobilenet_v3_large,resample,4,raw_softmax,ece,ECE,3,0.128548347916868,0.07038248527588839,0.03958280318313167,0.07916560636626334,2.247580706250973,1.778107653221541,4.0
secondary/exploratory,smids,mobilenet_v3_large,resample,5,raw_softmax,ece,ECE,3,0.2678995617893007,0.17883369472694627,0.03958280318313167,0.07916560636626334,5.76807957611923,4.517964377094869,4.0
secondary/exploratory,smids,mobilenet_v3_large,resample,0,raw_softmax,mean_predictive_entropy,Predictive entropy,3,0.21680468817551923,0.032669039399142466,0.21680468817551923,0.43360937635103847,0.0,0.15068419264390856,
secondary/exploratory,smids,mobilenet_v3_large,resample,1,raw_softmax,mean_predictive_entropy,Predictive entropy,3,0.29023244976997375,0.01866511216767213,0.21680468817551923,0.43360937635103847,0.338681613448365,0.08609182912392263,
secondary/exploratory,smids,mobilenet_v3_large,resample,2,raw_softmax,mean_predictive_entropy,Predictive entropy,3,0.32010923822720844,0.01291163616453629,0.21680468817551923,0.43360937635103847,0.4764866983321718,0.059554229538077964,
secondary/exploratory,smids,mobilenet_v3_large,resample,3,raw_softmax,mean_predictive_entropy,Predictive entropy,3,0.35820354024569195,0.009093429568424058,0.21680468817551923,0.43360937635103847,0.6521946239266746,0.041942956330641074,
secondary/exploratory,smids,mobilenet_v3_large,resample,4,raw_softmax,mean_predictive_entropy,Predictive entropy,3,0.3803066611289978,0.03141118556301271,0.21680468817551923,0.43360937635103847,0.7541440839190331,0.14488240926590598,
secondary/exploratory,smids,mobilenet_v3_large,resample,5,raw_softmax,mean_predictive_entropy,Predictive entropy,3,0.40977729360262555,0.12700738579360357,0.21680468817551923,0.43360937635103847,0.8900757961049297,0.5858147573394806,
secondary/exploratory,smids,mobilenet_v3_large,resample,0,raw_softmax,risk_at_80_coverage,Selective risk @ 80%,3,0.05416666666666664,0.014433756729740645,0.05416666666666664,0.10833333333333328,0.0,0.26646935501059665,3.0
secondary/exploratory,smids,mobilenet_v3_large,resample,1,raw_softmax,risk_at_80_coverage,Selective risk @ 80%,3,0.06805555555555554,0.004811252243246865,0.05416666666666664,0.10833333333333328,0.25641025641025667,0.08882311833686524,3.0
secondary/exploratory,smids,mobilenet_v3_large,resample,2,raw_softmax,risk_at_80_coverage,Selective risk @ 80%,3,0.07916666666666662,0.004166666666666654,0.05416666666666664,0.10833333333333328,0.4615384615384614,0.07692307692307672,3.0
secondary/exploratory,smids,mobilenet_v3_large,resample,3,raw_softmax,risk_at_80_coverage,Selective risk @ 80%,3,0.1083333333333333,0.018162078931419454,0.05416666666666664,0.10833333333333328,1.0000000000000002,0.33529991873389775,3.0
secondary/exploratory,smids,mobilenet_v3_large,resample,4,raw_softmax,risk_at_80_coverage,Selective risk @ 80%,3,0.1958333333333333,0.07228896488707283,0.05416666666666664,0.10833333333333328,2.6153846153846168,1.334565505607499,3.0
secondary/exploratory,smids,mobilenet_v3_large,resample,5,raw_softmax,risk_at_80_coverage,Selective risk @ 80%,3,0.3874999999999999,0.1393810723639811,0.05416666666666664,0.10833333333333328,6.153846153846155,2.573189028258114,3.0
secondary/exploratory,smids,resnet50,resample,0,aps,conformal_coverage,APS coverage,5,0.9773333333333334,0.013824294235551829,0.9773333333333334,0.85,-0.0,0.10856775577658498,
secondary/exploratory,smids,resnet50,resample,1,aps,conformal_coverage,APS coverage,5,0.978,0.01609002451486291,0.9773333333333334,0.85,-0.005235602094240258,0.12636144906960395,
secondary/exploratory,smids,resnet50,resample,2,aps,conformal_coverage,APS coverage,5,0.9793333333333333,0.013207741837439247,0.9773333333333334,0.85,-0.015706806282721645,0.10372572123643381,
secondary/exploratory,smids,resnet50,resample,3,aps,conformal_coverage,APS coverage,5,0.9846666666666668,0.012156388352540268,0.9773333333333334,0.85,-0.05759162303664981,0.09546901847544707,
secondary/exploratory,smids,resnet50,resample,4,aps,conformal_coverage,APS coverage,5,0.9846666666666668,0.005055250296034364,0.9773333333333334,0.85,-0.05759162303664981,0.03970091855524368,
secondary/exploratory,smids,resnet50,resample,5,aps,conformal_coverage,APS coverage,5,0.9713333333333333,0.008366600265340666,0.9773333333333334,0.85,0.04712041884816842,0.06570628480634028,
secondary/exploratory,smids,resnet50,resample,0,raw_softmax,accuracy,Accuracy,5,0.8966666666666667,0.007071067811865407,0.8966666666666667,0.8466666666666667,-0.0,0.141421356237308,5.0
secondary/exploratory,smids,resnet50,resample,1,raw_softmax,accuracy,Accuracy,5,0.8973333333333333,0.012780193008453795,0.8966666666666667,0.8466666666666667,-0.013333333333331853,0.25560386016907566,5.0
secondary/exploratory,smids,resnet50,resample,2,raw_softmax,accuracy,Accuracy,5,0.8986666666666666,0.012823589374447535,0.8966666666666667,0.8466666666666667,-0.03999999999999778,0.2564717874889505,5.0
secondary/exploratory,smids,resnet50,resample,3,raw_softmax,accuracy,Accuracy,5,0.8933333333333333,0.011303883305208725,0.8966666666666667,0.8466666666666667,0.06666666666666815,0.22607766610417432,5.0
secondary/exploratory,smids,resnet50,resample,4,raw_softmax,accuracy,Accuracy,5,0.8813333333333333,0.014643921757659174,0.8966666666666667,0.8466666666666667,0.30666666666666814,0.29287843515318324,5.0
secondary/exploratory,smids,resnet50,resample,5,raw_softmax,accuracy,Accuracy,5,0.8160000000000001,0.027223355985460558,0.8966666666666667,0.8466666666666667,1.613333333333332,0.5444671197092107,5.0
secondary/exploratory,smids,resnet50,resample,0,raw_softmax,ece,ECE,5,0.0468318364024162,0.010724334451363692,0.0468318364024162,0.0936636728048324,0.0,0.22899666712216285,
secondary/exploratory,smids,resnet50,resample,1,raw_softmax,ece,ECE,5,0.04962528546651196,0.002980623871799984,0.0468318364024162,0.0936636728048324,0.05964850577483733,0.06364524863360269,
secondary/exploratory,smids,resnet50,resample,2,raw_softmax,ece,ECE,5,0.052289389272530816,0.009616431211323728,0.0468318364024162,0.0936636728048324,0.11653510281379964,0.20533961403289294,
secondary/exploratory,smids,resnet50,resample,3,raw_softmax,ece,ECE,5,0.04605090167125062,0.012475279059003395,0.0468318364024162,0.0936636728048324,-0.016675295934482845,0.2663845797505339,
secondary/exploratory,smids,resnet50,resample,4,raw_softmax,ece,ECE,5,0.04661690042416248,0.008982948141307623,0.0468318364024162,0.0936636728048324,-0.004589527013350928,0.1918128527807243,
secondary/exploratory,smids,resnet50,resample,5,raw_softmax,ece,ECE,5,0.08431176986296972,0.010115841569559324,0.0468318364024162,0.0936636728048324,0.8003088569599592,0.21600352125071517,
secondary/exploratory,smids,resnet50,resample,0,raw_softmax,mean_predictive_entropy,Predictive entropy,5,0.18622796833515162,0.03649808680153978,0.18622796833515162,0.37245593667030324,0.0,0.19598606550791947,
secondary/exploratory,smids,resnet50,resample,1,raw_softmax,mean_predictive_entropy,Predictive entropy,5,0.19797532558441158,0.03939343642922792,0.18622796833515162,0.37245593667030324,0.06308052090284538,0.21153340597225523,
secondary/exploratory,smids,resnet50,resample,2,raw_softmax,mean_predictive_entropy,Predictive entropy,5,0.20241360962390895,0.03921609716388354,0.18622796833515162,0.37245593667030324,0.08691305303631017,0.21058113619811888,
secondary/exploratory,smids,resnet50,resample,3,raw_softmax,mean_predictive_entropy,Predictive entropy,5,0.20959078371524806,0.041627342705667376,0.18622796833515162,0.37245593667030324,0.12545277483804546,0.22352895259401254,
secondary/exploratory,smids,resnet50,resample,4,raw_softmax,mean_predictive_entropy,Predictive entropy,5,0.22614091038703918,0.04342644456091623,0.18622796833515162,0.37245593667030324,0.21432302789265706,0.2331897026485427,
secondary/exploratory,smids,resnet50,resample,5,raw_softmax,mean_predictive_entropy,Predictive entropy,5,0.3121318638324737,0.054729027932950036,0.18622796833515162,0.37245593667030324,0.6760740431358558,0.2938818933708982,
secondary/exploratory,smids,resnet50,resample,0,raw_softmax,risk_at_80_coverage,Selective risk @ 80%,5,0.0483333333333333,0.008640183897219877,0.0483333333333333,0.0966666666666666,0.0,0.17876242545972174,5.0
secondary/exploratory,smids,resnet50,resample,1,raw_softmax,risk_at_80_coverage,Selective risk @ 80%,5,0.05166666666666664,0.009592387027684437,0.0483333333333333,0.0966666666666666,0.06896551724137952,0.19846317988312642,5.0
secondary/exploratory,smids,resnet50,resample,2,raw_softmax,risk_at_80_coverage,Selective risk @ 80%,5,0.04999999999999996,0.012147816447594387,0.0483333333333333,0.0966666666666666,0.03448275862068961,0.25133413339850474,5.0
secondary/exploratory,smids,resnet50,resample,3,raw_softmax,risk_at_80_coverage,Selective risk @ 80%,5,0.048333333333333325,0.010458250331675958,0.0483333333333333,0.0966666666666666,5.742532885992193e-16,0.2163775930691579,5.0
secondary/exploratory,smids,resnet50,resample,4,raw_softmax,risk_at_80_coverage,Selective risk @ 80%,5,0.060833333333333274,0.012004050242406592,0.0483333333333333,0.0966666666666666,0.2586206896551721,0.24835966018772276,5.0
secondary/exploratory,smids,resnet50,resample,5,raw_softmax,risk_at_80_coverage,Selective risk @ 80%,5,0.13833333333333328,0.02173067468400882,0.0483333333333333,0.0966666666666666,1.8620689655172424,0.4496001658760449,5.0
secondary/exploratory,smids,xception,resample,0,aps,conformal_coverage,APS coverage,3,0.9866666666666667,0.005773502691896279,0.9866666666666667,0.85,-0.0,0.04224514164802154,
secondary/exploratory,smids,xception,resample,1,aps,conformal_coverage,APS coverage,3,0.9888888888888889,0.0019245008972986687,0.9866666666666667,0.85,-0.016260162601626115,0.01408171388267318,
secondary/exploratory,smids,xception,resample,2,aps,conformal_coverage,APS coverage,3,0.991111111111111,0.006938886664887234,0.9866666666666667,0.85,-0.03252032520325142,0.05077234145039437,
secondary/exploratory,smids,xception,resample,3,aps,conformal_coverage,APS coverage,3,0.9822222222222222,0.003849001794597586,0.9866666666666667,0.85,0.03252032520325223,0.028163427765348182,
secondary/exploratory,smids,xception,resample,4,aps,conformal_coverage,APS coverage,3,0.9755555555555556,0.009622504486493865,0.9866666666666667,0.85,0.08130081300812976,0.07040856941336972,
secondary/exploratory,smids,xception,resample,5,aps,conformal_coverage,APS coverage,3,0.9555555555555556,0.018954135676924527,0.9866666666666667,0.85,0.227642276422764,0.1386887976360331,
secondary/exploratory,smids,xception,resample,0,raw_softmax,accuracy,Accuracy,3,0.8877777777777779,0.021688023662159054,0.8877777777777779,0.8377777777777778,-0.0,0.4337604732431807,5.0
secondary/exploratory,smids,xception,resample,1,raw_softmax,accuracy,Accuracy,3,0.8788888888888889,0.01387777332977426,0.8877777777777779,0.8377777777777778,0.17777777777777876,0.27755546659548497,5.0
secondary/exploratory,smids,xception,resample,2,raw_softmax,accuracy,Accuracy,3,0.8744444444444445,0.024113927126900792,0.8877777777777779,0.8377777777777778,0.26666666666666816,0.48227854253801544,5.0
secondary/exploratory,smids,xception,resample,3,raw_softmax,accuracy,Accuracy,3,0.8711111111111111,0.021688023662159012,0.8877777777777779,0.8377777777777778,0.3333333333333363,0.43376047324317984,5.0
secondary/exploratory,smids,xception,resample,4,raw_softmax,accuracy,Accuracy,3,0.8466666666666667,0.03711842908553348,0.8877777777777779,0.8377777777777778,0.8222222222222234,0.7423685817106689,5.0
secondary/exploratory,smids,xception,resample,5,raw_softmax,accuracy,Accuracy,3,0.7811111111111111,0.021688023662159068,0.8877777777777779,0.8377777777777778,2.133333333333334,0.43376047324318096,5.0
secondary/exploratory,smids,xception,resample,0,raw_softmax,ece,ECE,3,0.051576605041821766,0.02328901129418406,0.051576605041821766,0.10315321008364353,0.0,0.4515421531777784,
secondary/exploratory,smids,xception,resample,1,raw_softmax,ece,ECE,3,0.05170412030484933,0.011983659666942526,0.051576605041821766,0.10315321008364353,0.002472346966694856,0.23234681028783055,
secondary/exploratory,smids,xception,resample,2,raw_softmax,ece,ECE,3,0.06290178491009603,0.024297269730855966,0.051576605041821766,0.10315321008364353,0.21957978542967393,0.47109090858450475,
secondary/exploratory,smids,xception,resample,3,raw_softmax,ece,ECE,3,0.05293688986036504,0.03429646016076436,0.051576605041821766,0.10315321008364353,0.0263740666420417,0.6649615680007339,
secondary/exploratory,smids,xception,resample,4,raw_softmax,ece,ECE,3,0.058359785146183396,0.03889133542564874,0.051576605041821766,0.10315321008364353,0.13151660716833483,0.7540499300819246,
secondary/exploratory,smids,xception,resample,5,raw_softmax,ece,ECE,3,0.0717261355784204,0.031223573213804617,0.051576605041821766,0.10315321008364353,0.39067190483476083,0.6053824827843254,
secondary/exploratory,smids,xception,resample,0,raw_softmax,mean_predictive_entropy,Predictive entropy,3,0.28184684614340466,0.1500669198712702,0.28184684614340466,0.5636936922868093,0.0,0.5324413663827752,
secondary/exploratory,smids,xception,resample,1,raw_softmax,mean_predictive_entropy,Predictive entropy,3,0.3213990082343419,0.14843149070792933,0.28184684614340466,0.5636936922868093,0.14033210813653377,0.5266388208311079,
secondary/exploratory,smids,xception,resample,2,raw_softmax,mean_predictive_entropy,Predictive entropy,3,0.3488764266173045,0.15457432415857716,0.28184684614340466,0.5636936922868093,0.23782270900343855,0.5484337549760241,
secondary/exploratory,smids,xception,resample,3,raw_softmax,mean_predictive_entropy,Predictive entropy,3,0.3814416229724884,0.1599682213090662,0.28184684614340466,0.5636936922868093,0.3533648795147758,0.5675714434912421,
secondary/exploratory,smids,xception,resample,4,raw_softmax,mean_predictive_entropy,Predictive entropy,3,0.44655948877334595,0.16388431797350342,0.28184684614340466,0.5636936922868093,0.5844047747340586,0.5814658571347593,
secondary/exploratory,smids,xception,resample,5,raw_softmax,mean_predictive_entropy,Predictive entropy,3,0.5574465195337931,0.16302663150298746,0.28184684614340466,0.5636936922868093,0.9778348672745565,0.5784227630492588,
secondary/exploratory,smids,xception,resample,0,raw_softmax,risk_at_80_coverage,Selective risk @ 80%,3,0.052777777777777764,0.01683938285136407,0.052777777777777764,0.10555555555555553,0.0,0.3190619908679509,5.0
secondary/exploratory,smids,xception,resample,1,raw_softmax,risk_at_80_coverage,Selective risk @ 80%,3,0.0569444444444444,0.016839382851364118,0.052777777777777764,0.10555555555555553,0.07894736842105211,0.3190619908679518,5.0
secondary/exploratory,smids,xception,resample,2,raw_softmax,risk_at_80_coverage,Selective risk @ 80%,3,0.06388888888888887,0.006364688465216445,0.052777777777777764,0.10555555555555553,0.21052631578947364,0.12059409723568004,5.0
secondary/exploratory,smids,xception,resample,3,raw_softmax,risk_at_80_coverage,Selective risk @ 80%,3,0.06527777777777773,0.006364688465216445,0.052777777777777764,0.10555555555555553,0.23684210526315724,0.12059409723568004,5.0
secondary/exploratory,smids,xception,resample,4,raw_softmax,risk_at_80_coverage,Selective risk @ 80%,3,0.0930555555555555,0.010485881160098251,0.052777777777777764,0.10555555555555553,0.7631578947368416,0.1986798535597564,5.0
secondary/exploratory,smids,xception,resample,5,raw_softmax,risk_at_80_coverage,Selective risk @ 80%,3,0.14305555555555552,0.006364688465216447,0.052777777777777764,0.10555555555555553,1.710526315789474,0.12059409723568008,5.0
secondary/exploratory,hushem,resnet50,illumination,0,aps,conformal_coverage,APS coverage,5,0.9582452431289639,0.03827820942600411,0.9582452431289639,0.85,-0.0,0.35362486442382757,
secondary/exploratory,hushem,resnet50,illumination,1,aps,conformal_coverage,APS coverage,5,0.972198731501057,0.030343054185343263,0.9582452431289639,0.85,-0.12890625000000083,0.2803176685481911,
secondary/exploratory,hushem,resnet50,illumination,2,aps,conformal_coverage,APS coverage,5,0.9816067653276956,0.025188746616714025,0.9582452431289639,0.85,-0.2158203125000029,0.23270072558019048,
secondary/exploratory,hushem,resnet50,illumination,3,aps,conformal_coverage,APS coverage,5,0.9676532769556025,0.026380508680446654,0.9582452431289639,0.85,-0.08691406250000204,0.24371055870803296,
secondary/exploratory,hushem,resnet50,illumination,4,aps,conformal_coverage,APS coverage,5,0.9630021141649049,0.03520259155464427,0.9582452431289639,0.85,-0.04394531250000211,0.32521144151067904,
secondary/exploratory,hushem,resnet50,illumination,5,aps,conformal_coverage,APS coverage,5,0.9584566596194503,0.018893408289004623,0.9582452431289639,0.85,-0.001953125000001256,0.17454261954490627,
secondary/exploratory,hushem,resnet50,illumination,0,raw_softmax,accuracy,Accuracy,5,0.8654334038054967,0.07816300968507428,0.8654334038054967,0.8154334038054967,-0.0,1.5632601937014843,2.0
secondary/exploratory,hushem,resnet50,illumination,1,raw_softmax,accuracy,Accuracy,5,0.8375264270613109,0.06834714537905381,0.8654334038054967,0.8154334038054967,0.5581395348837166,1.366942907581075,2.0
secondary/exploratory,hushem,resnet50,illumination,2,raw_softmax,accuracy,Accuracy,5,0.8143763213530655,0.07236808395357007,0.8654334038054967,0.8154334038054967,1.0211416490486238,1.4473616790714001,2.0
secondary/exploratory,hushem,resnet50,illumination,3,raw_softmax,accuracy,Accuracy,5,0.7819238900634249,0.08561356398901453,0.8654334038054967,0.8154334038054967,1.670190274841435,1.712271279780289,2.0
secondary/exploratory,hushem,resnet50,illumination,4,raw_softmax,accuracy,Accuracy,5,0.7309725158562368,0.08754500063370076,0.8654334038054967,0.8154334038054967,2.689217758985196,1.7509000126740135,2.0
secondary/exploratory,hushem,resnet50,illumination,5,raw_softmax,accuracy,Accuracy,5,0.6618393234672304,0.049627178532881,0.8654334038054967,0.8154334038054967,4.071881606765323,0.9925435706576191,2.0
secondary/exploratory,hushem,resnet50,illumination,0,raw_softmax,ece,ECE,5,0.13218638327358637,0.042488959005374076,0.13218638327358637,0.26437276654717273,0.0,0.32143219258397143,
secondary/exploratory,hushem,resnet50,illumination,1,raw_softmax,ece,ECE,5,0.12135905723617135,0.027430123180529942,0.13218638327358637,0.26437276654717273,-0.08190954143140206,0.20751095915649476,
secondary/exploratory,hushem,resnet50,illumination,2,raw_softmax,ece,ECE,5,0.13660389938515785,0.035058847794217085,0.13218638327358637,0.26437276654717273,0.03341884392455571,0.26522283858584533,
secondary/exploratory,hushem,resnet50,illumination,3,raw_softmax,ece,ECE,5,0.1352266112511808,0.020794347566761715,0.13218638327358637,0.26437276654717273,0.022999554888358385,0.1573108141080131,
secondary/exploratory,hushem,resnet50,illumination,4,raw_softmax,ece,ECE,5,0.1614017490541708,0.03055304803631843,0.13218638327358637,0.26437276654717273,0.22101645462314629,0.23113612219106364,
secondary/exploratory,hushem,resnet50,illumination,5,raw_softmax,ece,ECE,5,0.16758652142314018,0.03293013888136012,0.13218638327358637,0.26437276654717273,0.2678047259700425,0.24911899445198196,
secondary/exploratory,hushem,resnet50,illumination,0,raw_softmax,mean_predictive_entropy,Predictive entropy,5,0.41389878988265993,0.07404948582141009,0.41389878988265993,0.8277975797653199,0.0,0.17890722957272495,
secondary/exploratory,hushem,resnet50,illumination,1,raw_softmax,mean_predictive_entropy,Predictive entropy,5,0.43994539976119995,0.06935474384681393,0.41389878988265993,0.8277975797653199,0.06292990101740625,0.1675645001679661,
secondary/exploratory,hushem,resnet50,illumination,2,raw_softmax,mean_predictive_entropy,Predictive entropy,5,0.5250705659389496,0.08144960346693975,0.41389878988265993,0.8277975797653199,0.2685965235312885,0.1967862807475969,
secondary/exploratory,hushem,resnet50,illumination,3,raw_softmax,mean_predictive_entropy,Predictive entropy,5,0.6352854132652282,0.10403522391544294,0.41389878988265993,0.8277975797653199,0.5348810598004679,0.25135425968492653,
secondary/exploratory,hushem,resnet50,illumination,4,raw_softmax,mean_predictive_entropy,Predictive entropy,5,0.7334049701690674,0.12887652922990278,0.41389878988265993,0.8277975797653199,0.7719427746502647,0.31137208510911374,
secondary/exploratory,hushem,resnet50,illumination,5,raw_softmax,mean_predictive_entropy,Predictive entropy,5,0.824564528465271,0.09279649847474691,0.41389878988265993,0.8277975797653199,0.9921887877445462,0.22420094173518765,
secondary/exploratory,hushem,resnet50,illumination,0,raw_softmax,risk_at_80_coverage,Selective risk @ 80%,5,0.08571428571428567,0.07284313590846836,0.08571428571428567,0.17142857142857135,0.0,0.8498365855987979,4.0
secondary/exploratory,hushem,resnet50,illumination,1,raw_softmax,risk_at_80_coverage,Selective risk @ 80%,5,0.09126984126984125,0.06534498638884031,0.08571428571428567,0.17142857142857135,0.0648148148148151,0.7623581745364707,4.0
secondary/exploratory,hushem,resnet50,illumination,2,raw_softmax,risk_at_80_coverage,Selective risk @ 80%,5,0.13698412698412693,0.07955453577425674,0.08571428571428567,0.17142857142857135,0.5981481481481483,0.9281362506996624,4.0
secondary/exploratory,hushem,resnet50,illumination,3,raw_softmax,risk_at_80_coverage,Selective risk @ 80%,5,0.15396825396825392,0.09854062346138895,0.08571428571428567,0.17142857142857135,0.7962962962962966,1.1496406070495382,4.0
secondary/exploratory,hushem,resnet50,illumination,4,raw_softmax,risk_at_80_coverage,Selective risk @ 80%,5,0.21079365079365076,0.08802299339999174,0.08571428571428567,0.17142857142857135,1.45925925925926,1.026934922999904,4.0
secondary/exploratory,hushem,resnet50,illumination,5,raw_softmax,risk_at_80_coverage,Selective risk @ 80%,5,0.2844444444444444,0.05519611614133215,0.08571428571428567,0.17142857142857135,2.3185185185185193,0.643954688315542,4.0
secondary/exploratory,smids,mobilenet_v3_large,illumination,0,aps,conformal_coverage,APS coverage,3,0.9577777777777777,0.010715167512214404,0.9577777777777777,0.85,-0.0,0.09941908001023676,
secondary/exploratory,smids,mobilenet_v3_large,illumination,1,aps,conformal_coverage,APS coverage,3,0.9555555555555556,0.006938886664887129,0.9577777777777777,0.85,0.020618556701030036,0.0643814226639012,
secondary/exploratory,smids,mobilenet_v3_large,illumination,2,aps,conformal_coverage,APS coverage,3,0.9555555555555557,0.008388704928078597,0.9577777777777777,0.85,0.020618556701029005,0.07783334469351277,
secondary/exploratory,smids,mobilenet_v3_large,illumination,3,aps,conformal_coverage,APS coverage,3,0.9533333333333335,0.012018504251546692,0.9577777777777777,0.85,0.04123711340206007,0.11151189511744357,
secondary/exploratory,smids,mobilenet_v3_large,illumination,4,aps,conformal_coverage,APS coverage,3,0.9488888888888889,0.013471506281091313,0.9577777777777777,0.85,0.08247422680412324,0.12499335724723902,
secondary/exploratory,smids,mobilenet_v3_large,illumination,5,aps,conformal_coverage,APS coverage,3,0.9155555555555556,0.03746603400019423,0.9577777777777777,0.85,0.3917525773195872,0.34762299587809087,
secondary/exploratory,smids,mobilenet_v3_large,illumination,0,raw_softmax,accuracy,Accuracy,3,0.8888888888888888,0.016442942874387495,0.8888888888888888,0.8388888888888888,-0.0,0.3288588574877496,3.0
secondary/exploratory,smids,mobilenet_v3_large,illumination,1,raw_softmax,accuracy,Accuracy,3,0.8844444444444445,0.012619796324000596,0.8888888888888888,0.8388888888888888,0.08888888888888716,0.2523959264800117,3.0
secondary/exploratory,smids,mobilenet_v3_large,illumination,2,raw_softmax,accuracy,Accuracy,3,0.8622222222222223,0.007698003589194979,0.8888888888888888,0.8388888888888888,0.5333333333333297,0.15396007178389945,3.0
secondary/exploratory,smids,mobilenet_v3_large,illumination,3,raw_softmax,accuracy,Accuracy,3,0.82,0.026666666666666658,0.8888888888888888,0.8388888888888888,1.3777777777777764,0.5333333333333327,3.0
secondary/exploratory,smids,mobilenet_v3_large,illumination,4,raw_softmax,accuracy,Accuracy,3,0.7766666666666667,0.0688799277325728,0.8888888888888888,0.8388888888888888,2.2444444444444405,1.3775985546514549,3.0
secondary/exploratory,smids,mobilenet_v3_large,illumination,5,raw_softmax,accuracy,Accuracy,3,0.6966666666666667,0.10525102269231296,0.8888888888888888,0.8388888888888888,3.84444444444444,2.105020453846257,3.0
secondary/exploratory,smids,mobilenet_v3_large,illumination,0,raw_softmax,ece,ECE,3,0.03958280318313167,0.0059184862295023335,0.03958280318313167,0.07916560636626334,0.0,0.14952165469737408,4.0
secondary/exploratory,smids,mobilenet_v3_large,illumination,1,raw_softmax,ece,ECE,3,0.0472811455859078,0.003943969112893993,0.03958280318313167,0.07916560636626334,0.19448704446623932,0.09963844891548074,4.0
secondary/exploratory,smids,mobilenet_v3_large,illumination,2,raw_softmax,ece,ECE,3,0.056329732835292724,0.006920552295032251,0.03958280318313167,0.07916560636626334,0.4230859945588141,0.17483734699167203,4.0
secondary/exploratory,smids,mobilenet_v3_large,illumination,3,raw_softmax,ece,ECE,3,0.07304857687817677,0.030873493144215634,0.03958280318313167,0.07916560636626334,0.8454624484328246,0.779972378443689,4.0
secondary/exploratory,smids,mobilenet_v3_large,illumination,4,raw_softmax,ece,ECE,3,0.11605547911590992,0.07029807310281778,0.03958280318313167,0.07916560636626334,1.931967162077276,1.7759751066032514,4.0
secondary/exploratory,smids,mobilenet_v3_large,illumination,5,raw_softmax,ece,ECE,3,0.18700415382782618,0.11612048507931695,0.03958280318313167,0.07916560636626334,3.724378739995821,2.933609439990396,4.0
secondary/exploratory,smids,mobilenet_v3_large,illumination,0,raw_softmax,mean_predictive_entropy,Predictive entropy,3,0.21680468817551923,0.032669039399142466,0.21680468817551923,0.43360937635103847,0.0,0.15068419264390856,
secondary/exploratory,smids,mobilenet_v3_large,illumination,1,raw_softmax,mean_predictive_entropy,Predictive entropy,3,0.22526066998640695,0.041324777995582075,0.21680468817551923,0.43360937635103847,0.03900276272643138,0.19060832283352955,
secondary/exploratory,smids,mobilenet_v3_large,illumination,2,raw_softmax,mean_predictive_entropy,Predictive entropy,3,0.25389629602432245,0.033281960900329054,0.21680468817551923,0.43360937635103847,0.17108305249734662,0.15351126020570585,
secondary/exploratory,smids,mobilenet_v3_large,illumination,3,raw_softmax,mean_predictive_entropy,Predictive entropy,3,0.2970482011636098,0.022863417294353195,0.21680468817551923,0.43360937635103847,0.3701189013178884,0.10545628642422893,
secondary/exploratory,smids,mobilenet_v3_large,illumination,4,raw_softmax,mean_predictive_entropy,Predictive entropy,3,0.31859743595123285,0.0358675328510842,0.21680468817551923,0.43360937635103847,0.46951359139109095,0.1654370722004259,
secondary/exploratory,smids,mobilenet_v3_large,illumination,5,raw_softmax,mean_predictive_entropy,Predictive entropy,3,0.3239641189575195,0.06348026416519104,0.21680468817551923,0.43360937635103847,0.4942671290172787,0.29279931490134165,
secondary/exploratory,smids,mobilenet_v3_large,illumination,0,raw_softmax,risk_at_80_coverage,Selective risk @ 80%,3,0.05416666666666664,0.014433756729740645,0.05416666666666664,0.10833333333333328,0.0,0.26646935501059665,4.0
secondary/exploratory,smids,mobilenet_v3_large,illumination,1,raw_softmax,risk_at_80_coverage,Selective risk @ 80%,3,0.06111111111111106,0.016839382851364063,0.05416666666666664,0.10833333333333328,0.1282051282051278,0.310880914179029,4.0
secondary/exploratory,smids,mobilenet_v3_large,illumination,2,raw_softmax,risk_at_80_coverage,Selective risk @ 80%,3,0.0708333333333333,0.011023963796102454,0.05416666666666664,0.10833333333333328,0.30769230769230776,0.2035193316203531,4.0
secondary/exploratory,smids,mobilenet_v3_large,illumination,3,raw_softmax,risk_at_80_coverage,Selective risk @ 80%,3,0.09861111111111108,0.03592365876771549,0.05416666666666664,0.10833333333333328,0.8205128205128208,0.6632060080193632,4.0
secondary/exploratory,smids,mobilenet_v3_large,illumination,4,raw_softmax,risk_at_80_coverage,Selective risk @ 80%,3,0.1708333333333333,0.07916666666666666,0.05416666666666664,0.10833333333333328,2.153846153846155,1.4615384615384621,4.0
secondary/exploratory,smids,mobilenet_v3_large,illumination,5,raw_softmax,risk_at_80_coverage,Selective risk @ 80%,3,0.2583333333333333,0.12916666666666662,0.05416666666666664,0.10833333333333328,3.769230769230771,2.384615384615385,4.0
secondary/exploratory,smids,resnet50,illumination,0,aps,conformal_coverage,APS coverage,5,0.9773333333333334,0.013824294235551829,0.9773333333333334,0.85,-0.0,0.10856775577658498,
secondary/exploratory,smids,resnet50,illumination,1,aps,conformal_coverage,APS coverage,5,0.9773333333333334,0.007958224257542173,0.9773333333333334,0.85,-0.0,0.062499143383839016,
secondary/exploratory,smids,resnet50,illumination,2,aps,conformal_coverage,APS coverage,5,0.9773333333333334,0.00924962461700773,0.9773333333333334,0.85,-0.0,0.07264103102362086,
secondary/exploratory,smids,resnet50,illumination,3,aps,conformal_coverage,APS coverage,5,0.9786666666666667,0.007673909622147506,0.9773333333333334,0.85,-0.010471204188481388,0.06026630593309556,
secondary/exploratory,smids,resnet50,illumination,4,aps,conformal_coverage,APS coverage,5,0.9766666666666668,0.004082482904638628,0.9773333333333334,0.85,0.005235602094240258,0.03206138406784261,
secondary/exploratory,smids,resnet50,illumination,5,aps,conformal_coverage,APS coverage,5,0.96,0.008164965809277253,0.9773333333333334,0.85,0.1361256544502624,0.0641227681356852,
secondary/exploratory,smids,resnet50,illumination,0,raw_softmax,accuracy,Accuracy,5,0.8966666666666667,0.007071067811865407,0.8966666666666667,0.8466666666666667,-0.0,0.141421356237308,5.0
secondary/exploratory,smids,resnet50,illumination,1,raw_softmax,accuracy,Accuracy,5,0.8993333333333332,0.015347819244295098,0.8966666666666667,0.8466666666666667,-0.05333333333332963,0.3069563848859017,5.0
secondary/exploratory,smids,resnet50,illumination,2,raw_softmax,accuracy,Accuracy,5,0.892,0.015383974345619065,0.8966666666666667,0.8466666666666667,0.09333333333333407,0.307679486912381,5.0
secondary/exploratory,smids,resnet50,illumination,3,raw_softmax,accuracy,Accuracy,5,0.8793333333333333,0.012995725793078622,0.8966666666666667,0.8466666666666667,0.3466666666666681,0.2599145158615722,5.0
secondary/exploratory,smids,resnet50,illumination,4,raw_softmax,accuracy,Accuracy,5,0.8533333333333333,0.007817359599705734,0.8966666666666667,0.8466666666666667,0.8666666666666681,0.15634719199411454,5.0
secondary/exploratory,smids,resnet50,illumination,5,raw_softmax,accuracy,Accuracy,5,0.8093333333333333,0.024540216425741296,0.8966666666666667,0.8466666666666667,1.746666666666666,0.49080432851482547,5.0
secondary/exploratory,smids,resnet50,illumination,0,raw_softmax,ece,ECE,5,0.0468318364024162,0.010724334451363692,0.0468318364024162,0.0936636728048324,0.0,0.22899666712216285,
secondary/exploratory,smids,resnet50,illumination,1,raw_softmax,ece,ECE,5,0.04675512397289274,0.005885718115993448,0.0468318364024162,0.0936636728048324,-0.0016380401755823576,0.1256777134558359,
secondary/exploratory,smids,resnet50,illumination,2,raw_softmax,ece,ECE,5,0.0493497610290845,0.010229530199116352,0.0468318364024162,0.0936636728048324,0.053765233654992674,0.21843111406557142,
secondary/exploratory,smids,resnet50,illumination,3,raw_softmax,ece,ECE,5,0.057480596184730504,0.005881380809893222,0.0468318364024162,0.0936636728048324,0.2273829215410588,0.12558509897745082,
secondary/exploratory,smids,resnet50,illumination,4,raw_softmax,ece,ECE,5,0.06300513339042661,0.005482569967953323,0.0468318364024162,0.0936636728048324,0.34534834058260383,0.11706929279566881,
secondary/exploratory,smids,resnet50,illumination,5,raw_softmax,ece,ECE,5,0.08486697421471275,0.022326697455062213,0.0468318364024162,0.0936636728048324,0.8121641330796543,0.47674187412198743,
secondary/exploratory,smids,resnet50,illumination,0,raw_softmax,mean_predictive_entropy,Predictive entropy,5,0.18622796833515162,0.03649808680153978,0.18622796833515162,0.37245593667030324,0.0,0.19598606550791947,
secondary/exploratory,smids,resnet50,illumination,1,raw_softmax,mean_predictive_entropy,Predictive entropy,5,0.19073906242847438,0.032378105630629934,0.18622796833515162,0.37245593667030324,0.02422350484543875,0.1738627442488099,
secondary/exploratory,smids,resnet50,illumination,2,raw_softmax,mean_predictive_entropy,Predictive entropy,5,0.20271408855915066,0.030521230073208887,0.18622796833515162,0.37245593667030324,0.08852655361803237,0.16389176312271364,
secondary/exploratory,smids,resnet50,illumination,3,raw_softmax,mean_predictive_entropy,Predictive entropy,5,0.22722847163677212,0.03237955077199264,0.18622796833515162,0.37245593667030324,0.2201629737367511,0.17387050431501064,
secondary/exploratory,smids,resnet50,illumination,4,raw_softmax,mean_predictive_entropy,Predictive entropy,5,0.2589447319507599,0.029599250261565208,0.18622796833515162,0.37245593667030324,0.3904717656842018,0.15894095031040606,
secondary/exploratory,smids,resnet50,illumination,5,raw_softmax,mean_predictive_entropy,Predictive entropy,5,0.3067513883113861,0.03692835427696515,0.18622796833515162,0.37245593667030324,0.6471821663184893,0.19829649975295738,
secondary/exploratory,smids,resnet50,illumination,0,raw_softmax,risk_at_80_coverage,Selective risk @ 80%,5,0.0483333333333333,0.008640183897219877,0.0483333333333333,0.0966666666666666,0.0,0.17876242545972174,5.0
secondary/exploratory,smids,resnet50,illumination,1,raw_softmax,risk_at_80_coverage,Selective risk @ 80%,5,0.05416666666666662,0.007795119555779023,0.0483333333333333,0.0966666666666666,0.12068965517241366,0.1612783356368075,5.0
secondary/exploratory,smids,resnet50,illumination,2,raw_softmax,risk_at_80_coverage,Selective risk @ 80%,5,0.05666666666666664,0.01045825033167595,0.0483333333333333,0.0966666666666666,0.17241379310344865,0.21637759306915774,5.0
secondary/exploratory,smids,resnet50,illumination,3,raw_softmax,risk_at_80_coverage,Selective risk @ 80%,5,0.06833333333333332,0.006319062870042961,0.0483333333333333,0.0966666666666666,0.4137931034482765,0.13073923179399238,5.0
secondary/exploratory,smids,resnet50,illumination,4,raw_softmax,risk_at_80_coverage,Selective risk @ 80%,5,0.0908333333333333,0.011931517552730305,0.0483333333333333,0.0966666666666666,0.8793103448275867,0.2468589838495927,5.0
secondary/exploratory,smids,resnet50,illumination,5,raw_softmax,risk_at_80_coverage,Selective risk @ 80%,5,0.13833333333333328,0.028012893856619345,0.0483333333333333,0.0966666666666666,1.8620689655172424,0.5795771142748835,5.0
secondary/exploratory,smids,xception,illumination,0,aps,conformal_coverage,APS coverage,3,0.9866666666666667,0.005773502691896279,0.9866666666666667,0.85,-0.0,0.04224514164802154,
secondary/exploratory,smids,xception,illumination,1,aps,conformal_coverage,APS coverage,3,0.9899999999999999,0.0033333333333331883,0.9866666666666667,0.85,-0.024390243902437953,0.024390243902437953,
secondary/exploratory,smids,xception,illumination,2,aps,conformal_coverage,APS coverage,3,0.9866666666666667,0.003333333333333424,0.9866666666666667,0.85,-0.0,0.02439024390243968,
secondary/exploratory,smids,xception,illumination,3,aps,conformal_coverage,APS coverage,3,0.9755555555555556,0.0069388866648870205,0.9866666666666667,0.85,0.08130081300812976,0.05077234145039281,
secondary/exploratory,smids,xception,illumination,4,aps,conformal_coverage,APS coverage,3,0.9644444444444445,0.013471506281091204,0.9866666666666667,0.85,0.16260162601625952,0.09857199717871609,
secondary/exploratory,smids,xception,illumination,5,aps,conformal_coverage,APS coverage,3,0.9433333333333334,0.010000000000000078,0.9866666666666667,0.85,0.3170731707317072,0.07317073170731762,
secondary/exploratory,smids,xception,illumination,0,raw_softmax,accuracy,Accuracy,3,0.8877777777777779,0.021688023662159054,0.8877777777777779,0.8377777777777778,-0.0,0.4337604732431807,4.0
secondary/exploratory,smids,xception,illumination,1,raw_softmax,accuracy,Accuracy,3,0.8922222222222222,0.015030832509409592,0.8877777777777779,0.8377777777777778,-0.08888888888888716,0.30061665018819156,4.0
secondary/exploratory,smids,xception,illumination,2,raw_softmax,accuracy,Accuracy,3,0.8833333333333333,0.020816659994661358,0.8877777777777779,0.8377777777777778,0.0888888888888916,0.4163331998932268,4.0
secondary/exploratory,smids,xception,illumination,3,raw_softmax,accuracy,Accuracy,3,0.8655555555555555,0.030792014356780063,0.8877777777777779,0.8377777777777778,0.4444444444444469,0.6158402871356007,4.0
secondary/exploratory,smids,xception,illumination,4,raw_softmax,accuracy,Accuracy,3,0.8366666666666666,0.037564758898615484,0.8877777777777779,0.8377777777777778,1.0222222222222257,0.751295177972309,4.0
secondary/exploratory,smids,xception,illumination,5,raw_softmax,accuracy,Accuracy,3,0.758888888888889,0.050479185296002406,0.8877777777777779,0.8377777777777778,2.5777777777777766,1.0095837059200472,4.0
secondary/exploratory,smids,xception,illumination,0,raw_softmax,ece,ECE,3,0.051576605041821766,0.02328901129418406,0.051576605041821766,0.10315321008364353,0.0,0.4515421531777784,
secondary/exploratory,smids,xception,illumination,1,raw_softmax,ece,ECE,3,0.05769225733147724,0.013893488218089962,0.051576605041821766,0.10315321008364353,0.11857415362442898,0.2693757801007684,
secondary/exploratory,smids,xception,illumination,2,raw_softmax,ece,ECE,3,0.053332074516349304,0.01945180495376344,0.051576605041821766,0.10315321008364353,0.034036157926720566,0.377143957769043,
secondary/exploratory,smids,xception,illumination,3,raw_softmax,ece,ECE,3,0.05499273074997787,0.039495215561218495,0.051576605041821766,0.10315321008364353,0.06623401647677428,0.76575834196906,
secondary/exploratory,smids,xception,illumination,4,raw_softmax,ece,ECE,3,0.06192270752456447,0.02120698746243043,0.051576605041821766,0.10315321008364353,0.20059681078957,0.4111745518192674,
secondary/exploratory,smids,xception,illumination,5,raw_softmax,ece,ECE,3,0.08039094242784707,0.04593902219602459,0.051576605041821766,0.10315321008364353,0.5586706872749905,0.8906949606080926,
secondary/exploratory,smids,xception,illumination,0,raw_softmax,mean_predictive_entropy,Predictive entropy,3,0.28184684614340466,0.1500669198712702,0.28184684614340466,0.5636936922868093,0.0,0.5324413663827752,
secondary/exploratory,smids,xception,illumination,1,raw_softmax,mean_predictive_entropy,Predictive entropy,3,0.29340420663356775,0.1573081406223463,0.28184684614340466,0.5636936922868093,0.041005818047304556,0.558133407468776,
secondary/exploratory,smids,xception,illumination,2,raw_softmax,mean_predictive_entropy,Predictive entropy,3,0.3227568765481313,0.16676395502637242,0.28184684614340466,0.5636936922868093,0.14514986051648582,0.5916828849009804,
secondary/exploratory,smids,xception,illumination,3,raw_softmax,mean_predictive_entropy,Predictive entropy,3,0.37339451412359875,0.1758839210154514,0.28184684614340466,0.5636936922868093,0.32481352632775007,0.6240407633511749,
secondary/exploratory,smids,xception,illumination,4,raw_softmax,mean_predictive_entropy,Predictive entropy,3,0.4385678668816884,0.17331738503819605,0.28184684614340466,0.5636936922868093,0.5560502907261327,0.6149346264105845,
secondary/exploratory,smids,xception,illumination,5,raw_softmax,mean_predictive_entropy,Predictive entropy,3,0.48936982949574787,0.163781732405688,0.28184684614340466,0.5636936922868093,0.7362969860828416,0.5811018808504079,
secondary/exploratory,smids,xception,illumination,0,raw_softmax,risk_at_80_coverage,Selective risk @ 80%,3,0.052777777777777764,0.01683938285136407,0.052777777777777764,0.10555555555555553,0.0,0.3190619908679509,5.0
secondary/exploratory,smids,xception,illumination,1,raw_softmax,risk_at_80_coverage,Selective risk @ 80%,3,0.05277777777777773,0.021381672664362035,0.052777777777777764,0.10555555555555553,-6.573688961596323e-16,0.4051264294300176,5.0
secondary/exploratory,smids,xception,illumination,2,raw_softmax,risk_at_80_coverage,Selective risk @ 80%,3,0.06111111111111107,0.026787918780535974,0.052777777777777764,0.10555555555555553,0.15789473684210475,0.5075605663680501,5.0
secondary/exploratory,smids,xception,illumination,3,raw_softmax,risk_at_80_coverage,Selective risk @ 80%,3,0.07361111111111111,0.02511547405559045,0.052777777777777764,0.10555555555555553,0.39473684210526355,0.4758721400006613,5.0
secondary/exploratory,smids,xception,illumination,4,raw_softmax,risk_at_80_coverage,Selective risk @ 80%,3,0.10277777777777773,0.03367876570272819,0.052777777777777764,0.10555555555555553,0.9473684210526312,0.6381239817359027,5.0
secondary/exploratory,smids,xception,illumination,5,raw_softmax,risk_at_80_coverage,Selective risk @ 80%,3,0.18749999999999997,0.0506896877524852,0.052777777777777764,0.10555555555555553,2.552631578947369,0.9604361889944567,5.0
