analysis_tier,dataset,model,corruption_scope,severity,coverage,mean_risk,std_risk,n_replicates,mean_aurc,std_aurc,mean_risk_at_80,std_risk_at_80
secondary/exploratory,hushem,resnet50,clean,0,0.0,0.0,0.0,5,0.05242919944015704,0.04538317534451244,0.08571428571428567,0.07284313590846836
secondary/exploratory,hushem,resnet50,clean,0,0.01,0.0,0.0,5,0.05242919944015704,0.04538317534451244,0.08571428571428567,0.07284313590846836
secondary/exploratory,hushem,resnet50,clean,0,0.02,0.0,0.0,5,0.05242919944015704,0.04538317534451244,0.08571428571428567,0.07284313590846836
secondary/exploratory,hushem,resnet50,clean,0,0.03,0.0,0.0,5,0.05242919944015704,0.04538317534451244,0.08571428571428567,0.07284313590846836
secondary/exploratory,hushem,resnet50,clean,0,0.04,0.0,0.0,5,0.05242919944015704,0.04538317534451244,0.08571428571428567,0.07284313590846836
secondary/exploratory,hushem,resnet50,clean,0,0.05,0.0,0.0,5,0.05242919944015704,0.04538317534451244,0.08571428571428567,0.07284313590846836
secondary/exploratory,hushem,resnet50,clean,0,0.06,0.0,0.0,5,0.05242919944015704,0.04538317534451244,0.08571428571428567,0.07284313590846836
secondary/exploratory,hushem,resnet50,clean,0,0.07,0.0,0.0,5,0.05242919944015704,0.04538317534451244,0.08571428571428567,0.07284313590846836
secondary/exploratory,hushem,resnet50,clean,0,0.08,0.0,0.0,5,0.05242919944015704,0.04538317534451244,0.08571428571428567,0.07284313590846836
secondary/exploratory,hushem,resnet50,clean,0,0.09,0.0,0.0,5,0.05242919944015704,0.04538317534451244,0.08571428571428567,0.07284313590846836
secondary/exploratory,hushem,resnet50,clean,0,0.1,0.0,0.0,5,0.05242919944015704,0.04538317534451244,0.08571428571428567,0.07284313590846836
secondary/exploratory,hushem,resnet50,clean,0,0.11,0.0,0.0,5,0.05242919944015704,0.04538317534451244,0.08571428571428567,0.07284313590846836
secondary/exploratory,hushem,resnet50,clean,0,0.12,0.0,0.0,5,0.05242919944015704,0.04538317534451244,0.08571428571428567,0.07284313590846836
secondary/exploratory,hushem,resnet50,clean,0,0.13,0.0,0.0,5,0.05242919944015704,0.04538317534451244,0.08571428571428567,0.07284313590846836
secondary/exploratory,hushem,resnet50,clean,0,0.14,0.0,0.0,5,0.05242919944015704,0.04538317534451244,0.08571428571428567,0.07284313590846836
secondary/exploratory,hushem,resnet50,clean,0,0.15,0.0,0.0,5,0.05242919944015704,0.04538317534451244,0.08571428571428567,0.07284313590846836
secondary/exploratory,hushem,resnet50,clean,0,0.16,0.0,0.0,5,0.05242919944015704,0.04538317534451244,0.08571428571428567,0.07284313590846836
secondary/exploratory,hushem,resnet50,clean,0,0.17,0.007750000000000005,0.01732952682562338,5,0.05242919944015704,0.04538317534451244,0.08571428571428567,0.07284313590846836
secondary/exploratory,hushem,resnet50,clean,0,0.18,0.018499999999999992,0.04136725758374609,5,0.05242919944015704,0.04538317534451244,0.08571428571428567,0.07284313590846836
secondary/exploratory,hushem,resnet50,clean,0,0.19,0.028305555555555556,0.06329314636311904,5,0.05242919944015704,0.04538317534451244,0.08571428571428567,0.07284313590846836
secondary/exploratory,hushem,resnet50,clean,0,0.2,0.03666666666666667,0.08198915917499229,5,0.05242919944015704,0.04538317534451244,0.08571428571428567,0.07284313590846836
secondary/exploratory,hushem,resnet50,clean,0,0.21,0.044311111111111114,0.09908265660299069,5,0.05242919944015704,0.04538317534451244,0.08571428571428567,0.07284313590846836
secondary/exploratory,hushem,resnet50,clean,0,0.22,0.0424,0.09480928224599108,5,0.05242919944015704,0.04538317534451244,0.08571428571428567,0.07284313590846836
secondary/exploratory,hushem,resnet50,clean,0,0.23,0.040488888888888894,0.09053590788899149,5,0.05242919944015704,0.04538317534451244,0.08571428571428567,0.07284313590846836
secondary/exploratory,hushem,resnet50,clean,0,0.24,0.044654545454545454,0.08453212016058143,5,0.05242919944015704,0.04538317534451244,0.08571428571428567,0.07284313590846836
secondary/exploratory,hushem,resnet50,clean,0,0.25,0.050909090909090904,0.08127343908575818,5,0.05242919944015704,0.04538317534451244,0.08571428571428567,0.07284313590846836
secondary/exploratory,hushem,resnet50,clean,0,0.26,0.05672727272727274,0.08202650246986042,5,0.05242919944015704,0.04538317534451244,0.08571428571428567,0.07284313590846836
secondary/exploratory,hushem,resnet50,clean,0,0.27,0.06193939393939394,0.08573531406098064,5,0.05242919944015704,0.04538317534451244,0.08571428571428567,0.07284313590846836
secondary/exploratory,hushem,resnet50,clean,0,0.28,0.06646153846153845,0.09100620955470451,5,0.05242919944015704,0.04538317534451244,0.08571428571428567,0.07284313590846836
secondary/exploratory,hushem,resnet50,clean,0,0.29,0.06425641025641025,0.08798671340435553,5,0.05242919944015704,0.04538317534451244,0.08571428571428567,0.07284313590846836
secondary/exploratory,hushem,resnet50,clean,0,0.3,0.062051282051282054,0.08496721725400654,5,0.05242919944015704,0.04538317534451244,0.08571428571428567,0.07284313590846836
secondary/exploratory,hushem,resnet50,clean,0,0.31,0.06008791208791209,0.08227876220984198,5,0.05242919944015704,0.04538317534451244,0.08571428571428567,0.07284313590846836
secondary/exploratory,hushem,resnet50,clean,0,0.32,0.0581978021978022,0.07969062265239998,5,0.05242919944015704,0.04538317534451244,0.08571428571428567,0.07284313590846836
secondary/exploratory,hushem,resnet50,clean,0,0.33,0.05641904761904761,0.07725496263477628,5,0.05242919944015704,0.04538317534451244,0.08571428571428567,0.07284313590846836
secondary/exploratory,hushem,resnet50,clean,0,0.34,0.054780952380952375,0.07501190835165988,5,0.05242919944015704,0.04538317534451244,0.08571428571428567,0.07284313590846836
secondary/exploratory,hushem,resnet50,clean,0,0.35000000000000003,0.05316666666666666,0.07280145660172832,5,0.05242919944015704,0.04538317534451244,0.08571428571428567,0.07284313590846836
secondary/exploratory,hushem,resnet50,clean,0,0.36,0.05173333333333333,0.07083878410400148,5,0.05242919944015704,0.04538317534451244,0.08571428571428567,0.07284313590846836
secondary/exploratory,hushem,resnet50,clean,0,0.37,0.0503,0.06887611160627463,5,0.05242919944015704,0.04538317534451244,0.08571428571428567,0.07284313590846836
secondary/exploratory,hushem,resnet50,clean,0,0.38,0.049,0.06709601329438285,5,0.05242919944015704,0.04538317534451244,0.08571428571428567,0.07284313590846836
secondary/exploratory,hushem,resnet50,clean,0,0.39,0.047735294117647056,0.06536424344344739,5,0.05242919944015704,0.04538317534451244,0.08571428571428567,0.07284313590846836
secondary/exploratory,hushem,resnet50,clean,0,0.4,0.0465359477124183,0.06372197074243108,5,0.05242919944015704,0.04538317534451244,0.08571428571428567,0.07284313590846836
secondary/exploratory,hushem,resnet50,clean,0,0.41000000000000003,0.045411764705882346,0.06218261976382179,5,0.05242919944015704,0.04538317534451244,0.08571428571428567,0.07284313590846836
secondary/exploratory,hushem,resnet50,clean,0,0.42,0.044304093567251464,0.06066587859150788,5,0.05242919944015704,0.04538317534451244,0.08571428571428567,0.07284313590846836
secondary/exploratory,hushem,resnet50,clean,0,0.43,0.043298245614035086,0.05928856455801535,5,0.05242919944015704,0.04538317534451244,0.08571428571428567,0.07284313590846836
secondary/exploratory,hushem,resnet50,clean,0,0.44,0.04229239766081871,0.05791125052452282,5,0.05242919944015704,0.04538317534451244,0.08571428571428567,0.07284313590846836
secondary/exploratory,hushem,resnet50,clean,0,0.45,0.041368421052631575,0.05664604344724481,5,0.05242919944015704,0.04538317534451244,0.08571428571428567,0.07284313590846836
secondary/exploratory,hushem,resnet50,clean,0,0.46,0.04046315789473684,0.05540646081710154,5,0.05242919944015704,0.04538317534451244,0.08571428571428567,0.07284313590846836
secondary/exploratory,hushem,resnet50,clean,0,0.47000000000000003,0.039599999999999996,0.05422453319301144,5,0.05242919944015704,0.04538317534451244,0.08571428571428567,0.07284313590846836
secondary/exploratory,hushem,resnet50,clean,0,0.48,0.03878095238095238,0.05310300605145325,5,0.05242919944015704,0.04538317534451244,0.08571428571428567,0.07284313590846836
secondary/exploratory,hushem,resnet50,clean,0,0.49,0.03797402597402597,0.05199807656315278,5,0.05242919944015704,0.04538317534451244,0.08571428571428567,0.07284313590846836
secondary/exploratory,hushem,resnet50,clean,0,0.5,0.03722943722943723,0.050978506434463514,5,0.05242919944015704,0.04538317534451244,0.08571428571428567,0.07284313590846836
secondary/exploratory,hushem,resnet50,clean,0,0.51,0.03648484848484849,0.04995893630577424,5,0.05242919944015704,0.04538317534451244,0.08571428571428567,0.07284313590846836
secondary/exploratory,hushem,resnet50,clean,0,0.52,0.035794466403162056,0.04901359170718166,5,0.05242919944015704,0.04538317534451244,0.08571428571428567,0.07284313590846836
secondary/exploratory,hushem,resnet50,clean,0,0.53,0.03511462450592885,0.04808267985055232,5,0.05242919944015704,0.04538317534451244,0.08571428571428567,0.07284313590846836
secondary/exploratory,hushem,resnet50,clean,0,0.54,0.03629710144927538,0.04980740580232851,5,0.05242919944015704,0.04538317534451244,0.08571428571428567,0.07284313590846836
secondary/exploratory,hushem,resnet50,clean,0,0.55,0.03925724637681161,0.05460137113753392,5,0.05242919944015704,0.04538317534451244,0.08571428571428567,0.07284313590846836
secondary/exploratory,hushem,resnet50,clean,0,0.56,0.041533333333333325,0.058737003290562535,5,0.05242919944015704,0.04538317534451244,0.08571428571428567,0.07284313590846836
secondary/exploratory,hushem,resnet50,clean,0,0.5700000000000001,0.04081666666666666,0.05772348357086182,5,0.05242919944015704,0.04538317534451244,0.08571428571428567,0.07284313590846836
secondary/exploratory,hushem,resnet50,clean,0,0.58,0.040100000000000004,0.05670996385116112,5,0.05242919944015704,0.04538317534451244,0.08571428571428567,0.07284313590846836
secondary/exploratory,hushem,resnet50,clean,0,0.59,0.042276923076923066,0.053567798107471636,5,0.05242919944015704,0.04538317534451244,0.08571428571428567,0.07284313590846836
secondary/exploratory,hushem,resnet50,clean,0,0.6,0.04492307692307692,0.050980446419777094,5,0.05242919944015704,0.04538317534451244,0.08571428571428567,0.07284313590846836
secondary/exploratory,hushem,resnet50,clean,0,0.61,0.04576068376068376,0.04972052660606123,5,0.05242919944015704,0.04538317534451244,0.08571428571428567,0.07284313590846836
secondary/exploratory,hushem,resnet50,clean,0,0.62,0.04502564102564102,0.04892187787835833,5,0.05242919944015704,0.04538317534451244,0.08571428571428567,0.07284313590846836
secondary/exploratory,hushem,resnet50,clean,0,0.63,0.04494444444444444,0.048033262771391,5,0.05242919944015704,0.04538317534451244,0.08571428571428567,0.07284313590846836
secondary/exploratory,hushem,resnet50,clean,0,0.64,0.047333333333333324,0.04740911396210338,5,0.05242919944015704,0.04538317534451244,0.08571428571428567,0.07284313590846836
secondary/exploratory,hushem,resnet50,clean,0,0.65,0.04972222222222221,0.04780415777262406,5,0.05242919944015704,0.04538317534451244,0.08571428571428567,0.07284313590846836
secondary/exploratory,hushem,resnet50,clean,0,0.66,0.05196551724137931,0.05138056311023188,5,0.05242919944015704,0.04538317534451244,0.08571428571428567,0.07284313590846836
secondary/exploratory,hushem,resnet50,clean,0,0.67,0.05418965517241381,0.0556886259853525,5,0.05242919944015704,0.04538317534451244,0.08571428571428567,0.07284313590846836
secondary/exploratory,hushem,resnet50,clean,0,0.68,0.05473103448275861,0.05723908595322778,5,0.05242919944015704,0.04538317534451244,0.08571428571428567,0.07284313590846836
secondary/exploratory,hushem,resnet50,clean,0,0.6900000000000001,0.053940229885057464,0.0564120427086079,5,0.05242919944015704,0.04538317534451244,0.08571428571428567,0.07284313590846836
secondary/exploratory,hushem,resnet50,clean,0,0.7000000000000001,0.05380645161290324,0.05580850266601947,5,0.05242919944015704,0.04538317534451244,0.08571428571428567,0.07284313590846836
secondary/exploratory,hushem,resnet50,clean,0,0.71,0.055840860215053766,0.05635716748742308,5,0.05242919944015704,0.04538317534451244,0.08571428571428567,0.07284313590846836
secondary/exploratory,hushem,resnet50,clean,0,0.72,0.057875268817204305,0.057560967491957986,5,0.05242919944015704,0.04538317534451244,0.08571428571428567,0.07284313590846836
secondary/exploratory,hushem,resnet50,clean,0,0.73,0.05735685483870967,0.05700170061997448,5,0.05242919944015704,0.04538317534451244,0.08571428571428567,0.07284313590846836
secondary/exploratory,hushem,resnet50,clean,0,0.74,0.05657661290322581,0.05622628995035762,5,0.05242919944015704,0.04538317534451244,0.08571428571428567,0.07284313590846836
secondary/exploratory,hushem,resnet50,clean,0,0.75,0.05733901515151515,0.057859770991368034,5,0.05242919944015704,0.04538317534451244,0.08571428571428567,0.07284313590846836
secondary/exploratory,hushem,resnet50,clean,0,0.76,0.059212121212121216,0.06145077987387498,5,0.05242919944015704,0.04538317534451244,0.08571428571428567,0.07284313590846836
secondary/exploratory,hushem,resnet50,clean,0,0.77,0.061057040998217474,0.06447085488993584,5,0.05242919944015704,0.04538317534451244,0.08571428571428567,0.07284313590846836
secondary/exploratory,hushem,resnet50,clean,0,0.78,0.06281996434937612,0.06549262724283623,5,0.05242919944015704,0.04538317534451244,0.08571428571428567,0.07284313590846836
secondary/exploratory,hushem,resnet50,clean,0,0.79,0.06458288770053477,0.06695171041821661,5,0.05242919944015704,0.04538317534451244,0.08571428571428567,0.07284313590846836
secondary/exploratory,hushem,resnet50,clean,0,0.8,0.07310924369747905,0.06919309564948609,5,0.05242919944015704,0.04538317534451244,0.08571428571428567,0.07284313590846836
secondary/exploratory,hushem,resnet50,clean,0,0.81,0.0821428571428572,0.07175624839464136,5,0.05242919944015704,0.04538317534451244,0.08571428571428567,0.07284313590846836
secondary/exploratory,hushem,resnet50,clean,0,0.8200000000000001,0.08841655941655943,0.07248206566698544,5,0.05242919944015704,0.04538317534451244,0.08571428571428567,0.07284313590846836
secondary/exploratory,hushem,resnet50,clean,0,0.8300000000000001,0.09454890604890606,0.06984480943612449,5,0.05242919944015704,0.04538317534451244,0.08571428571428567,0.07284313590846836
secondary/exploratory,hushem,resnet50,clean,0,0.84,0.10062462462462458,0.06778443142461235,5,0.05242919944015704,0.04538317534451244,0.08571428571428567,0.07284313590846836
secondary/exploratory,hushem,resnet50,clean,0,0.85,0.10433499288762446,0.06927987656360256,5,0.05242919944015704,0.04538317534451244,0.08571428571428567,0.07284313590846836
secondary/exploratory,hushem,resnet50,clean,0,0.86,0.10782345503398136,0.07156334134685736,5,0.05242919944015704,0.04538317534451244,0.08571428571428567,0.07284313590846836
secondary/exploratory,hushem,resnet50,clean,0,0.87,0.11113575518838678,0.07414099224673233,5,0.05242919944015704,0.04538317534451244,0.08571428571428567,0.07284313590846836
secondary/exploratory,hushem,resnet50,clean,0,0.88,0.11444052959842432,0.07706554817895632,5,0.05242919944015704,0.04538317534451244,0.08571428571428567,0.07284313590846836
secondary/exploratory,hushem,resnet50,clean,0,0.89,0.11625344129554656,0.08039110889245779,5,0.05242919944015704,0.04538317534451244,0.08571428571428567,0.07284313590846836
secondary/exploratory,hushem,resnet50,clean,0,0.9,0.11718353576248312,0.08387846221672611,5,0.05242919944015704,0.04538317534451244,0.08571428571428567,0.07284313590846836
secondary/exploratory,hushem,resnet50,clean,0,0.91,0.11744896810506567,0.08606948639350415,5,0.05242919944015704,0.04538317534451244,0.08571428571428567,0.07284313590846836
secondary/exploratory,hushem,resnet50,clean,0,0.92,0.11618248905565978,0.08514093500683481,5,0.05242919944015704,0.04538317534451244,0.08571428571428567,0.07284313590846836
secondary/exploratory,hushem,resnet50,clean,0,0.93,0.11491601000625391,0.08421238362192449,5,0.05242919944015704,0.04538317534451244,0.08571428571428567,0.07284313590846836
secondary/exploratory,hushem,resnet50,clean,0,0.9400000000000001,0.11370940766550522,0.08332869991873905,5,0.05242919944015704,0.04538317534451244,0.08571428571428567,0.07284313590846836
secondary/exploratory,hushem,resnet50,clean,0,0.9500000000000001,0.11250464576074333,0.08244552741976716,5,0.05242919944015704,0.04538317534451244,0.08571428571428567,0.07284313590846836
secondary/exploratory,hushem,resnet50,clean,0,0.96,0.11645323177484261,0.08271495715104073,5,0.05242919944015704,0.04538317534451244,0.08571428571428567,0.07284313590846836
secondary/exploratory,hushem,resnet50,clean,0,0.97,0.12349515166248007,0.08334645940368318,5,0.05242919944015704,0.04538317534451244,0.08571428571428567,0.07284313590846836
secondary/exploratory,hushem,resnet50,clean,0,0.98,0.12913359508708344,0.08298359082917112,5,0.05242919944015704,0.04538317534451244,0.08571428571428567,0.07284313590846836
secondary/exploratory,hushem,resnet50,clean,0,0.99,0.1318500956407933,0.0803977479360536,5,0.05242919944015704,0.04538317534451244,0.08571428571428567,0.07284313590846836
secondary/exploratory,hushem,resnet50,clean,0,1.0,0.13456659619450317,0.07816300968507434,5,0.05242919944015704,0.04538317534451244,0.08571428571428567,0.07284313590846836
secondary/exploratory,hushem,resnet50,equal_mean_of_7_device_corruptions,1,0.0,0.0,0.0,5,0.05685175907262231,0.0327866458215563,0.09936507936507931,0.04514134995800499
secondary/exploratory,hushem,resnet50,equal_mean_of_7_device_corruptions,1,0.01,0.0,0.0,5,0.05685175907262231,0.0327866458215563,0.09936507936507931,0.04514134995800499
secondary/exploratory,hushem,resnet50,equal_mean_of_7_device_corruptions,1,0.02,0.0,0.0,5,0.05685175907262231,0.0327866458215563,0.09936507936507931,0.04514134995800499
secondary/exploratory,hushem,resnet50,equal_mean_of_7_device_corruptions,1,0.03,0.0,0.0,5,0.05685175907262231,0.0327866458215563,0.09936507936507931,0.04514134995800499
secondary/exploratory,hushem,resnet50,equal_mean_of_7_device_corruptions,1,0.04,0.0,0.0,5,0.05685175907262231,0.0327866458215563,0.09936507936507931,0.04514134995800499
secondary/exploratory,hushem,resnet50,equal_mean_of_7_device_corruptions,1,0.05,0.0,0.0,5,0.05685175907262231,0.0327866458215563,0.09936507936507931,0.04514134995800499
secondary/exploratory,hushem,resnet50,equal_mean_of_7_device_corruptions,1,0.06,0.0,0.0,5,0.05685175907262231,0.0327866458215563,0.09936507936507931,0.04514134995800499
secondary/exploratory,hushem,resnet50,equal_mean_of_7_device_corruptions,1,0.07,0.0,0.0,5,0.05685175907262231,0.0327866458215563,0.09936507936507931,0.04514134995800499
secondary/exploratory,hushem,resnet50,equal_mean_of_7_device_corruptions,1,0.08,0.0,0.0,5,0.05685175907262231,0.0327866458215563,0.09936507936507931,0.04514134995800499
secondary/exploratory,hushem,resnet50,equal_mean_of_7_device_corruptions,1,0.09,0.0,0.0,5,0.05685175907262231,0.0327866458215563,0.09936507936507931,0.04514134995800499
secondary/exploratory,hushem,resnet50,equal_mean_of_7_device_corruptions,1,0.1,0.0017142857142857161,0.0038332593899996436,5,0.05685175907262231,0.0327866458215563,0.09936507936507931,0.04514134995800499
secondary/exploratory,hushem,resnet50,equal_mean_of_7_device_corruptions,1,0.11,0.0041714285714285725,0.009327597848999124,5,0.05685175907262231,0.0327866458215563,0.09936507936507931,0.04514134995800499
secondary/exploratory,hushem,resnet50,equal_mean_of_7_device_corruptions,1,0.12,0.005561904761904763,0.012436797131998831,5,0.05685175907262231,0.0327866458215563,0.09936507936507931,0.04514134995800499
secondary/exploratory,hushem,resnet50,equal_mean_of_7_device_corruptions,1,0.13,0.005152380952380952,0.011521074055498915,5,0.05685175907262231,0.0327866458215563,0.09936507936507931,0.04514134995800499
secondary/exploratory,hushem,resnet50,equal_mean_of_7_device_corruptions,1,0.14,0.00474829931972789,0.010617520056427571,5,0.05685175907262231,0.0327866458215563,0.09936507936507931,0.04514134995800499
secondary/exploratory,hushem,resnet50,equal_mean_of_7_device_corruptions,1,0.15,0.00445578231292517,0.00996343214464192,5,0.05685175907262231,0.0327866458215563,0.09936507936507931,0.04514134995800499
secondary/exploratory,hushem,resnet50,equal_mean_of_7_device_corruptions,1,0.16,0.004163265306122449,0.009309344232856266,5,0.05685175907262231,0.0327866458215563,0.09936507936507931,0.04514134995800499
secondary/exploratory,hushem,resnet50,equal_mean_of_7_device_corruptions,1,0.17,0.00945918367346939,0.011087572284447523,5,0.05685175907262231,0.0327866458215563,0.09936507936507931,0.04514134995800499
secondary/exploratory,hushem,resnet50,equal_mean_of_7_device_corruptions,1,0.18,0.01691836734693877,0.018180404949146536,5,0.05685175907262231,0.0327866458215563,0.09936507936507931,0.04514134995800499
secondary/exploratory,hushem,resnet50,equal_mean_of_7_device_corruptions,1,0.19,0.02372222222222222,0.02497276877338836,5,0.05685175907262231,0.0327866458215563,0.09936507936507931,0.04514134995800499
secondary/exploratory,hushem,resnet50,equal_mean_of_7_device_corruptions,1,0.2,0.029523809523809525,0.0296712906279512,5,0.05685175907262231,0.0327866458215563,0.09936507936507931,0.04514134995800499
secondary/exploratory,hushem,resnet50,equal_mean_of_7_device_corruptions,1,0.21,0.03498730158730158,0.03448689944468968,5,0.05685175907262231,0.0327866458215563,0.09936507936507931,0.04514134995800499
secondary/exploratory,hushem,resnet50,equal_mean_of_7_device_corruptions,1,0.22,0.035942857142857144,0.03563442499743695,5,0.05685175907262231,0.0327866458215563,0.09936507936507931,0.04514134995800499
secondary/exploratory,hushem,resnet50,equal_mean_of_7_device_corruptions,1,0.23,0.0368984126984127,0.03690805173935302,5,0.05685175907262231,0.0327866458215563,0.09936507936507931,0.04514134995800499
secondary/exploratory,hushem,resnet50,equal_mean_of_7_device_corruptions,1,0.24,0.03689350649350649,0.037545082138427194,5,0.05685175907262231,0.0327866458215563,0.09936507936507931,0.04514134995800499
secondary/exploratory,hushem,resnet50,equal_mean_of_7_device_corruptions,1,0.25,0.036558441558441554,0.038004768855054126,5,0.05685175907262231,0.0327866458215563,0.09936507936507931,0.04514134995800499
secondary/exploratory,hushem,resnet50,equal_mean_of_7_device_corruptions,1,0.26,0.03624675324675325,0.03849878374888437,5,0.05685175907262231,0.0327866458215563,0.09936507936507931,0.04514134995800499
secondary/exploratory,hushem,resnet50,equal_mean_of_7_device_corruptions,1,0.27,0.03596753246753246,0.03899365187472973,5,0.05685175907262231,0.0327866458215563,0.09936507936507931,0.04514134995800499
secondary/exploratory,hushem,resnet50,equal_mean_of_7_device_corruptions,1,0.28,0.03569230769230769,0.0395279475847259,5,0.05685175907262231,0.0327866458215563,0.09936507936507931,0.04514134995800499
secondary/exploratory,hushem,resnet50,equal_mean_of_7_device_corruptions,1,0.29,0.03545604395604396,0.040022032542897386,5,0.05685175907262231,0.0327866458215563,0.09936507936507931,0.04514134995800499
secondary/exploratory,hushem,resnet50,equal_mean_of_7_device_corruptions,1,0.3,0.035219780219780214,0.040547585088008556,5,0.05685175907262231,0.0327866458215563,0.09936507936507931,0.04514134995800499
secondary/exploratory,hushem,resnet50,equal_mean_of_7_device_corruptions,1,0.31,0.035009419152276296,0.04104102217368554,5,0.05685175907262231,0.0327866458215563,0.09936507936507931,0.04514134995800499
secondary/exploratory,hushem,resnet50,equal_mean_of_7_device_corruptions,1,0.32,0.03480690737833595,0.041537913330214185,5,0.05685175907262231,0.0327866458215563,0.09936507936507931,0.04514134995800499
secondary/exploratory,hushem,resnet50,equal_mean_of_7_device_corruptions,1,0.33,0.03534013605442176,0.041723584059812524,5,0.05685175907262231,0.0327866458215563,0.09936507936507931,0.04514134995800499
secondary/exploratory,hushem,resnet50,equal_mean_of_7_device_corruptions,1,0.34,0.036802721088435374,0.04156755169679153,5,0.05685175907262231,0.0327866458215563,0.09936507936507931,0.04514134995800499
secondary/exploratory,hushem,resnet50,equal_mean_of_7_device_corruptions,1,0.35000000000000003,0.037976190476190476,0.041383594136591505,5,0.05685175907262231,0.0327866458215563,0.09936507936507931,0.04514134995800499
secondary/exploratory,hushem,resnet50,equal_mean_of_7_device_corruptions,1,0.36,0.03695238095238095,0.04026792357366146,5,0.05685175907262231,0.0327866458215563,0.09936507936507931,0.04514134995800499
secondary/exploratory,hushem,resnet50,equal_mean_of_7_device_corruptions,1,0.37,0.035928571428571435,0.039152253010731414,5,0.05685175907262231,0.0327866458215563,0.09936507936507931,0.04514134995800499
secondary/exploratory,hushem,resnet50,equal_mean_of_7_device_corruptions,1,0.38,0.03614285714285715,0.04045019298155324,5,0.05685175907262231,0.0327866458215563,0.09936507936507931,0.04514134995800499
secondary/exploratory,hushem,resnet50,equal_mean_of_7_device_corruptions,1,0.39,0.03668487394957984,0.042428218933539937,5,0.05685175907262231,0.0327866458215563,0.09936507936507931,0.04514134995800499
secondary/exploratory,hushem,resnet50,equal_mean_of_7_device_corruptions,1,0.4,0.03688141923436041,0.04291817684186714,5,0.05685175907262231,0.0327866458215563,0.09936507936507931,0.04514134995800499
secondary/exploratory,hushem,resnet50,equal_mean_of_7_device_corruptions,1,0.41000000000000003,0.03668067226890755,0.041701093279524176,5,0.05685175907262231,0.0327866458215563,0.09936507936507931,0.04514134995800499
secondary/exploratory,hushem,resnet50,equal_mean_of_7_device_corruptions,1,0.42,0.036663324979114446,0.04068762786885459,5,0.05685175907262231,0.0327866458215563,0.09936507936507931,0.04514134995800499
secondary/exploratory,hushem,resnet50,equal_mean_of_7_device_corruptions,1,0.43,0.03777694235588972,0.04062487009023914,5,0.05685175907262231,0.0327866458215563,0.09936507936507931,0.04514134995800499
secondary/exploratory,hushem,resnet50,equal_mean_of_7_device_corruptions,1,0.44,0.03889055973266499,0.040622974269518865,5,0.05685175907262231,0.0327866458215563,0.09936507936507931,0.04514134995800499
secondary/exploratory,hushem,resnet50,equal_mean_of_7_device_corruptions,1,0.45,0.03941353383458647,0.039895542507926984,5,0.05685175907262231,0.0327866458215563,0.09936507936507931,0.04514134995800499
secondary/exploratory,hushem,resnet50,equal_mean_of_7_device_corruptions,1,0.46,0.03980150375939849,0.03906094081856319,5,0.05685175907262231,0.0327866458215563,0.09936507936507931,0.04514134995800499
secondary/exploratory,hushem,resnet50,equal_mean_of_7_device_corruptions,1,0.47000000000000003,0.04017142857142857,0.038007202593450515,5,0.05685175907262231,0.0327866458215563,0.09936507936507931,0.04514134995800499
secondary/exploratory,hushem,resnet50,equal_mean_of_7_device_corruptions,1,0.48,0.04052244897959184,0.0367088477984127,5,0.05685175907262231,0.0327866458215563,0.09936507936507931,0.04514134995800499
secondary/exploratory,hushem,resnet50,equal_mean_of_7_device_corruptions,1,0.49,0.04114100185528757,0.035682924813667825,5,0.05685175907262231,0.0327866458215563,0.09936507936507931,0.04514134995800499
secondary/exploratory,hushem,resnet50,equal_mean_of_7_device_corruptions,1,0.5,0.043135435992578845,0.03636066504757932,5,0.05685175907262231,0.0327866458215563,0.09936507936507931,0.04514134995800499
secondary/exploratory,hushem,resnet50,equal_mean_of_7_device_corruptions,1,0.51,0.045129870129870124,0.038052662158589455,5,0.05685175907262231,0.0327866458215563,0.09936507936507931,0.04514134995800499
secondary/exploratory,hushem,resnet50,equal_mean_of_7_device_corruptions,1,0.52,0.04519028797289667,0.03773345198480771,5,0.05685175907262231,0.0327866458215563,0.09936507936507931,0.04514134995800499
secondary/exploratory,hushem,resnet50,equal_mean_of_7_device_corruptions,1,0.53,0.04525559947299078,0.03638098953231738,5,0.05685175907262231,0.0327866458215563,0.09936507936507931,0.04514134995800499
secondary/exploratory,hushem,resnet50,equal_mean_of_7_device_corruptions,1,0.54,0.04600103519668738,0.03543433607713285,5,0.05685175907262231,0.0327866458215563,0.09936507936507931,0.04514134995800499
secondary/exploratory,hushem,resnet50,equal_mean_of_7_device_corruptions,1,0.55,0.04701169772256729,0.0355060596450725,5,0.05685175907262231,0.0327866458215563,0.09936507936507931,0.04514134995800499
secondary/exploratory,hushem,resnet50,equal_mean_of_7_device_corruptions,1,0.56,0.047714285714285716,0.03571714464747577,5,0.05685175907262231,0.0327866458215563,0.09936507936507931,0.04514134995800499
secondary/exploratory,hushem,resnet50,equal_mean_of_7_device_corruptions,1,0.5700000000000001,0.04836934065934066,0.03426640712222944,5,0.05685175907262231,0.0327866458215563,0.09936507936507931,0.04514134995800499
secondary/exploratory,hushem,resnet50,equal_mean_of_7_device_corruptions,1,0.58,0.04902571428571428,0.032942461278751486,5,0.05685175907262231,0.0327866458215563,0.09936507936507931,0.04514134995800499
secondary/exploratory,hushem,resnet50,equal_mean_of_7_device_corruptions,1,0.59,0.05045054945054944,0.03363954468045631,5,0.05685175907262231,0.0327866458215563,0.09936507936507931,0.04514134995800499
secondary/exploratory,hushem,resnet50,equal_mean_of_7_device_corruptions,1,0.6,0.052847863247863246,0.03326069211008903,5,0.05685175907262231,0.0327866458215563,0.09936507936507931,0.04514134995800499
secondary/exploratory,hushem,resnet50,equal_mean_of_7_device_corruptions,1,0.61,0.05575457875457875,0.032866984769652635,5,0.05685175907262231,0.0327866458215563,0.09936507936507931,0.04514134995800499
secondary/exploratory,hushem,resnet50,equal_mean_of_7_device_corruptions,1,0.62,0.0587032967032967,0.033086338860794394,5,0.05685175907262231,0.0327866458215563,0.09936507936507931,0.04514134995800499
secondary/exploratory,hushem,resnet50,equal_mean_of_7_device_corruptions,1,0.63,0.061521541950113376,0.0340106670593978,5,0.05685175907262231,0.0327866458215563,0.09936507936507931,0.04514134995800499
secondary/exploratory,hushem,resnet50,equal_mean_of_7_device_corruptions,1,0.64,0.0647009148486981,0.03632453193775838,5,0.05685175907262231,0.0327866458215563,0.09936507936507931,0.04514134995800499
secondary/exploratory,hushem,resnet50,equal_mean_of_7_device_corruptions,1,0.65,0.06813863476425053,0.03846085103879444,5,0.05685175907262231,0.0327866458215563,0.09936507936507931,0.04514134995800499
secondary/exploratory,hushem,resnet50,equal_mean_of_7_device_corruptions,1,0.66,0.06908852920478535,0.03712180663568737,5,0.05685175907262231,0.0327866458215563,0.09936507936507931,0.04514134995800499
secondary/exploratory,hushem,resnet50,equal_mean_of_7_device_corruptions,1,0.67,0.06891104855735397,0.036469321430619324,5,0.05685175907262231,0.0327866458215563,0.09936507936507931,0.04514134995800499
secondary/exploratory,hushem,resnet50,equal_mean_of_7_device_corruptions,1,0.68,0.06919408866995073,0.036864540099877316,5,0.05685175907262231,0.0327866458215563,0.09936507936507931,0.04514134995800499
secondary/exploratory,hushem,resnet50,equal_mean_of_7_device_corruptions,1,0.6900000000000001,0.06984628423115631,0.03802645683220413,5,0.05685175907262231,0.0327866458215563,0.09936507936507931,0.04514134995800499
secondary/exploratory,hushem,resnet50,equal_mean_of_7_device_corruptions,1,0.7000000000000001,0.07094930875576039,0.03919253379051258,5,0.05685175907262231,0.0327866458215563,0.09936507936507931,0.04514134995800499
secondary/exploratory,hushem,resnet50,equal_mean_of_7_device_corruptions,1,0.71,0.0735394777265745,0.040422341465545096,5,0.05685175907262231,0.0327866458215563,0.09936507936507931,0.04514134995800499
secondary/exploratory,hushem,resnet50,equal_mean_of_7_device_corruptions,1,0.72,0.07613195084485408,0.04173571244961544,5,0.05685175907262231,0.0327866458215563,0.09936507936507931,0.04514134995800499
secondary/exploratory,hushem,resnet50,equal_mean_of_7_device_corruptions,1,0.73,0.0779818810222036,0.041992095894366525,5,0.05685175907262231,0.0327866458215563,0.09936507936507931,0.04514134995800499
secondary/exploratory,hushem,resnet50,equal_mean_of_7_device_corruptions,1,0.74,0.08002527579946936,0.041887261080483726,5,0.05685175907262231,0.0327866458215563,0.09936507936507931,0.04514134995800499
secondary/exploratory,hushem,resnet50,equal_mean_of_7_device_corruptions,1,0.75,0.0826569264069264,0.04244904152655894,5,0.05685175907262231,0.0327866458215563,0.09936507936507931,0.04514134995800499
secondary/exploratory,hushem,resnet50,equal_mean_of_7_device_corruptions,1,0.76,0.08532416603004837,0.04407951444739979,5,0.05685175907262231,0.0327866458215563,0.09936507936507931,0.04514134995800499
secondary/exploratory,hushem,resnet50,equal_mean_of_7_device_corruptions,1,0.77,0.08758034122740006,0.04533931556166179,5,0.05685175907262231,0.0327866458215563,0.09936507936507931,0.04514134995800499
secondary/exploratory,hushem,resnet50,equal_mean_of_7_device_corruptions,1,0.78,0.08916640110589691,0.04446642642943295,5,0.05685175907262231,0.0327866458215563,0.09936507936507931,0.04514134995800499
secondary/exploratory,hushem,resnet50,equal_mean_of_7_device_corruptions,1,0.79,0.09094960165884536,0.04329093684324706,5,0.05685175907262231,0.0327866458215563,0.09936507936507931,0.04514134995800499
secondary/exploratory,hushem,resnet50,equal_mean_of_7_device_corruptions,1,0.8,0.09445644924636523,0.04385371362166006,5,0.05685175907262231,0.0327866458215563,0.09936507936507931,0.04514134995800499
secondary/exploratory,hushem,resnet50,equal_mean_of_7_device_corruptions,1,0.81,0.09789569160997734,0.0448996392468366,5,0.05685175907262231,0.0327866458215563,0.09936507936507931,0.04514134995800499
secondary/exploratory,hushem,resnet50,equal_mean_of_7_device_corruptions,1,0.8200000000000001,0.10155546975546978,0.04619069941406995,5,0.05685175907262231,0.0327866458215563,0.09936507936507931,0.04514134995800499
secondary/exploratory,hushem,resnet50,equal_mean_of_7_device_corruptions,1,0.8300000000000001,0.10582483912483913,0.04691129519034719,5,0.05685175907262231,0.0327866458215563,0.09936507936507931,0.04514134995800499
secondary/exploratory,hushem,resnet50,equal_mean_of_7_device_corruptions,1,0.84,0.10995109395109393,0.047246398786540814,5,0.05685175907262231,0.0327866458215563,0.09936507936507931,0.04514134995800499
secondary/exploratory,hushem,resnet50,equal_mean_of_7_device_corruptions,1,0.85,0.11276112578744157,0.047976393356962514,5,0.05685175907262231,0.0327866458215563,0.09936507936507931,0.04514134995800499
secondary/exploratory,hushem,resnet50,equal_mean_of_7_device_corruptions,1,0.86,0.11547650658176975,0.048946399853566414,5,0.05685175907262231,0.0327866458215563,0.09936507936507931,0.04514134995800499
secondary/exploratory,hushem,resnet50,equal_mean_of_7_device_corruptions,1,0.87,0.11774530921899343,0.04938856261126621,5,0.05685175907262231,0.0327866458215563,0.09936507936507931,0.04514134995800499
secondary/exploratory,hushem,resnet50,equal_mean_of_7_device_corruptions,1,0.88,0.11999431009957325,0.04997222233408535,5,0.05685175907262231,0.0327866458215563,0.09936507936507931,0.04514134995800499
secondary/exploratory,hushem,resnet50,equal_mean_of_7_device_corruptions,1,0.89,0.12248143435511856,0.05076260181888763,5,0.05685175907262231,0.0327866458215563,0.09936507936507931,0.04514134995800499
secondary/exploratory,hushem,resnet50,equal_mean_of_7_device_corruptions,1,0.9,0.1252442645074224,0.051371054313495736,5,0.05685175907262231,0.0327866458215563,0.09936507936507931,0.04514134995800499
secondary/exploratory,hushem,resnet50,equal_mean_of_7_device_corruptions,1,0.91,0.12803255159474675,0.05187584762139007,5,0.05685175907262231,0.0327866458215563,0.09936507936507931,0.04514134995800499
secondary/exploratory,hushem,resnet50,equal_mean_of_7_device_corruptions,1,0.92,0.1306580184043599,0.05265266893066178,5,0.05685175907262231,0.0327866458215563,0.09936507936507931,0.04514134995800499
secondary/exploratory,hushem,resnet50,equal_mean_of_7_device_corruptions,1,0.93,0.133283485213973,0.053610899617360395,5,0.05685175907262231,0.0327866458215563,0.09936507936507931,0.04514134995800499
secondary/exploratory,hushem,resnet50,equal_mean_of_7_device_corruptions,1,0.9400000000000001,0.13651762070681933,0.052860745656249986,5,0.05685175907262231,0.0327866458215563,0.09936507936507931,0.04514134995800499
secondary/exploratory,hushem,resnet50,equal_mean_of_7_device_corruptions,1,0.9500000000000001,0.13991285050605612,0.05184737118032429,5,0.05685175907262231,0.0327866458215563,0.09936507936507931,0.04514134995800499
secondary/exploratory,hushem,resnet50,equal_mean_of_7_device_corruptions,1,0.96,0.14473109765744072,0.051915912981648285,5,0.05685175907262231,0.0327866458215563,0.09936507936507931,0.04514134995800499
secondary/exploratory,hushem,resnet50,equal_mean_of_7_device_corruptions,1,0.97,0.1503056671335579,0.05256946817952698,5,0.05685175907262231,0.0327866458215563,0.09936507936507931,0.04514134995800499
secondary/exploratory,hushem,resnet50,equal_mean_of_7_device_corruptions,1,0.98,0.15527238210294686,0.052112690246358374,5,0.05685175907262231,0.0327866458215563,0.09936507936507931,0.04514134995800499
secondary/exploratory,hushem,resnet50,equal_mean_of_7_device_corruptions,1,0.99,0.15915989990076368,0.048951718134233296,5,0.05685175907262231,0.0327866458215563,0.09936507936507931,0.04514134995800499
secondary/exploratory,hushem,resnet50,equal_mean_of_7_device_corruptions,1,1.0,0.1630474176985805,0.04580462582676484,5,0.05685175907262231,0.0327866458215563,0.09936507936507931,0.04514134995800499
secondary/exploratory,hushem,resnet50,equal_mean_of_7_device_corruptions,2,0.0,0.0,0.0,5,0.066275742223661,0.02611065209259684,0.1147619047619047,0.03414566201495225
secondary/exploratory,hushem,resnet50,equal_mean_of_7_device_corruptions,2,0.01,0.0,0.0,5,0.066275742223661,0.02611065209259684,0.1147619047619047,0.03414566201495225
secondary/exploratory,hushem,resnet50,equal_mean_of_7_device_corruptions,2,0.02,0.0,0.0,5,0.066275742223661,0.02611065209259684,0.1147619047619047,0.03414566201495225
secondary/exploratory,hushem,resnet50,equal_mean_of_7_device_corruptions,2,0.03,0.004142857142857143,0.00926371019249913,5,0.066275742223661,0.02611065209259684,0.1147619047619047,0.03414566201495225
secondary/exploratory,hushem,resnet50,equal_mean_of_7_device_corruptions,2,0.04,0.010285714285714287,0.02299955633999784,5,0.066275742223661,0.02611065209259684,0.1147619047619047,0.03414566201495225
secondary/exploratory,hushem,resnet50,equal_mean_of_7_device_corruptions,2,0.05,0.013571428571428571,0.030346636837497144,5,0.066275742223661,0.02611065209259684,0.1147619047619047,0.03414566201495225
secondary/exploratory,hushem,resnet50,equal_mean_of_7_device_corruptions,2,0.06,0.011523809523809523,0.025768021454997576,5,0.066275742223661,0.02611065209259684,0.1147619047619047,0.03414566201495225
secondary/exploratory,hushem,resnet50,equal_mean_of_7_device_corruptions,2,0.07,0.009499999999999998,0.021242645786248,5,0.066275742223661,0.02611065209259684,0.1147619047619047,0.03414566201495225
secondary/exploratory,hushem,resnet50,equal_mean_of_7_device_corruptions,2,0.08,0.008476190476190474,0.018953338094998214,5,0.066275742223661,0.02611065209259684,0.1147619047619047,0.03414566201495225
secondary/exploratory,hushem,resnet50,equal_mean_of_7_device_corruptions,2,0.09,0.007452380952380953,0.016664030403748434,5,0.066275742223661,0.02611065209259684,0.1147619047619047,0.03414566201495225
secondary/exploratory,hushem,resnet50,equal_mean_of_7_device_corruptions,2,0.1,0.006714285714285714,0.015013599277498589,5,0.066275742223661,0.02611065209259684,0.1147619047619047,0.03414566201495225
secondary/exploratory,hushem,resnet50,equal_mean_of_7_device_corruptions,2,0.11,0.0060999999999999995,0.013640014662748718,5,0.066275742223661,0.02611065209259684,0.1147619047619047,0.03414566201495225
secondary/exploratory,hushem,resnet50,equal_mean_of_7_device_corruptions,2,0.12,0.006323809523809523,0.012123626228367901,5,0.066275742223661,0.02611065209259684,0.1147619047619047,0.03414566201495225
secondary/exploratory,hushem,resnet50,equal_mean_of_7_device_corruptions,2,0.13,0.007961904761904764,0.011662457938619458,5,0.066275742223661,0.02611065209259684,0.1147619047619047,0.03414566201495225
secondary/exploratory,hushem,resnet50,equal_mean_of_7_device_corruptions,2,0.14,0.00949659863945578,0.013003753236007002,5,0.066275742223661,0.02611065209259684,0.1147619047619047,0.03414566201495225
secondary/exploratory,hushem,resnet50,equal_mean_of_7_device_corruptions,2,0.15,0.00891156462585034,0.012202662420608294,5,0.066275742223661,0.02611065209259684,0.1147619047619047,0.03414566201495225
secondary/exploratory,hushem,resnet50,equal_mean_of_7_device_corruptions,2,0.16,0.008326530612244898,0.01140157160520958,5,0.066275742223661,0.02611065209259684,0.1147619047619047,0.03414566201495225
secondary/exploratory,hushem,resnet50,equal_mean_of_7_device_corruptions,2,0.17,0.013382653061224492,0.0164321123703336,5,0.066275742223661,0.02611065209259684,0.1147619047619047,0.03414566201495225
secondary/exploratory,hushem,resnet50,equal_mean_of_7_device_corruptions,2,0.18,0.020622448979591833,0.024689302156661364,5,0.066275742223661,0.02611065209259684,0.1147619047619047,0.03414566201495225
secondary/exploratory,hushem,resnet50,equal_mean_of_7_device_corruptions,2,0.19,0.025067460317460315,0.029581828232927366,5,0.066275742223661,0.02611065209259684,0.1147619047619047,0.03414566201495225
secondary/exploratory,hushem,resnet50,equal_mean_of_7_device_corruptions,2,0.2,0.025238095238095237,0.029043715584717918,5,0.066275742223661,0.02611065209259684,0.1147619047619047,0.03414566201495225
secondary/exploratory,hushem,resnet50,equal_mean_of_7_device_corruptions,2,0.21,0.02532063492063492,0.028748260981287615,5,0.066275742223661,0.02611065209259684,0.1147619047619047,0.03414566201495225
secondary/exploratory,hushem,resnet50,equal_mean_of_7_device_corruptions,2,0.22,0.024228571428571426,0.027508366074371498,5,0.066275742223661,0.02611065209259684,0.1147619047619047,0.03414566201495225
secondary/exploratory,hushem,resnet50,equal_mean_of_7_device_corruptions,2,0.23,0.023136507936507938,0.026268471167455384,5,0.066275742223661,0.02611065209259684,0.1147619047619047,0.03414566201495225
secondary/exploratory,hushem,resnet50,equal_mean_of_7_device_corruptions,2,0.24,0.022192207792207794,0.02519634216760614,5,0.066275742223661,0.02611065209259684,0.1147619047619047,0.03414566201495225
secondary/exploratory,hushem,resnet50,equal_mean_of_7_device_corruptions,2,0.25,0.0212987012987013,0.024181882698311133,5,0.066275742223661,0.02611065209259684,0.1147619047619047,0.03414566201495225
secondary/exploratory,hushem,resnet50,equal_mean_of_7_device_corruptions,2,0.26,0.022181818181818184,0.02438986452711876,5,0.066275742223661,0.02611065209259684,0.1147619047619047,0.03414566201495225
secondary/exploratory,hushem,resnet50,equal_mean_of_7_device_corruptions,2,0.27,0.025532467532467535,0.026941602654961167,5,0.066275742223661,0.02611065209259684,0.1147619047619047,0.03414566201495225
secondary/exploratory,hushem,resnet50,equal_mean_of_7_device_corruptions,2,0.28,0.02865934065934066,0.02997305878801041,5,0.066275742223661,0.02611065209259684,0.1147619047619047,0.03414566201495225
secondary/exploratory,hushem,resnet50,equal_mean_of_7_device_corruptions,2,0.29,0.029604395604395605,0.03101482027680184,5,0.066275742223661,0.02611065209259684,0.1147619047619047,0.03414566201495225
secondary/exploratory,hushem,resnet50,equal_mean_of_7_device_corruptions,2,0.3,0.030549450549450553,0.032140156738261316,5,0.066275742223661,0.02611065209259684,0.1147619047619047,0.03414566201495225
secondary/exploratory,hushem,resnet50,equal_mean_of_7_device_corruptions,2,0.31,0.030043956043956044,0.03164890675907353,5,0.066275742223661,0.02611065209259684,0.1147619047619047,0.03414566201495225
secondary/exploratory,hushem,resnet50,equal_mean_of_7_device_corruptions,2,0.32,0.029251282051282045,0.03047391845948163,5,0.066275742223661,0.02611065209259684,0.1147619047619047,0.03414566201495225
secondary/exploratory,hushem,resnet50,equal_mean_of_7_device_corruptions,2,0.33,0.029923809523809526,0.029281728536439323,5,0.066275742223661,0.02611065209259684,0.1147619047619047,0.03414566201495225
secondary/exploratory,hushem,resnet50,equal_mean_of_7_device_corruptions,2,0.34,0.03158095238095238,0.029168115669764197,5,0.066275742223661,0.02611065209259684,0.1147619047619047,0.03414566201495225
secondary/exploratory,hushem,resnet50,equal_mean_of_7_device_corruptions,2,0.35000000000000003,0.03277380952380953,0.03031795585821438,5,0.066275742223661,0.02611065209259684,0.1147619047619047,0.03414566201495225
secondary/exploratory,hushem,resnet50,equal_mean_of_7_device_corruptions,2,0.36,0.036509523809523804,0.03434140483684091,5,0.066275742223661,0.02611065209259684,0.1147619047619047,0.03414566201495225
secondary/exploratory,hushem,resnet50,equal_mean_of_7_device_corruptions,2,0.37,0.04119033613445378,0.037492121369770856,5,0.066275742223661,0.02611065209259684,0.1147619047619047,0.03414566201495225
secondary/exploratory,hushem,resnet50,equal_mean_of_7_device_corruptions,2,0.38,0.04434453781512605,0.03657912238552812,5,0.066275742223661,0.02611065209259684,0.1147619047619047,0.03414566201495225
secondary/exploratory,hushem,resnet50,equal_mean_of_7_device_corruptions,2,0.39,0.0463858543417367,0.03578381323498032,5,0.066275742223661,0.02611065209259684,0.1147619047619047,0.03414566201495225
secondary/exploratory,hushem,resnet50,equal_mean_of_7_device_corruptions,2,0.4,0.047058823529411764,0.03636227661428852,5,0.066275742223661,0.02611065209259684,0.1147619047619047,0.03414566201495225
secondary/exploratory,hushem,resnet50,equal_mean_of_7_device_corruptions,2,0.41000000000000003,0.04729809818664307,0.03708988416106617,5,0.066275742223661,0.02611065209259684,0.1147619047619047,0.03414566201495225
secondary/exploratory,hushem,resnet50,equal_mean_of_7_device_corruptions,2,0.42,0.04763408521303257,0.037897843025550715,5,0.066275742223661,0.02611065209259684,0.1147619047619047,0.03414566201495225
secondary/exploratory,hushem,resnet50,equal_mean_of_7_device_corruptions,2,0.43,0.048493734335839596,0.03916315418893239,5,0.066275742223661,0.02611065209259684,0.1147619047619047,0.03414566201495225
secondary/exploratory,hushem,resnet50,equal_mean_of_7_device_corruptions,2,0.44,0.04936240601503759,0.04051999436115454,5,0.066275742223661,0.02611065209259684,0.1147619047619047,0.03414566201495225
secondary/exploratory,hushem,resnet50,equal_mean_of_7_device_corruptions,2,0.45,0.04965413533834587,0.039260333744824294,5,0.066275742223661,0.02611065209259684,0.1147619047619047,0.03414566201495225
secondary/exploratory,hushem,resnet50,equal_mean_of_7_device_corruptions,2,0.46,0.05014522019334049,0.03712509821465569,5,0.066275742223661,0.02611065209259684,0.1147619047619047,0.03414566201495225
secondary/exploratory,hushem,resnet50,equal_mean_of_7_device_corruptions,2,0.47000000000000003,0.0517578231292517,0.03639816661490102,5,0.066275742223661,0.02611065209259684,0.1147619047619047,0.03414566201495225
secondary/exploratory,hushem,resnet50,equal_mean_of_7_device_corruptions,2,0.48,0.05424316635745208,0.037467330959211544,5,0.066275742223661,0.02611065209259684,0.1147619047619047,0.03414566201495225
secondary/exploratory,hushem,resnet50,equal_mean_of_7_device_corruptions,2,0.49,0.05675633889919605,0.03818982009900721,5,0.066275742223661,0.02611065209259684,0.1147619047619047,0.03414566201495225
secondary/exploratory,hushem,resnet50,equal_mean_of_7_device_corruptions,2,0.5,0.0595856524427953,0.036781365263834895,5,0.066275742223661,0.02611065209259684,0.1147619047619047,0.03414566201495225
secondary/exploratory,hushem,resnet50,equal_mean_of_7_device_corruptions,2,0.51,0.06182815734989648,0.03623964894025675,5,0.066275742223661,0.02611065209259684,0.1147619047619047,0.03414566201495225
secondary/exploratory,hushem,resnet50,equal_mean_of_7_device_corruptions,2,0.52,0.06300395256916996,0.03547913695478507,5,0.066275742223661,0.02611065209259684,0.1147619047619047,0.03414566201495225
secondary/exploratory,hushem,resnet50,equal_mean_of_7_device_corruptions,2,0.53,0.06397986071899116,0.03485300135202699,5,0.066275742223661,0.02611065209259684,0.1147619047619047,0.03414566201495225
secondary/exploratory,hushem,resnet50,equal_mean_of_7_device_corruptions,2,0.54,0.06465010351966874,0.03509237556896836,5,0.066275742223661,0.02611065209259684,0.1147619047619047,0.03414566201495225
secondary/exploratory,hushem,resnet50,equal_mean_of_7_device_corruptions,2,0.55,0.06503002070393374,0.03603495160424186,5,0.066275742223661,0.02611065209259684,0.1147619047619047,0.03414566201495225
secondary/exploratory,hushem,resnet50,equal_mean_of_7_device_corruptions,2,0.56,0.06568190476190477,0.03656091714018562,5,0.066275742223661,0.02611065209259684,0.1147619047619047,0.03414566201495225
secondary/exploratory,hushem,resnet50,equal_mean_of_7_device_corruptions,2,0.5700000000000001,0.06750336996336997,0.03513515260090078,5,0.066275742223661,0.02611065209259684,0.1147619047619047,0.03414566201495225
secondary/exploratory,hushem,resnet50,equal_mean_of_7_device_corruptions,2,0.58,0.06933142857142856,0.033991563178926314,5,0.066275742223661,0.02611065209259684,0.1147619047619047,0.03414566201495225
secondary/exploratory,hushem,resnet50,equal_mean_of_7_device_corruptions,2,0.59,0.06940571428571429,0.03345463797196926,5,0.066275742223661,0.02611065209259684,0.1147619047619047,0.03414566201495225
secondary/exploratory,hushem,resnet50,equal_mean_of_7_device_corruptions,2,0.6,0.06962539682539683,0.03235645907794592,5,0.066275742223661,0.02611065209259684,0.1147619047619047,0.03414566201495225
secondary/exploratory,hushem,resnet50,equal_mean_of_7_device_corruptions,2,0.61,0.07086609686609686,0.031489371440087975,5,0.066275742223661,0.02611065209259684,0.1147619047619047,0.03414566201495225
secondary/exploratory,hushem,resnet50,equal_mean_of_7_device_corruptions,2,0.62,0.07322588522588522,0.03052585029424259,5,0.066275742223661,0.02611065209259684,0.1147619047619047,0.03414566201495225
secondary/exploratory,hushem,resnet50,equal_mean_of_7_device_corruptions,2,0.63,0.07562169312169312,0.02950651679218943,5,0.066275742223661,0.02611065209259684,0.1147619047619047,0.03414566201495225
secondary/exploratory,hushem,resnet50,equal_mean_of_7_device_corruptions,2,0.64,0.07723840800688091,0.02931945579785784,5,0.066275742223661,0.02611065209259684,0.1147619047619047,0.03414566201495225
secondary/exploratory,hushem,resnet50,equal_mean_of_7_device_corruptions,2,0.65,0.07826836865014204,0.030080903449799377,5,0.066275742223661,0.02611065209259684,0.1147619047619047,0.03414566201495225
secondary/exploratory,hushem,resnet50,equal_mean_of_7_device_corruptions,2,0.66,0.07926685432793808,0.029999746179958296,5,0.066275742223661,0.02611065209259684,0.1147619047619047,0.03414566201495225
secondary/exploratory,hushem,resnet50,equal_mean_of_7_device_corruptions,2,0.67,0.0806445460942998,0.0292142467456063,5,0.066275742223661,0.02611065209259684,0.1147619047619047,0.03414566201495225
secondary/exploratory,hushem,resnet50,equal_mean_of_7_device_corruptions,2,0.68,0.08198226600985223,0.028465963324127798,5,0.066275742223661,0.02611065209259684,0.1147619047619047,0.03414566201495225
secondary/exploratory,hushem,resnet50,equal_mean_of_7_device_corruptions,2,0.6900000000000001,0.08327232374596112,0.027779478230821216,5,0.066275742223661,0.02611065209259684,0.1147619047619047,0.03414566201495225
secondary/exploratory,hushem,resnet50,equal_mean_of_7_device_corruptions,2,0.7000000000000001,0.0850967741935484,0.027410070844316663,5,0.066275742223661,0.02611065209259684,0.1147619047619047,0.03414566201495225
secondary/exploratory,hushem,resnet50,equal_mean_of_7_device_corruptions,2,0.71,0.08847250384024577,0.028448154307243075,5,0.066275742223661,0.02611065209259684,0.1147619047619047,0.03414566201495225
secondary/exploratory,hushem,resnet50,equal_mean_of_7_device_corruptions,2,0.72,0.0916615975422427,0.029945725117557234,5,0.066275742223661,0.02611065209259684,0.1147619047619047,0.03414566201495225
secondary/exploratory,hushem,resnet50,equal_mean_of_7_device_corruptions,2,0.73,0.09313154587348135,0.030276592246786173,5,0.066275742223661,0.02611065209259684,0.1147619047619047,0.03414566201495225
secondary/exploratory,hushem,resnet50,equal_mean_of_7_device_corruptions,2,0.74,0.0949633431085044,0.029577704252002023,5,0.066275742223661,0.02611065209259684,0.1147619047619047,0.03414566201495225
secondary/exploratory,hushem,resnet50,equal_mean_of_7_device_corruptions,2,0.75,0.09696969696969697,0.028936971727648576,5,0.066275742223661,0.02611065209259684,0.1147619047619047,0.03414566201495225
secondary/exploratory,hushem,resnet50,equal_mean_of_7_device_corruptions,2,0.76,0.09869416857652151,0.029066348762883686,5,0.066275742223661,0.02611065209259684,0.1147619047619047,0.03414566201495225
secondary/exploratory,hushem,resnet50,equal_mean_of_7_device_corruptions,2,0.77,0.1008584160937102,0.029670520756118337,5,0.066275742223661,0.02611065209259684,0.1147619047619047,0.03414566201495225
secondary/exploratory,hushem,resnet50,equal_mean_of_7_device_corruptions,2,0.78,0.10455345774673508,0.031145226922668613,5,0.066275742223661,0.02611065209259684,0.1147619047619047,0.03414566201495225
secondary/exploratory,hushem,resnet50,equal_mean_of_7_device_corruptions,2,0.79,0.10834279166211942,0.03252303106685199,5,0.066275742223661,0.02611065209259684,0.1147619047619047,0.03414566201495225
secondary/exploratory,hushem,resnet50,equal_mean_of_7_device_corruptions,2,0.8,0.11130292116846738,0.0326559359733849,5,0.066275742223661,0.02611065209259684,0.1147619047619047,0.03414566201495225
secondary/exploratory,hushem,resnet50,equal_mean_of_7_device_corruptions,2,0.81,0.11382721088435374,0.03359249544048514,5,0.066275742223661,0.02611065209259684,0.1147619047619047,0.03414566201495225
secondary/exploratory,hushem,resnet50,equal_mean_of_7_device_corruptions,2,0.8200000000000001,0.11665482625482626,0.034323329829958366,5,0.066275742223661,0.02611065209259684,0.1147619047619047,0.03414566201495225
secondary/exploratory,hushem,resnet50,equal_mean_of_7_device_corruptions,2,0.8300000000000001,0.1203992277992278,0.03350685935517757,5,0.066275742223661,0.02611065209259684,0.1147619047619047,0.03414566201495225
secondary/exploratory,hushem,resnet50,equal_mean_of_7_device_corruptions,2,0.84,0.12419305019305016,0.03298461460122724,5,0.066275742223661,0.02611065209259684,0.1147619047619047,0.03414566201495225
secondary/exploratory,hushem,resnet50,equal_mean_of_7_device_corruptions,2,0.85,0.12807254623044095,0.03298064642859785,5,0.066275742223661,0.02611065209259684,0.1147619047619047,0.03414566201495225
secondary/exploratory,hushem,resnet50,equal_mean_of_7_device_corruptions,2,0.86,0.13194784257942155,0.03308295114283568,5,0.066275742223661,0.02611065209259684,0.1147619047619047,0.03414566201495225
secondary/exploratory,hushem,resnet50,equal_mean_of_7_device_corruptions,2,0.87,0.13512985686669898,0.03276390255702331,5,0.066275742223661,0.02611065209259684,0.1147619047619047,0.03414566201495225
secondary/exploratory,hushem,resnet50,equal_mean_of_7_device_corruptions,2,0.88,0.13815665984087036,0.032842817691902684,5,0.066275742223661,0.02611065209259684,0.1147619047619047,0.03414566201495225
secondary/exploratory,hushem,resnet50,equal_mean_of_7_device_corruptions,2,0.89,0.14163319838056682,0.03249452413092606,5,0.066275742223661,0.02611065209259684,0.1147619047619047,0.03414566201495225
secondary/exploratory,hushem,resnet50,equal_mean_of_7_device_corruptions,2,0.9,0.1457632542895701,0.031054311862940373,5,0.066275742223661,0.02611065209259684,0.1147619047619047,0.03414566201495225
secondary/exploratory,hushem,resnet50,equal_mean_of_7_device_corruptions,2,0.91,0.14953923880997055,0.0296000370502295,5,0.066275742223661,0.02611065209259684,0.1147619047619047,0.03414566201495225
secondary/exploratory,hushem,resnet50,equal_mean_of_7_device_corruptions,2,0.92,0.15223643348521398,0.028546102390138998,5,0.066275742223661,0.02611065209259684,0.1147619047619047,0.03414566201495225
secondary/exploratory,hushem,resnet50,equal_mean_of_7_device_corruptions,2,0.93,0.15493362816045747,0.0275327074102856,5,0.066275742223661,0.02611065209259684,0.1147619047619047,0.03414566201495225
secondary/exploratory,hushem,resnet50,equal_mean_of_7_device_corruptions,2,0.9400000000000001,0.15872961672473868,0.027335031501293884,5,0.066275742223661,0.02611065209259684,0.1147619047619047,0.03414566201495225
secondary/exploratory,hushem,resnet50,equal_mean_of_7_device_corruptions,2,0.9500000000000001,0.1624953542392567,0.027538042694471368,5,0.066275742223661,0.02611065209259684,0.1147619047619047,0.03414566201495225
secondary/exploratory,hushem,resnet50,equal_mean_of_7_device_corruptions,2,0.96,0.1664670069956513,0.027220215767121962,5,0.066275742223661,0.02611065209259684,0.1147619047619047,0.03414566201495225
secondary/exploratory,hushem,resnet50,equal_mean_of_7_device_corruptions,2,0.97,0.17063887699152264,0.026466715969130708,5,0.066275742223661,0.02611065209259684,0.1147619047619047,0.03414566201495225
secondary/exploratory,hushem,resnet50,equal_mean_of_7_device_corruptions,2,0.98,0.174595072701385,0.025769216271541526,5,0.066275742223661,0.02611065209259684,0.1147619047619047,0.03414566201495225
secondary/exploratory,hushem,resnet50,equal_mean_of_7_device_corruptions,2,0.99,0.17800276135824308,0.02520356967760457,5,0.066275742223661,0.02611065209259684,0.1147619047619047,0.03414566201495225
secondary/exploratory,hushem,resnet50,equal_mean_of_7_device_corruptions,2,1.0,0.1814104500151012,0.024785238071574935,5,0.066275742223661,0.02611065209259684,0.1147619047619047,0.03414566201495225
secondary/exploratory,hushem,resnet50,equal_mean_of_7_device_corruptions,3,0.0,0.0,0.0,5,0.09492198500429407,0.03662128029544335,0.1643537414965986,0.04809672947489966
secondary/exploratory,hushem,resnet50,equal_mean_of_7_device_corruptions,3,0.01,0.012285714285714285,0.027471692294997418,5,0.09492198500429407,0.03662128029544335,0.1643537414965986,0.04809672947489966
secondary/exploratory,hushem,resnet50,equal_mean_of_7_device_corruptions,3,0.02,0.02457142857142857,0.054943384589994836,5,0.09492198500429407,0.03662128029544335,0.1643537414965986,0.04809672947489966
secondary/exploratory,hushem,resnet50,equal_mean_of_7_device_corruptions,3,0.03,0.024428571428571428,0.05462394630749486,5,0.09492198500429407,0.03662128029544335,0.1643537414965986,0.04809672947489966
secondary/exploratory,hushem,resnet50,equal_mean_of_7_device_corruptions,3,0.04,0.018285714285714287,0.04088810015999615,5,0.09492198500429407,0.03662128029544335,0.1643537414965986,0.04809672947489966
secondary/exploratory,hushem,resnet50,equal_mean_of_7_device_corruptions,3,0.05,0.013571428571428571,0.030346636837497144,5,0.09492198500429407,0.03662128029544335,0.1643537414965986,0.04809672947489966
secondary/exploratory,hushem,resnet50,equal_mean_of_7_device_corruptions,3,0.06,0.011523809523809523,0.025768021454997576,5,0.09492198500429407,0.03662128029544335,0.1643537414965986,0.04809672947489966
secondary/exploratory,hushem,resnet50,equal_mean_of_7_device_corruptions,3,0.07,0.009499999999999998,0.021242645786248,5,0.09492198500429407,0.03662128029544335,0.1643537414965986,0.04809672947489966
secondary/exploratory,hushem,resnet50,equal_mean_of_7_device_corruptions,3,0.08,0.008476190476190474,0.018953338094998214,5,0.09492198500429407,0.03662128029544335,0.1643537414965986,0.04809672947489966
secondary/exploratory,hushem,resnet50,equal_mean_of_7_device_corruptions,3,0.09,0.007452380952380953,0.016664030403748434,5,0.09492198500429407,0.03662128029544335,0.1643537414965986,0.04809672947489966
secondary/exploratory,hushem,resnet50,equal_mean_of_7_device_corruptions,3,0.1,0.010142857142857144,0.022680118057497874,5,0.09492198500429407,0.03662128029544335,0.1643537414965986,0.04809672947489966
secondary/exploratory,hushem,resnet50,equal_mean_of_7_device_corruptions,3,0.11,0.014442857142857143,0.03229521036074696,5,0.09492198500429407,0.03662128029544335,0.1643537414965986,0.04809672947489966
secondary/exploratory,hushem,resnet50,equal_mean_of_7_device_corruptions,3,0.12,0.01897142857142857,0.04032556848852725,5,0.09492198500429407,0.03662128029544335,0.1643537414965986,0.04809672947489966
secondary/exploratory,hushem,resnet50,equal_mean_of_7_device_corruptions,3,0.13,0.023885714285714288,0.045961516486430536,5,0.09492198500429407,0.03662128029544335,0.1643537414965986,0.04809672947489966
secondary/exploratory,hushem,resnet50,equal_mean_of_7_device_corruptions,3,0.14,0.028734693877551027,0.05130353641173504,5,0.09492198500429407,0.03662128029544335,0.1643537414965986,0.04809672947489966
secondary/exploratory,hushem,resnet50,equal_mean_of_7_device_corruptions,3,0.15,0.032244897959183665,0.04600404579125378,5,0.09492198500429407,0.03662128029544335,0.1643537414965986,0.04809672947489966
secondary/exploratory,hushem,resnet50,equal_mean_of_7_device_corruptions,3,0.16,0.035897959183673465,0.043949655989070996,5,0.09492198500429407,0.03662128029544335,0.1643537414965986,0.04809672947489966
secondary/exploratory,hushem,resnet50,equal_mean_of_7_device_corruptions,3,0.17,0.038132653061224486,0.0403739394920571,5,0.09492198500429407,0.03662128029544335,0.1643537414965986,0.04809672947489966
secondary/exploratory,hushem,resnet50,equal_mean_of_7_device_corruptions,3,0.18,0.039265306122448974,0.03616059685760007,5,0.09492198500429407,0.03662128029544335,0.1643537414965986,0.04809672947489966
secondary/exploratory,hushem,resnet50,equal_mean_of_7_device_corruptions,3,0.19,0.04008730158730158,0.03601527324750524,5,0.09492198500429407,0.03662128029544335,0.1643537414965986,0.04809672947489966
secondary/exploratory,hushem,resnet50,equal_mean_of_7_device_corruptions,3,0.2,0.0423015873015873,0.04016727746420423,5,0.09492198500429407,0.03662128029544335,0.1643537414965986,0.04809672947489966
secondary/exploratory,hushem,resnet50,equal_mean_of_7_device_corruptions,3,0.21,0.044415873015873006,0.04417667123814382,5,0.09492198500429407,0.03662128029544335,0.1643537414965986,0.04809672947489966
secondary/exploratory,hushem,resnet50,equal_mean_of_7_device_corruptions,3,0.22,0.044958730158730156,0.04530488191710471,5,0.09492198500429407,0.03662128029544335,0.1643537414965986,0.04809672947489966
secondary/exploratory,hushem,resnet50,equal_mean_of_7_device_corruptions,3,0.23,0.045820202020202025,0.04621873522312316,5,0.09492198500429407,0.03662128029544335,0.1643537414965986,0.04809672947489966
secondary/exploratory,hushem,resnet50,equal_mean_of_7_device_corruptions,3,0.24,0.04660779220779221,0.04390823470281503,5,0.09492198500429407,0.03662128029544335,0.1643537414965986,0.04809672947489966
secondary/exploratory,hushem,resnet50,equal_mean_of_7_device_corruptions,3,0.25,0.04707792207792209,0.040884604091829695,5,0.09492198500429407,0.03662128029544335,0.1643537414965986,0.04809672947489966
secondary/exploratory,hushem,resnet50,equal_mean_of_7_device_corruptions,3,0.26,0.0467965367965368,0.03924619074910885,5,0.09492198500429407,0.03662128029544335,0.1643537414965986,0.04809672947489966
secondary/exploratory,hushem,resnet50,equal_mean_of_7_device_corruptions,3,0.27,0.047164502164502166,0.03835950375421598,5,0.09492198500429407,0.03662128029544335,0.1643537414965986,0.04809672947489966
secondary/exploratory,hushem,resnet50,equal_mean_of_7_device_corruptions,3,0.28,0.047457875457875456,0.037751278992884815,5,0.09492198500429407,0.03662128029544335,0.1643537414965986,0.04809672947489966
secondary/exploratory,hushem,resnet50,equal_mean_of_7_device_corruptions,3,0.29,0.04682417582417582,0.03803808318140587,5,0.09492198500429407,0.03662128029544335,0.1643537414965986,0.04809672947489966
secondary/exploratory,hushem,resnet50,equal_mean_of_7_device_corruptions,3,0.3,0.046200941915227625,0.03837424460451943,5,0.09492198500429407,0.03662128029544335,0.1643537414965986,0.04809672947489966
secondary/exploratory,hushem,resnet50,equal_mean_of_7_device_corruptions,3,0.31,0.04631554160125588,0.03774887496501954,5,0.09492198500429407,0.03662128029544335,0.1643537414965986,0.04809672947489966
secondary/exploratory,hushem,resnet50,equal_mean_of_7_device_corruptions,3,0.32,0.04680565149136577,0.036827837313998135,5,0.09492198500429407,0.03662128029544335,0.1643537414965986,0.04809672947489966
secondary/exploratory,hushem,resnet50,equal_mean_of_7_device_corruptions,3,0.33,0.049778231292517,0.0371182045470583,5,0.09492198500429407,0.03662128029544335,0.1643537414965986,0.04809672947489966
secondary/exploratory,hushem,resnet50,equal_mean_of_7_device_corruptions,3,0.34,0.05500136054421769,0.03957839218157152,5,0.09492198500429407,0.03662128029544335,0.1643537414965986,0.04809672947489966
secondary/exploratory,hushem,resnet50,equal_mean_of_7_device_corruptions,3,0.35000000000000003,0.05891666666666667,0.042345180152777745,5,0.09492198500429407,0.03662128029544335,0.1643537414965986,0.04809672947489966
secondary/exploratory,hushem,resnet50,equal_mean_of_7_device_corruptions,3,0.36,0.05886190476190476,0.04215851336839461,5,0.09492198500429407,0.03662128029544335,0.1643537414965986,0.04809672947489966
secondary/exploratory,hushem,resnet50,equal_mean_of_7_device_corruptions,3,0.37,0.05881890756302521,0.04222855710658164,5,0.09492198500429407,0.03662128029544335,0.1643537414965986,0.04809672947489966
secondary/exploratory,hushem,resnet50,equal_mean_of_7_device_corruptions,3,0.38,0.05991596638655463,0.04200193473670348,5,0.09492198500429407,0.03662128029544335,0.1643537414965986,0.04809672947489966
secondary/exploratory,hushem,resnet50,equal_mean_of_7_device_corruptions,3,0.39,0.06157259570494865,0.04142271923896304,5,0.09492198500429407,0.03662128029544335,0.1643537414965986,0.04809672947489966
secondary/exploratory,hushem,resnet50,equal_mean_of_7_device_corruptions,3,0.4,0.06487394957983195,0.042709223585308285,5,0.09492198500429407,0.03662128029544335,0.1643537414965986,0.04809672947489966
secondary/exploratory,hushem,resnet50,equal_mean_of_7_device_corruptions,3,0.41000000000000003,0.06959899749373435,0.046737311961909236,5,0.09492198500429407,0.03662128029544335,0.1643537414965986,0.04809672947489966
secondary/exploratory,hushem,resnet50,equal_mean_of_7_device_corruptions,3,0.42,0.07417878028404343,0.04941542585634209,5,0.09492198500429407,0.03662128029544335,0.1643537414965986,0.04809672947489966
secondary/exploratory,hushem,resnet50,equal_mean_of_7_device_corruptions,3,0.43,0.07449289891395154,0.046295767155055095,5,0.09492198500429407,0.03662128029544335,0.1643537414965986,0.04809672947489966
secondary/exploratory,hushem,resnet50,equal_mean_of_7_device_corruptions,3,0.44,0.07368220551378446,0.04416748862969328,5,0.09492198500429407,0.03662128029544335,0.1643537414965986,0.04809672947489966
secondary/exploratory,hushem,resnet50,equal_mean_of_7_device_corruptions,3,0.45,0.07519172932330828,0.04231421033653523,5,0.09492198500429407,0.03662128029544335,0.1643537414965986,0.04809672947489966
secondary/exploratory,hushem,resnet50,equal_mean_of_7_device_corruptions,3,0.46,0.07729903329752955,0.04070271466656509,5,0.09492198500429407,0.03662128029544335,0.1643537414965986,0.04809672947489966
secondary/exploratory,hushem,resnet50,equal_mean_of_7_device_corruptions,3,0.47000000000000003,0.07873673469387756,0.039422363985104875,5,0.09492198500429407,0.03662128029544335,0.1643537414965986,0.04809672947489966
secondary/exploratory,hushem,resnet50,equal_mean_of_7_device_corruptions,3,0.48,0.07962424242424242,0.03818560490021172,5,0.09492198500429407,0.03662128029544335,0.1643537414965986,0.04809672947489966
secondary/exploratory,hushem,resnet50,equal_mean_of_7_device_corruptions,3,0.49,0.08083487940630797,0.03671436617811975,5,0.09492198500429407,0.03662128029544335,0.1643537414965986,0.04809672947489966
secondary/exploratory,hushem,resnet50,equal_mean_of_7_device_corruptions,3,0.5,0.08150896722325295,0.03624105201996084,5,0.09492198500429407,0.03662128029544335,0.1643537414965986,0.04809672947489966
secondary/exploratory,hushem,resnet50,equal_mean_of_7_device_corruptions,3,0.51,0.08160097873141352,0.036532655805077745,5,0.09492198500429407,0.03662128029544335,0.1643537414965986,0.04809672947489966
secondary/exploratory,hushem,resnet50,equal_mean_of_7_device_corruptions,3,0.52,0.08301524562394128,0.037006065385738314,5,0.09492198500429407,0.03662128029544335,0.1643537414965986,0.04809672947489966
secondary/exploratory,hushem,resnet50,equal_mean_of_7_device_corruptions,3,0.53,0.0850781102955016,0.03706279226127193,5,0.09492198500429407,0.03662128029544335,0.1643537414965986,0.04809672947489966
secondary/exploratory,hushem,resnet50,equal_mean_of_7_device_corruptions,3,0.54,0.0869472049689441,0.03590980839512241,5,0.09492198500429407,0.03662128029544335,0.1643537414965986,0.04809672947489966
secondary/exploratory,hushem,resnet50,equal_mean_of_7_device_corruptions,3,0.55,0.08847795031055901,0.03382354367869006,5,0.09492198500429407,0.03662128029544335,0.1643537414965986,0.04809672947489966
secondary/exploratory,hushem,resnet50,equal_mean_of_7_device_corruptions,3,0.56,0.09015809523809525,0.03235276546304158,5,0.09492198500429407,0.03662128029544335,0.1643537414965986,0.04809672947489966
secondary/exploratory,hushem,resnet50,equal_mean_of_7_device_corruptions,3,0.5700000000000001,0.09255673992673993,0.033308468364419086,5,0.09492198500429407,0.03662128029544335,0.1643537414965986,0.04809672947489966
secondary/exploratory,hushem,resnet50,equal_mean_of_7_device_corruptions,3,0.58,0.0949342857142857,0.03455065284831673,5,0.09492198500429407,0.03662128029544335,0.1643537414965986,0.04809672947489966
secondary/exploratory,hushem,resnet50,equal_mean_of_7_device_corruptions,3,0.59,0.09717494505494505,0.03485669084279349,5,0.09492198500429407,0.03662128029544335,0.1643537414965986,0.04809672947489966
secondary/exploratory,hushem,resnet50,equal_mean_of_7_device_corruptions,3,0.6,0.09937256817256818,0.035126651166185685,5,0.09492198500429407,0.03662128029544335,0.1643537414965986,0.04809672947489966
secondary/exploratory,hushem,resnet50,equal_mean_of_7_device_corruptions,3,0.61,0.10246601546601548,0.036095085093444376,5,0.09492198500429407,0.03662128029544335,0.1643537414965986,0.04809672947489966
secondary/exploratory,hushem,resnet50,equal_mean_of_7_device_corruptions,3,0.62,0.10604151404151403,0.03816936957688862,5,0.09492198500429407,0.03662128029544335,0.1643537414965986,0.04809672947489966
secondary/exploratory,hushem,resnet50,equal_mean_of_7_device_corruptions,3,0.63,0.10948450491307633,0.04039974561799168,5,0.09492198500429407,0.03662128029544335,0.1643537414965986,0.04809672947489966
secondary/exploratory,hushem,resnet50,equal_mean_of_7_device_corruptions,3,0.64,0.11323402924388146,0.04163773574671714,5,0.09492198500429407,0.03662128029544335,0.1643537414965986,0.04809672947489966
secondary/exploratory,hushem,resnet50,equal_mean_of_7_device_corruptions,3,0.65,0.11726744337581776,0.04263042203639965,5,0.09492198500429407,0.03662128029544335,0.1643537414965986,0.04809672947489966
secondary/exploratory,hushem,resnet50,equal_mean_of_7_device_corruptions,3,0.66,0.11990823363828292,0.04180935359506126,5,0.09492198500429407,0.03662128029544335,0.1643537414965986,0.04809672947489966
secondary/exploratory,hushem,resnet50,equal_mean_of_7_device_corruptions,3,0.67,0.12197410274454609,0.04169039927898708,5,0.09492198500429407,0.03662128029544335,0.1643537414965986,0.04809672947489966
secondary/exploratory,hushem,resnet50,equal_mean_of_7_device_corruptions,3,0.68,0.12441379310344829,0.04283526308596535,5,0.09492198500429407,0.03662128029544335,0.1643537414965986,0.04809672947489966
secondary/exploratory,hushem,resnet50,equal_mean_of_7_device_corruptions,3,0.6900000000000001,0.12782217278457547,0.043614581717283205,5,0.09492198500429407,0.03662128029544335,0.1643537414965986,0.04809672947489966
secondary/exploratory,hushem,resnet50,equal_mean_of_7_device_corruptions,3,0.7000000000000001,0.13142857142857145,0.044101009296871906,5,0.09492198500429407,0.03662128029544335,0.1643537414965986,0.04809672947489966
secondary/exploratory,hushem,resnet50,equal_mean_of_7_device_corruptions,3,0.71,0.13495867895545316,0.04464504286276783,5,0.09492198500429407,0.03662128029544335,0.1643537414965986,0.04809672947489966
secondary/exploratory,hushem,resnet50,equal_mean_of_7_device_corruptions,3,0.72,0.13829178187403995,0.04563303494548206,5,0.09492198500429407,0.03662128029544335,0.1643537414965986,0.04809672947489966
secondary/exploratory,hushem,resnet50,equal_mean_of_7_device_corruptions,3,0.73,0.14015563468789277,0.0473573429342488,5,0.09492198500429407,0.03662128029544335,0.1643537414965986,0.04809672947489966
secondary/exploratory,hushem,resnet50,equal_mean_of_7_device_corruptions,3,0.74,0.14212606479541964,0.04897334575480471,5,0.09492198500429407,0.03662128029544335,0.1643537414965986,0.04809672947489966
secondary/exploratory,hushem,resnet50,equal_mean_of_7_device_corruptions,3,0.75,0.14512987012987014,0.04947092703909594,5,0.09492198500429407,0.03662128029544335,0.1643537414965986,0.04809672947489966
secondary/exploratory,hushem,resnet50,equal_mean_of_7_device_corruptions,3,0.76,0.1481038961038961,0.050490411813787384,5,0.09492198500429407,0.03662128029544335,0.1643537414965986,0.04809672947489966
secondary/exploratory,hushem,resnet50,equal_mean_of_7_device_corruptions,3,0.77,0.15066055513114338,0.05178711684530941,5,0.09492198500429407,0.03662128029544335,0.1643537414965986,0.04809672947489966
secondary/exploratory,hushem,resnet50,equal_mean_of_7_device_corruptions,3,0.78,0.15305586962057552,0.051573510894494995,5,0.09492198500429407,0.03662128029544335,0.1643537414965986,0.04809672947489966
secondary/exploratory,hushem,resnet50,equal_mean_of_7_device_corruptions,3,0.79,0.15584598930481286,0.050719716743418734,5,0.09492198500429407,0.03662128029544335,0.1643537414965986,0.04809672947489966
secondary/exploratory,hushem,resnet50,equal_mean_of_7_device_corruptions,3,0.8,0.15934373749499803,0.04965635589150446,5,0.09492198500429407,0.03662128029544335,0.1643537414965986,0.04809672947489966
secondary/exploratory,hushem,resnet50,equal_mean_of_7_device_corruptions,3,0.81,0.16268027210884356,0.04898999062892733,5,0.09492198500429407,0.03662128029544335,0.1643537414965986,0.04809672947489966
secondary/exploratory,hushem,resnet50,equal_mean_of_7_device_corruptions,3,0.8200000000000001,0.16530559539130968,0.04773112403686528,5,0.09492198500429407,0.03662128029544335,0.1643537414965986,0.04809672947489966
secondary/exploratory,hushem,resnet50,equal_mean_of_7_device_corruptions,3,0.8300000000000001,0.16743421584850154,0.04617488745772332,5,0.09492198500429407,0.03662128029544335,0.1643537414965986,0.04809672947489966
secondary/exploratory,hushem,resnet50,equal_mean_of_7_device_corruptions,3,0.84,0.1699133419133419,0.04484236997120912,5,0.09492198500429407,0.03662128029544335,0.1643537414965986,0.04809672947489966
secondary/exploratory,hushem,resnet50,equal_mean_of_7_device_corruptions,3,0.85,0.17356076000812842,0.04348321477038643,5,0.09492198500429407,0.03662128029544335,0.1643537414965986,0.04809672947489966
secondary/exploratory,hushem,resnet50,equal_mean_of_7_device_corruptions,3,0.86,0.17723446002393373,0.04210972338417018,5,0.09492198500429407,0.03662128029544335,0.1643537414965986,0.04809672947489966
secondary/exploratory,hushem,resnet50,equal_mean_of_7_device_corruptions,3,0.87,0.18002426023478654,0.04149398209707477,5,0.09492198500429407,0.03662128029544335,0.1643537414965986,0.04809672947489966
secondary/exploratory,hushem,resnet50,equal_mean_of_7_device_corruptions,3,0.88,0.18253807074859707,0.04138791641181232,5,0.09492198500429407,0.03662128029544335,0.1643537414965986,0.04809672947489966
secondary/exploratory,hushem,resnet50,equal_mean_of_7_device_corruptions,3,0.89,0.18556969346443028,0.04153628132324807,5,0.09492198500429407,0.03662128029544335,0.1643537414965986,0.04809672947489966
secondary/exploratory,hushem,resnet50,equal_mean_of_7_device_corruptions,3,0.9,0.18890013495276653,0.04188566896340199,5,0.09492198500429407,0.03662128029544335,0.1643537414965986,0.04809672947489966
secondary/exploratory,hushem,resnet50,equal_mean_of_7_device_corruptions,3,0.91,0.1921469981238274,0.04224910830789834,5,0.09492198500429407,0.03662128029544335,0.1643537414965986,0.04809672947489966
secondary/exploratory,hushem,resnet50,equal_mean_of_7_device_corruptions,3,0.92,0.19561745733940858,0.04178331563950845,5,0.09492198500429407,0.03662128029544335,0.1643537414965986,0.04809672947489966
secondary/exploratory,hushem,resnet50,equal_mean_of_7_device_corruptions,3,0.93,0.19908791655498975,0.041450746354215015,5,0.09492198500429407,0.03662128029544335,0.1643537414965986,0.04809672947489966
secondary/exploratory,hushem,resnet50,equal_mean_of_7_device_corruptions,3,0.9400000000000001,0.202204230960677,0.04162671362735956,5,0.09492198500429407,0.03662128029544335,0.1643537414965986,0.04809672947489966
secondary/exploratory,hushem,resnet50,equal_mean_of_7_device_corruptions,3,0.9500000000000001,0.20520752447320395,0.04206840332072224,5,0.09492198500429407,0.03662128029544335,0.1643537414965986,0.04809672947489966
secondary/exploratory,hushem,resnet50,equal_mean_of_7_device_corruptions,3,0.96,0.20802643916330005,0.0415656383645501,5,0.09492198500429407,0.03662128029544335,0.1643537414965986,0.04809672947489966
secondary/exploratory,hushem,resnet50,equal_mean_of_7_device_corruptions,3,0.97,0.21088659173255234,0.040301687236590576,5,0.09492198500429407,0.03662128029544335,0.1643537414965986,0.04809672947489966
secondary/exploratory,hushem,resnet50,equal_mean_of_7_device_corruptions,3,0.98,0.21390781090448865,0.039402010654247026,5,0.09492198500429407,0.03662128029544335,0.1643537414965986,0.04809672947489966
secondary/exploratory,hushem,resnet50,equal_mean_of_7_device_corruptions,3,0.99,0.21720760524082783,0.039377655001520566,5,0.09492198500429407,0.03662128029544335,0.1643537414965986,0.04809672947489966
secondary/exploratory,hushem,resnet50,equal_mean_of_7_device_corruptions,3,1.0,0.220507399577167,0.03951814082567132,5,0.09492198500429407,0.03662128029544335,0.1643537414965986,0.04809672947489966
secondary/exploratory,hushem,resnet50,equal_mean_of_7_device_corruptions,4,0.0,0.0,0.0,5,0.16006659665706685,0.04695013938835281,0.24247165532879814,0.058146775541950975
secondary/exploratory,hushem,resnet50,equal_mean_of_7_device_corruptions,4,0.01,0.02457142857142857,0.03364581424674592,5,0.16006659665706685,0.04695013938835281,0.24247165532879814,0.058146775541950975
secondary/exploratory,hushem,resnet50,equal_mean_of_7_device_corruptions,4,0.02,0.04914285714285714,0.06729162849349184,5,0.16006659665706685,0.04695013938835281,0.24247165532879814,0.058146775541950975
secondary/exploratory,hushem,resnet50,equal_mean_of_7_device_corruptions,4,0.03,0.048857142857142856,0.06690039809527386,5,0.16006659665706685,0.04695013938835281,0.24247165532879814,0.058146775541950975
secondary/exploratory,hushem,resnet50,equal_mean_of_7_device_corruptions,4,0.04,0.036571428571428574,0.0500774909719009,5,0.16006659665706685,0.04695013938835281,0.24247165532879814,0.058146775541950975
secondary/exploratory,hushem,resnet50,equal_mean_of_7_device_corruptions,4,0.05,0.03285714285714286,0.04499149579506722,5,0.16006659665706685,0.04695013938835281,0.24247165532879814,0.058146775541950975
secondary/exploratory,hushem,resnet50,equal_mean_of_7_device_corruptions,4,0.06,0.045142857142857144,0.06181440291844018,5,0.16006659665706685,0.04695013938835281,0.24247165532879814,0.058146775541950975
secondary/exploratory,hushem,resnet50,equal_mean_of_7_device_corruptions,4,0.07,0.05714285714285714,0.07808330520041021,5,0.16006659665706685,0.04695013938835281,0.24247165532879814,0.058146775541950975
secondary/exploratory,hushem,resnet50,equal_mean_of_7_device_corruptions,4,0.08,0.05714285714285714,0.07157841425845575,5,0.16006659665706685,0.04695013938835281,0.24247165532879814,0.058146775541950975
secondary/exploratory,hushem,resnet50,equal_mean_of_7_device_corruptions,4,0.09,0.05714285714285714,0.0662252071436888,5,0.16006659665706685,0.04695013938835281,0.24247165532879814,0.058146775541950975
secondary/exploratory,hushem,resnet50,equal_mean_of_7_device_corruptions,4,0.1,0.055428571428571424,0.06273242497191658,5,0.16006659665706685,0.04695013938835281,0.24247165532879814,0.058146775541950975
secondary/exploratory,hushem,resnet50,equal_mean_of_7_device_corruptions,4,0.11,0.05297142857142857,0.06001773972445691,5,0.16006659665706685,0.04695013938835281,0.24247165532879814,0.058146775541950975
secondary/exploratory,hushem,resnet50,equal_mean_of_7_device_corruptions,4,0.12,0.05234285714285715,0.05737198507287171,5,0.16006659665706685,0.04695013938835281,0.24247165532879814,0.058146775541950975
secondary/exploratory,hushem,resnet50,equal_mean_of_7_device_corruptions,4,0.13,0.0548,0.05526187296115291,5,0.16006659665706685,0.04695013938835281,0.24247165532879814,0.058146775541950975
secondary/exploratory,hushem,resnet50,equal_mean_of_7_device_corruptions,4,0.14,0.05714285714285714,0.05479913805849758,5,0.16006659665706685,0.04695013938835281,0.24247165532879814,0.058146775541950975
secondary/exploratory,hushem,resnet50,equal_mean_of_7_device_corruptions,4,0.15,0.05714285714285714,0.05461977690078702,5,0.16006659665706685,0.04695013938835281,0.24247165532879814,0.058146775541950975
secondary/exploratory,hushem,resnet50,equal_mean_of_7_device_corruptions,4,0.16,0.05714285714285714,0.05469463904434864,5,0.16006659665706685,0.04695013938835281,0.24247165532879814,0.058146775541950975
secondary/exploratory,hushem,resnet50,equal_mean_of_7_device_corruptions,4,0.17,0.05825,0.055534784450326176,5,0.16006659665706685,0.04695013938835281,0.24247165532879814,0.058146775541950975
secondary/exploratory,hushem,resnet50,equal_mean_of_7_device_corruptions,4,0.18,0.05978571428571429,0.056632853005714336,5,0.16006659665706685,0.04695013938835281,0.24247165532879814,0.058146775541950975
secondary/exploratory,hushem,resnet50,equal_mean_of_7_device_corruptions,4,0.19,0.0606468253968254,0.05694732826888344,5,0.16006659665706685,0.04695013938835281,0.24247165532879814,0.058146775541950975
secondary/exploratory,hushem,resnet50,equal_mean_of_7_device_corruptions,4,0.2,0.060476190476190475,0.0564592040623671,5,0.16006659665706685,0.04695013938835281,0.24247165532879814,0.058146775541950975
secondary/exploratory,hushem,resnet50,equal_mean_of_7_device_corruptions,4,0.21,0.060650793650793636,0.056494324649128236,5,0.16006659665706685,0.04695013938835281,0.24247165532879814,0.058146775541950975
secondary/exploratory,hushem,resnet50,equal_mean_of_7_device_corruptions,4,0.22,0.06542857142857142,0.05569230335568124,5,0.16006659665706685,0.04695013938835281,0.24247165532879814,0.058146775541950975
secondary/exploratory,hushem,resnet50,equal_mean_of_7_device_corruptions,4,0.23,0.07051803751803752,0.054851442428174114,5,0.16006659665706685,0.04695013938835281,0.24247165532879814,0.058146775541950975
secondary/exploratory,hushem,resnet50,equal_mean_of_7_device_corruptions,4,0.24,0.07579220779220779,0.05574790860241843,5,0.16006659665706685,0.04695013938835281,0.24247165532879814,0.058146775541950975
secondary/exploratory,hushem,resnet50,equal_mean_of_7_device_corruptions,4,0.25,0.08084415584415584,0.05774750204330508,5,0.16006659665706685,0.04695013938835281,0.24247165532879814,0.058146775541950975
secondary/exploratory,hushem,resnet50,equal_mean_of_7_device_corruptions,4,0.26,0.08500432900432901,0.05961406262753646,5,0.16006659665706685,0.04695013938835281,0.24247165532879814,0.058146775541950975
secondary/exploratory,hushem,resnet50,equal_mean_of_7_device_corruptions,4,0.27,0.0881904761904762,0.06100298928918955,5,0.16006659665706685,0.04695013938835281,0.24247165532879814,0.058146775541950975
secondary/exploratory,hushem,resnet50,equal_mean_of_7_device_corruptions,4,0.28,0.09141391941391944,0.06267899993484945,5,0.16006659665706685,0.04695013938835281,0.24247165532879814,0.058146775541950975
secondary/exploratory,hushem,resnet50,equal_mean_of_7_device_corruptions,4,0.29,0.096,0.06294092459118932,5,0.16006659665706685,0.04695013938835281,0.24247165532879814,0.058146775541950975
secondary/exploratory,hushem,resnet50,equal_mean_of_7_device_corruptions,4,0.3,0.10053375196232339,0.06347086828432635,5,0.16006659665706685,0.04695013938835281,0.24247165532879814,0.058146775541950975
secondary/exploratory,hushem,resnet50,equal_mean_of_7_device_corruptions,4,0.31,0.10391679748822606,0.06034232683047193,5,0.16006659665706685,0.04695013938835281,0.24247165532879814,0.058146775541950975
secondary/exploratory,hushem,resnet50,equal_mean_of_7_device_corruptions,4,0.32,0.10710580847723702,0.056004090425719924,5,0.16006659665706685,0.04695013938835281,0.24247165532879814,0.058146775541950975
secondary/exploratory,hushem,resnet50,equal_mean_of_7_device_corruptions,4,0.33,0.11004217687074828,0.05227269323331998,5,0.16006659665706685,0.04695013938835281,0.24247165532879814,0.058146775541950975
secondary/exploratory,hushem,resnet50,equal_mean_of_7_device_corruptions,4,0.34,0.11188843537414965,0.0504516620822174,5,0.16006659665706685,0.04695013938835281,0.24247165532879814,0.058146775541950975
secondary/exploratory,hushem,resnet50,equal_mean_of_7_device_corruptions,4,0.35000000000000003,0.11302976190476191,0.04998237625202826,5,0.16006659665706685,0.04695013938835281,0.24247165532879814,0.058146775541950975
secondary/exploratory,hushem,resnet50,equal_mean_of_7_device_corruptions,4,0.36,0.11539523809523808,0.049449599848432224,5,0.16006659665706685,0.04695013938835281,0.24247165532879814,0.058146775541950975
secondary/exploratory,hushem,resnet50,equal_mean_of_7_device_corruptions,4,0.37,0.11819600840336135,0.048717630068581465,5,0.16006659665706685,0.04695013938835281,0.24247165532879814,0.058146775541950975
secondary/exploratory,hushem,resnet50,equal_mean_of_7_device_corruptions,4,0.38,0.125640756302521,0.050731775740523205,5,0.16006659665706685,0.04695013938835281,0.24247165532879814,0.058146775541950975
secondary/exploratory,hushem,resnet50,equal_mean_of_7_device_corruptions,4,0.39,0.13420226423902898,0.053654467868828624,5,0.16006659665706685,0.04695013938835281,0.24247165532879814,0.058146775541950975
secondary/exploratory,hushem,resnet50,equal_mean_of_7_device_corruptions,4,0.4,0.14070961718020542,0.05458552584171774,5,0.16006659665706685,0.04695013938835281,0.24247165532879814,0.058146775541950975
secondary/exploratory,hushem,resnet50,equal_mean_of_7_device_corruptions,4,0.41000000000000003,0.14493881763231609,0.05306178600944548,5,0.16006659665706685,0.04695013938835281,0.24247165532879814,0.058146775541950975
secondary/exploratory,hushem,resnet50,equal_mean_of_7_device_corruptions,4,0.42,0.14893233082706764,0.05166264437482815,5,0.16006659665706685,0.04695013938835281,0.24247165532879814,0.058146775541950975
secondary/exploratory,hushem,resnet50,equal_mean_of_7_device_corruptions,4,0.43,0.152078529657477,0.05000113286670555,5,0.16006659665706685,0.04695013938835281,0.24247165532879814,0.058146775541950975
secondary/exploratory,hushem,resnet50,equal_mean_of_7_device_corruptions,4,0.44,0.15463525480367585,0.049273889001395677,5,0.16006659665706685,0.04695013938835281,0.24247165532879814,0.058146775541950975
secondary/exploratory,hushem,resnet50,equal_mean_of_7_device_corruptions,4,0.45,0.1538796992481203,0.04694124387170105,5,0.16006659665706685,0.04695013938835281,0.24247165532879814,0.058146775541950975
secondary/exploratory,hushem,resnet50,equal_mean_of_7_device_corruptions,4,0.46,0.15206015037593984,0.04477376722163482,5,0.16006659665706685,0.04695013938835281,0.24247165532879814,0.058146775541950975
secondary/exploratory,hushem,resnet50,equal_mean_of_7_device_corruptions,4,0.47000000000000003,0.15203809523809525,0.04456892481266422,5,0.16006659665706685,0.04695013938835281,0.24247165532879814,0.058146775541950975
secondary/exploratory,hushem,resnet50,equal_mean_of_7_device_corruptions,4,0.48,0.15435943104514532,0.04575981019408356,5,0.16006659665706685,0.04695013938835281,0.24247165532879814,0.058146775541950975
secondary/exploratory,hushem,resnet50,equal_mean_of_7_device_corruptions,4,0.49,0.15754050711193568,0.046808673366680834,5,0.16006659665706685,0.04695013938835281,0.24247165532879814,0.058146775541950975
secondary/exploratory,hushem,resnet50,equal_mean_of_7_device_corruptions,4,0.5,0.16286332714904145,0.050154592999623555,5,0.16006659665706685,0.04695013938835281,0.24247165532879814,0.058146775541950975
secondary/exploratory,hushem,resnet50,equal_mean_of_7_device_corruptions,4,0.51,0.16762300018821757,0.05467084507265207,5,0.16006659665706685,0.04695013938835281,0.24247165532879814,0.058146775541950975
secondary/exploratory,hushem,resnet50,equal_mean_of_7_device_corruptions,4,0.52,0.16977300959909658,0.055735379429692145,5,0.16006659665706685,0.04695013938835281,0.24247165532879814,0.058146775541950975
secondary/exploratory,hushem,resnet50,equal_mean_of_7_device_corruptions,4,0.53,0.17181912290607942,0.05556566325165561,5,0.16006659665706685,0.04695013938835281,0.24247165532879814,0.058146775541950975
secondary/exploratory,hushem,resnet50,equal_mean_of_7_device_corruptions,4,0.54,0.17393064182194617,0.05537986443946223,5,0.16006659665706685,0.04695013938835281,0.24247165532879814,0.058146775541950975
secondary/exploratory,hushem,resnet50,equal_mean_of_7_device_corruptions,4,0.55,0.17572494824016566,0.05588285320315516,5,0.16006659665706685,0.04695013938835281,0.24247165532879814,0.058146775541950975
secondary/exploratory,hushem,resnet50,equal_mean_of_7_device_corruptions,4,0.56,0.17757523809523815,0.05736595362164424,5,0.16006659665706685,0.04695013938835281,0.24247165532879814,0.058146775541950975
secondary/exploratory,hushem,resnet50,equal_mean_of_7_device_corruptions,4,0.5700000000000001,0.18108575091575094,0.059876217097033765,5,0.16006659665706685,0.04695013938835281,0.24247165532879814,0.058146775541950975
secondary/exploratory,hushem,resnet50,equal_mean_of_7_device_corruptions,4,0.58,0.1854085714285714,0.06091294942919169,5,0.16006659665706685,0.04695013938835281,0.24247165532879814,0.058146775541950975
secondary/exploratory,hushem,resnet50,equal_mean_of_7_device_corruptions,4,0.59,0.1890821978021978,0.059189220204623,5,0.16006659665706685,0.04695013938835281,0.24247165532879814,0.058146775541950975
secondary/exploratory,hushem,resnet50,equal_mean_of_7_device_corruptions,4,0.6,0.19302954822954824,0.056535760718398345,5,0.16006659665706685,0.04695013938835281,0.24247165532879814,0.058146775541950975
secondary/exploratory,hushem,resnet50,equal_mean_of_7_device_corruptions,4,0.61,0.19714285714285715,0.05464774240910761,5,0.16006659665706685,0.04695013938835281,0.24247165532879814,0.058146775541950975
secondary/exploratory,hushem,resnet50,equal_mean_of_7_device_corruptions,4,0.62,0.20103296703296705,0.05405192203329185,5,0.16006659665706685,0.04695013938835281,0.24247165532879814,0.058146775541950975
secondary/exploratory,hushem,resnet50,equal_mean_of_7_device_corruptions,4,0.63,0.2046848072562358,0.05374140835202443,5,0.16006659665706685,0.04695013938835281,0.24247165532879814,0.058146775541950975
secondary/exploratory,hushem,resnet50,equal_mean_of_7_device_corruptions,4,0.64,0.2083026038001407,0.05260157864336802,5,0.16006659665706685,0.04695013938835281,0.24247165532879814,0.058146775541950975
secondary/exploratory,hushem,resnet50,equal_mean_of_7_device_corruptions,4,0.65,0.21217217921651418,0.05118679591158849,5,0.16006659665706685,0.04695013938835281,0.24247165532879814,0.058146775541950975
secondary/exploratory,hushem,resnet50,equal_mean_of_7_device_corruptions,4,0.66,0.21436021581046213,0.04933909837932381,5,0.16006659665706685,0.04695013938835281,0.24247165532879814,0.058146775541950975
secondary/exploratory,hushem,resnet50,equal_mean_of_7_device_corruptions,4,0.67,0.21627051372273046,0.04758611258930632,5,0.16006659665706685,0.04695013938835281,0.24247165532879814,0.058146775541950975
secondary/exploratory,hushem,resnet50,equal_mean_of_7_device_corruptions,4,0.68,0.21791395730706076,0.04591178286374252,5,0.16006659665706685,0.04695013938835281,0.24247165532879814,0.058146775541950975
secondary/exploratory,hushem,resnet50,equal_mean_of_7_device_corruptions,4,0.6900000000000001,0.218967816091954,0.045134895811832124,5,0.16006659665706685,0.04695013938835281,0.24247165532879814,0.058146775541950975
secondary/exploratory,hushem,resnet50,equal_mean_of_7_device_corruptions,4,0.7000000000000001,0.22011367127496162,0.04458343563667539,5,0.16006659665706685,0.04695013938835281,0.24247165532879814,0.058146775541950975
secondary/exploratory,hushem,resnet50,equal_mean_of_7_device_corruptions,4,0.71,0.22161198156682027,0.04460170832524245,5,0.16006659665706685,0.04695013938835281,0.24247165532879814,0.058146775541950975
secondary/exploratory,hushem,resnet50,equal_mean_of_7_device_corruptions,4,0.72,0.22291981566820276,0.045163828972400163,5,0.16006659665706685,0.04695013938835281,0.24247165532879814,0.058146775541950975
secondary/exploratory,hushem,resnet50,equal_mean_of_7_device_corruptions,4,0.73,0.22390919564306663,0.04529834820347362,5,0.16006659665706685,0.04695013938835281,0.24247165532879814,0.058146775541950975
secondary/exploratory,hushem,resnet50,equal_mean_of_7_device_corruptions,4,0.74,0.22513231392263652,0.0449262787812747,5,0.16006659665706685,0.04695013938835281,0.24247165532879814,0.058146775541950975
secondary/exploratory,hushem,resnet50,equal_mean_of_7_device_corruptions,4,0.75,0.2278409090909091,0.045405672182019914,5,0.16006659665706685,0.04695013938835281,0.24247165532879814,0.058146775541950975
secondary/exploratory,hushem,resnet50,equal_mean_of_7_device_corruptions,4,0.76,0.23085714285714287,0.048205201966163784,5,0.16006659665706685,0.04695013938835281,0.24247165532879814,0.058146775541950975
secondary/exploratory,hushem,resnet50,equal_mean_of_7_device_corruptions,4,0.77,0.2338222561751974,0.051029706151266584,5,0.16006659665706685,0.04695013938835281,0.24247165532879814,0.058146775541950975
secondary/exploratory,hushem,resnet50,equal_mean_of_7_device_corruptions,4,0.78,0.23691571173924117,0.053079876944488256,5,0.16006659665706685,0.04695013938835281,0.24247165532879814,0.058146775541950975
secondary/exploratory,hushem,resnet50,equal_mean_of_7_device_corruptions,4,0.79,0.24011306340718108,0.054926670639679695,5,0.16006659665706685,0.04695013938835281,0.24247165532879814,0.058146775541950975
secondary/exploratory,hushem,resnet50,equal_mean_of_7_device_corruptions,4,0.8,0.24134907296251834,0.05590860681939028,5,0.16006659665706685,0.04695013938835281,0.24247165532879814,0.058146775541950975
secondary/exploratory,hushem,resnet50,equal_mean_of_7_device_corruptions,4,0.81,0.242259410430839,0.0572677268862337,5,0.16006659665706685,0.04695013938835281,0.24247165532879814,0.058146775541950975
secondary/exploratory,hushem,resnet50,equal_mean_of_7_device_corruptions,4,0.8200000000000001,0.2439352454495312,0.058603108841212094,5,0.16006659665706685,0.04695013938835281,0.24247165532879814,0.058146775541950975
secondary/exploratory,hushem,resnet50,equal_mean_of_7_device_corruptions,4,0.8300000000000001,0.24683759882331308,0.058375810149126316,5,0.16006659665706685,0.04695013938835281,0.24247165532879814,0.058146775541950975
secondary/exploratory,hushem,resnet50,equal_mean_of_7_device_corruptions,4,0.84,0.24979922779922775,0.058273342904673904,5,0.16006659665706685,0.04695013938835281,0.24247165532879814,0.058146775541950975
secondary/exploratory,hushem,resnet50,equal_mean_of_7_device_corruptions,4,0.85,0.25288102011786223,0.05836142206685534,5,0.16006659665706685,0.04695013938835281,0.24247165532879814,0.058146775541950975
secondary/exploratory,hushem,resnet50,equal_mean_of_7_device_corruptions,4,0.86,0.2559595159068843,0.05853303742052942,5,0.16006659665706685,0.04695013938835281,0.24247165532879814,0.058146775541950975
secondary/exploratory,hushem,resnet50,equal_mean_of_7_device_corruptions,4,0.87,0.25930638967481073,0.059388502540232486,5,0.16006659665706685,0.04695013938835281,0.24247165532879814,0.058146775541950975
secondary/exploratory,hushem,resnet50,equal_mean_of_7_device_corruptions,4,0.88,0.2625480124427493,0.06061896684027397,5,0.16006659665706685,0.04695013938835281,0.24247165532879814,0.058146775541950975
secondary/exploratory,hushem,resnet50,equal_mean_of_7_device_corruptions,4,0.89,0.26549161364950835,0.061880438557567585,5,0.16006659665706685,0.04695013938835281,0.24247165532879814,0.058146775541950975
secondary/exploratory,hushem,resnet50,equal_mean_of_7_device_corruptions,4,0.9,0.2682523616734143,0.0631986610671749,5,0.16006659665706685,0.04695013938835281,0.24247165532879814,0.058146775541950975
secondary/exploratory,hushem,resnet50,equal_mean_of_7_device_corruptions,4,0.91,0.2709001742160279,0.06400922278353083,5,0.16006659665706685,0.04695013938835281,0.24247165532879814,0.058146775541950975
secondary/exploratory,hushem,resnet50,equal_mean_of_7_device_corruptions,4,0.92,0.2741354239256678,0.061735894781624334,5,0.16006659665706685,0.04695013938835281,0.24247165532879814,0.058146775541950975
secondary/exploratory,hushem,resnet50,equal_mean_of_7_device_corruptions,4,0.93,0.27737067363530776,0.059520051281495664,5,0.16006659665706685,0.04695013938835281,0.24247165532879814,0.058146775541950975
secondary/exploratory,hushem,resnet50,equal_mean_of_7_device_corruptions,4,0.9400000000000001,0.28021986062717774,0.057604576699555196,5,0.16006659665706685,0.04695013938835281,0.24247165532879814,0.058146775541950975
secondary/exploratory,hushem,resnet50,equal_mean_of_7_device_corruptions,4,0.9500000000000001,0.2829997096399536,0.05582691043719528,5,0.16006659665706685,0.04695013938835281,0.24247165532879814,0.058146775541950975
secondary/exploratory,hushem,resnet50,equal_mean_of_7_device_corruptions,4,0.96,0.28569970018637064,0.05415579766987233,5,0.16006659665706685,0.04695013938835281,0.24247165532879814,0.058146775541950975
secondary/exploratory,hushem,resnet50,equal_mean_of_7_device_corruptions,4,0.97,0.2883484204799333,0.052565052769267366,5,0.16006659665706685,0.04695013938835281,0.24247165532879814,0.058146775541950975
secondary/exploratory,hushem,resnet50,equal_mean_of_7_device_corruptions,4,0.98,0.2913471688886971,0.051448038003458096,5,0.16006659665706685,0.04695013938835281,0.24247165532879814,0.058146775541950975
secondary/exploratory,hushem,resnet50,equal_mean_of_7_device_corruptions,4,0.99,0.295016683206052,0.05143102602836794,5,0.16006659665706685,0.04695013938835281,0.24247165532879814,0.058146775541950975
secondary/exploratory,hushem,resnet50,equal_mean_of_7_device_corruptions,4,1.0,0.29868619752340686,0.051441414960529716,5,0.16006659665706685,0.04695013938835281,0.24247165532879814,0.058146775541950975
secondary/exploratory,hushem,resnet50,equal_mean_of_7_device_corruptions,5,0.0,0.0,0.0,5,0.2631540722146951,0.05984462148393298,0.36825396825396817,0.060037198616207384
secondary/exploratory,hushem,resnet50,equal_mean_of_7_device_corruptions,5,0.01,0.012285714285714285,0.027471692294997418,5,0.2631540722146951,0.05984462148393298,0.36825396825396817,0.060037198616207384
secondary/exploratory,hushem,resnet50,equal_mean_of_7_device_corruptions,5,0.02,0.02457142857142857,0.054943384589994836,5,0.2631540722146951,0.05984462148393298,0.36825396825396817,0.060037198616207384
secondary/exploratory,hushem,resnet50,equal_mean_of_7_device_corruptions,5,0.03,0.03685714285714285,0.05067553851792433,5,0.2631540722146951,0.05984462148393298,0.36825396825396817,0.060037198616207384
secondary/exploratory,hushem,resnet50,equal_mean_of_7_device_corruptions,5,0.04,0.04914285714285714,0.04875595201760353,5,0.2631540722146951,0.05984462148393298,0.36825396825396817,0.060037198616207384
secondary/exploratory,hushem,resnet50,equal_mean_of_7_device_corruptions,5,0.05,0.055714285714285716,0.05728776269939367,5,0.2631540722146951,0.05984462148393298,0.36825396825396817,0.060037198616207384
secondary/exploratory,hushem,resnet50,equal_mean_of_7_device_corruptions,5,0.06,0.05161904761904762,0.051338766387987574,5,0.2631540722146951,0.05984462148393298,0.36825396825396817,0.060037198616207384
secondary/exploratory,hushem,resnet50,equal_mean_of_7_device_corruptions,5,0.07,0.048214285714285716,0.046705219740628634,5,0.2631540722146951,0.05984462148393298,0.36825396825396817,0.060037198616207384
secondary/exploratory,hushem,resnet50,equal_mean_of_7_device_corruptions,5,0.08,0.052380952380952375,0.03397511427534387,5,0.2631540722146951,0.05984462148393298,0.36825396825396817,0.060037198616207384
secondary/exploratory,hushem,resnet50,equal_mean_of_7_device_corruptions,5,0.09,0.05654761904761905,0.02196485029600879,5,0.2631540722146951,0.05984462148393298,0.36825396825396817,0.060037198616207384
secondary/exploratory,hushem,resnet50,equal_mean_of_7_device_corruptions,5,0.1,0.062142857142857146,0.023786894007638164,5,0.2631540722146951,0.05984462148393298,0.36825396825396817,0.060037198616207384
secondary/exploratory,hushem,resnet50,equal_mean_of_7_device_corruptions,5,0.11,0.0695,0.032367784437427216,5,0.2631540722146951,0.05984462148393298,0.36825396825396817,0.060037198616207384
secondary/exploratory,hushem,resnet50,equal_mean_of_7_device_corruptions,5,0.12,0.08266666666666667,0.040368371804878025,5,0.2631540722146951,0.05984462148393298,0.36825396825396817,0.060037198616207384
secondary/exploratory,hushem,resnet50,equal_mean_of_7_device_corruptions,5,0.13,0.10400000000000001,0.04810863792588499,5,0.2631540722146951,0.05984462148393298,0.36825396825396817,0.060037198616207384
secondary/exploratory,hushem,resnet50,equal_mean_of_7_device_corruptions,5,0.14,0.1246530612244898,0.056390877340655295,5,0.2631540722146951,0.05984462148393298,0.36825396825396817,0.060037198616207384
secondary/exploratory,hushem,resnet50,equal_mean_of_7_device_corruptions,5,0.15,0.13462585034013602,0.06111462648545562,5,0.2631540722146951,0.05984462148393298,0.36825396825396817,0.060037198616207384
secondary/exploratory,hushem,resnet50,equal_mean_of_7_device_corruptions,5,0.16,0.1444285714285714,0.06748793218978962,5,0.2631540722146951,0.05984462148393298,0.36825396825396817,0.060037198616207384
secondary/exploratory,hushem,resnet50,equal_mean_of_7_device_corruptions,5,0.17,0.15094897959183676,0.07412673043675708,5,0.2631540722146951,0.05984462148393298,0.36825396825396817,0.060037198616207384
secondary/exploratory,hushem,resnet50,equal_mean_of_7_device_corruptions,5,0.18,0.15685714285714286,0.07976652565556776,5,0.2631540722146951,0.05984462148393298,0.36825396825396817,0.060037198616207384
secondary/exploratory,hushem,resnet50,equal_mean_of_7_device_corruptions,5,0.19,0.1612936507936508,0.08092698865493736,5,0.2631540722146951,0.05984462148393298,0.36825396825396817,0.060037198616207384
secondary/exploratory,hushem,resnet50,equal_mean_of_7_device_corruptions,5,0.2,0.16182539682539682,0.0777739309058391,5,0.2631540722146951,0.05984462148393298,0.36825396825396817,0.060037198616207384
secondary/exploratory,hushem,resnet50,equal_mean_of_7_device_corruptions,5,0.21,0.16166666666666668,0.07614644147467917,5,0.2631540722146951,0.05984462148393298,0.36825396825396817,0.060037198616207384
secondary/exploratory,hushem,resnet50,equal_mean_of_7_device_corruptions,5,0.22,0.16206349206349205,0.07769652704555584,5,0.2631540722146951,0.05984462148393298,0.36825396825396817,0.060037198616207384
secondary/exploratory,hushem,resnet50,equal_mean_of_7_device_corruptions,5,0.23,0.16279971139971142,0.07923117065584008,5,0.2631540722146951,0.05984462148393298,0.36825396825396817,0.060037198616207384
secondary/exploratory,hushem,resnet50,equal_mean_of_7_device_corruptions,5,0.24,0.16597402597402597,0.07722703876849471,5,0.2631540722146951,0.05984462148393298,0.36825396825396817,0.060037198616207384
secondary/exploratory,hushem,resnet50,equal_mean_of_7_device_corruptions,5,0.25,0.16967532467532467,0.07503885258900786,5,0.2631540722146951,0.05984462148393298,0.36825396825396817,0.060037198616207384
secondary/exploratory,hushem,resnet50,equal_mean_of_7_device_corruptions,5,0.26,0.17667099567099567,0.07312759975698147,5,0.2631540722146951,0.05984462148393298,0.36825396825396817,0.060037198616207384
secondary/exploratory,hushem,resnet50,equal_mean_of_7_device_corruptions,5,0.27,0.18694588744588744,0.07326959097291867,5,0.2631540722146951,0.05984462148393298,0.36825396825396817,0.060037198616207384
secondary/exploratory,hushem,resnet50,equal_mean_of_7_device_corruptions,5,0.28,0.19665201465201468,0.07406504457750762,5,0.2631540722146951,0.05984462148393298,0.36825396825396817,0.060037198616207384
secondary/exploratory,hushem,resnet50,equal_mean_of_7_device_corruptions,5,0.29,0.20251098901098902,0.07508633290466399,5,0.2631540722146951,0.05984462148393298,0.36825396825396817,0.060037198616207384
secondary/exploratory,hushem,resnet50,equal_mean_of_7_device_corruptions,5,0.3,0.20828100470957614,0.07633716667924668,5,0.2631540722146951,0.05984462148393298,0.36825396825396817,0.060037198616207384
secondary/exploratory,hushem,resnet50,equal_mean_of_7_device_corruptions,5,0.31,0.21479905808477237,0.0739383304394705,5,0.2631540722146951,0.05984462148393298,0.36825396825396817,0.060037198616207384
secondary/exploratory,hushem,resnet50,equal_mean_of_7_device_corruptions,5,0.32,0.22154767137624282,0.07088716950480817,5,0.2631540722146951,0.05984462148393298,0.36825396825396817,0.060037198616207384
secondary/exploratory,hushem,resnet50,equal_mean_of_7_device_corruptions,5,0.33,0.22783809523809523,0.06971346729858892,5,0.2631540722146951,0.05984462148393298,0.36825396825396817,0.060037198616207384
secondary/exploratory,hushem,resnet50,equal_mean_of_7_device_corruptions,5,0.34,0.23371156462585035,0.07012872768661499,5,0.2631540722146951,0.05984462148393298,0.36825396825396817,0.060037198616207384
secondary/exploratory,hushem,resnet50,equal_mean_of_7_device_corruptions,5,0.35000000000000003,0.23904166666666668,0.07062403552208012,5,0.2631540722146951,0.05984462148393298,0.36825396825396817,0.060037198616207384
secondary/exploratory,hushem,resnet50,equal_mean_of_7_device_corruptions,5,0.36,0.24110952380952383,0.06891754496886222,5,0.2631540722146951,0.05984462148393298,0.36825396825396817,0.060037198616207384
secondary/exploratory,hushem,resnet50,equal_mean_of_7_device_corruptions,5,0.37,0.24452247899159665,0.06460960971428074,5,0.2631540722146951,0.05984462148393298,0.36825396825396817,0.060037198616207384
secondary/exploratory,hushem,resnet50,equal_mean_of_7_device_corruptions,5,0.38,0.2508802521008403,0.06084001168578468,5,0.2631540722146951,0.05984462148393298,0.36825396825396817,0.060037198616207384
secondary/exploratory,hushem,resnet50,equal_mean_of_7_device_corruptions,5,0.39,0.2569307889822596,0.06007090890164985,5,0.2631540722146951,0.05984462148393298,0.36825396825396817,0.060037198616207384
secondary/exploratory,hushem,resnet50,equal_mean_of_7_device_corruptions,5,0.4,0.2599626517273576,0.061194542100314955,5,0.2631540722146951,0.05984462148393298,0.36825396825396817,0.060037198616207384
secondary/exploratory,hushem,resnet50,equal_mean_of_7_device_corruptions,5,0.41000000000000003,0.26117484888692316,0.06085576618195021,5,0.2631540722146951,0.05984462148393298,0.36825396825396817,0.060037198616207384
secondary/exploratory,hushem,resnet50,equal_mean_of_7_device_corruptions,5,0.42,0.26165914786967415,0.06303379626382893,5,0.2631540722146951,0.05984462148393298,0.36825396825396817,0.060037198616207384
secondary/exploratory,hushem,resnet50,equal_mean_of_7_device_corruptions,5,0.43,0.2654126984126984,0.06624877764216426,5,0.2631540722146951,0.05984462148393298,0.36825396825396817,0.060037198616207384
secondary/exploratory,hushem,resnet50,equal_mean_of_7_device_corruptions,5,0.44,0.2697467000835422,0.06851092147976394,5,0.2631540722146951,0.05984462148393298,0.36825396825396817,0.060037198616207384
secondary/exploratory,hushem,resnet50,equal_mean_of_7_device_corruptions,5,0.45,0.27383834586466166,0.07197224018054323,5,0.2631540722146951,0.05984462148393298,0.36825396825396817,0.060037198616207384
secondary/exploratory,hushem,resnet50,equal_mean_of_7_device_corruptions,5,0.46,0.2781767991407089,0.07521885159344464,5,0.2631540722146951,0.05984462148393298,0.36825396825396817,0.060037198616207384
secondary/exploratory,hushem,resnet50,equal_mean_of_7_device_corruptions,5,0.47000000000000003,0.2811721088435374,0.07592992029686706,5,0.2631540722146951,0.05984462148393298,0.36825396825396817,0.060037198616207384
secondary/exploratory,hushem,resnet50,equal_mean_of_7_device_corruptions,5,0.48,0.2823022881880025,0.07482339580361692,5,0.2631540722146951,0.05984462148393298,0.36825396825396817,0.060037198616207384
secondary/exploratory,hushem,resnet50,equal_mean_of_7_device_corruptions,5,0.49,0.2835170068027211,0.07508436178322414,5,0.2631540722146951,0.05984462148393298,0.36825396825396817,0.060037198616207384
secondary/exploratory,hushem,resnet50,equal_mean_of_7_device_corruptions,5,0.5,0.28747680890538035,0.07760428553593937,5,0.2631540722146951,0.05984462148393298,0.36825396825396817,0.060037198616207384
secondary/exploratory,hushem,resnet50,equal_mean_of_7_device_corruptions,5,0.51,0.2919926595143986,0.07918786077976325,5,0.2631540722146951,0.05984462148393298,0.36825396825396817,0.060037198616207384
secondary/exploratory,hushem,resnet50,equal_mean_of_7_device_corruptions,5,0.52,0.2962123094297008,0.08031170596998678,5,0.2631540722146951,0.05984462148393298,0.36825396825396817,0.060037198616207384
secondary/exploratory,hushem,resnet50,equal_mean_of_7_device_corruptions,5,0.53,0.2999663090532656,0.08214864262535262,5,0.2631540722146951,0.05984462148393298,0.36825396825396817,0.060037198616207384
secondary/exploratory,hushem,resnet50,equal_mean_of_7_device_corruptions,5,0.54,0.3036708074534162,0.08371560001192091,5,0.2631540722146951,0.05984462148393298,0.36825396825396817,0.060037198616207384
secondary/exploratory,hushem,resnet50,equal_mean_of_7_device_corruptions,5,0.55,0.30770683229813667,0.08445063804945259,5,0.2631540722146951,0.05984462148393298,0.36825396825396817,0.060037198616207384
secondary/exploratory,hushem,resnet50,equal_mean_of_7_device_corruptions,5,0.56,0.31159809523809523,0.08464147233479737,5,0.2631540722146951,0.05984462148393298,0.36825396825396817,0.060037198616207384
secondary/exploratory,hushem,resnet50,equal_mean_of_7_device_corruptions,5,0.5700000000000001,0.31371663003663003,0.08380126671288561,5,0.2631540722146951,0.05984462148393298,0.36825396825396817,0.060037198616207384
secondary/exploratory,hushem,resnet50,equal_mean_of_7_device_corruptions,5,0.58,0.3162057142857143,0.08223096430053538,5,0.2631540722146951,0.05984462148393298,0.36825396825396817,0.060037198616207384
secondary/exploratory,hushem,resnet50,equal_mean_of_7_device_corruptions,5,0.59,0.3193995604395604,0.08143080341886216,5,0.2631540722146951,0.05984462148393298,0.36825396825396817,0.060037198616207384
secondary/exploratory,hushem,resnet50,equal_mean_of_7_device_corruptions,5,0.6,0.32349694749694746,0.07929025269454892,5,0.2631540722146951,0.05984462148393298,0.36825396825396817,0.060037198616207384
secondary/exploratory,hushem,resnet50,equal_mean_of_7_device_corruptions,5,0.61,0.3270891330891331,0.07648365261314116,5,0.2631540722146951,0.05984462148393298,0.36825396825396817,0.060037198616207384
secondary/exploratory,hushem,resnet50,equal_mean_of_7_device_corruptions,5,0.62,0.3295238095238095,0.07450280663352617,5,0.2631540722146951,0.05984462148393298,0.36825396825396817,0.060037198616207384
secondary/exploratory,hushem,resnet50,equal_mean_of_7_device_corruptions,5,0.63,0.3315668934240363,0.07323244562567538,5,0.2631540722146951,0.05984462148393298,0.36825396825396817,0.060037198616207384
secondary/exploratory,hushem,resnet50,equal_mean_of_7_device_corruptions,5,0.64,0.33351536476659627,0.07161640877818812,5,0.2631540722146951,0.05984462148393298,0.36825396825396817,0.060037198616207384
secondary/exploratory,hushem,resnet50,equal_mean_of_7_device_corruptions,5,0.65,0.3354331847681601,0.07017981769605787,5,0.2631540722146951,0.05984462148393298,0.36825396825396817,0.060037198616207384
secondary/exploratory,hushem,resnet50,equal_mean_of_7_device_corruptions,5,0.66,0.3361085620455079,0.0692655419243174,5,0.2631540722146951,0.05984462148393298,0.36825396825396817,0.060037198616207384
secondary/exploratory,hushem,resnet50,equal_mean_of_7_device_corruptions,5,0.67,0.3362056298381422,0.06952418737820538,5,0.2631540722146951,0.05984462148393298,0.36825396825396817,0.060037198616207384
secondary/exploratory,hushem,resnet50,equal_mean_of_7_device_corruptions,5,0.68,0.33722036124794746,0.06978317455831244,5,0.2631540722146951,0.05984462148393298,0.36825396825396817,0.060037198616207384
secondary/exploratory,hushem,resnet50,equal_mean_of_7_device_corruptions,5,0.6900000000000001,0.3402788495153345,0.06727571644216603,5,0.2631540722146951,0.05984462148393298,0.36825396825396817,0.060037198616207384
secondary/exploratory,hushem,resnet50,equal_mean_of_7_device_corruptions,5,0.7000000000000001,0.34415975422427036,0.06481692588356869,5,0.2631540722146951,0.05984462148393298,0.36825396825396817,0.060037198616207384
secondary/exploratory,hushem,resnet50,equal_mean_of_7_device_corruptions,5,0.71,0.3492987711213517,0.06531792798445793,5,0.2631540722146951,0.05984462148393298,0.36825396825396817,0.060037198616207384
secondary/exploratory,hushem,resnet50,equal_mean_of_7_device_corruptions,5,0.72,0.35402956989247314,0.06678556929756456,5,0.2631540722146951,0.05984462148393298,0.36825396825396817,0.060037198616207384
secondary/exploratory,hushem,resnet50,equal_mean_of_7_device_corruptions,5,0.73,0.3567872591118559,0.06480719211283706,5,0.2631540722146951,0.05984462148393298,0.36825396825396817,0.060037198616207384
secondary/exploratory,hushem,resnet50,equal_mean_of_7_device_corruptions,5,0.74,0.35930444421170227,0.0626082105049656,5,0.2631540722146951,0.05984462148393298,0.36825396825396817,0.060037198616207384
secondary/exploratory,hushem,resnet50,equal_mean_of_7_device_corruptions,5,0.75,0.36132981601731606,0.060406671950335666,5,0.2631540722146951,0.05984462148393298,0.36825396825396817,0.060037198616207384
secondary/exploratory,hushem,resnet50,equal_mean_of_7_device_corruptions,5,0.76,0.36221186656480775,0.059808810727309744,5,0.2631540722146951,0.05984462148393298,0.36825396825396817,0.060037198616207384
secondary/exploratory,hushem,resnet50,equal_mean_of_7_device_corruptions,5,0.77,0.36261930226636113,0.05922836928643915,5,0.2631540722146951,0.05984462148393298,0.36825396825396817,0.060037198616207384
secondary/exploratory,hushem,resnet50,equal_mean_of_7_device_corruptions,5,0.78,0.36190493652006256,0.057936683533975734,5,0.2631540722146951,0.05984462148393298,0.36825396825396817,0.060037198616207384
secondary/exploratory,hushem,resnet50,equal_mean_of_7_device_corruptions,5,0.79,0.36128765688093417,0.05644582757777392,5,0.2631540722146951,0.05984462148393298,0.36825396825396817,0.060037198616207384
secondary/exploratory,hushem,resnet50,equal_mean_of_7_device_corruptions,5,0.8,0.3641477924503135,0.057606098941371316,5,0.2631540722146951,0.05984462148393298,0.36825396825396817,0.060037198616207384
secondary/exploratory,hushem,resnet50,equal_mean_of_7_device_corruptions,5,0.81,0.3670784580498866,0.05937054733084924,5,0.2631540722146951,0.05984462148393298,0.36825396825396817,0.060037198616207384
secondary/exploratory,hushem,resnet50,equal_mean_of_7_device_corruptions,5,0.8200000000000001,0.3694161304161304,0.059907849812122875,5,0.2631540722146951,0.05984462148393298,0.36825396825396817,0.060037198616207384
secondary/exploratory,hushem,resnet50,equal_mean_of_7_device_corruptions,5,0.8300000000000001,0.3718397683397684,0.05870154833360752,5,0.2631540722146951,0.05984462148393298,0.36825396825396817,0.060037198616207384
secondary/exploratory,hushem,resnet50,equal_mean_of_7_device_corruptions,5,0.84,0.3745156585156585,0.05779488569836578,5,0.2631540722146951,0.05984462148393298,0.36825396825396817,0.060037198616207384
secondary/exploratory,hushem,resnet50,equal_mean_of_7_device_corruptions,5,0.85,0.3775081284291811,0.05826622319251085,5,0.2631540722146951,0.05984462148393298,0.36825396825396817,0.060037198616207384
secondary/exploratory,hushem,resnet50,equal_mean_of_7_device_corruptions,5,0.86,0.3804670911513017,0.058820827177219245,5,0.2631540722146951,0.05984462148393298,0.36825396825396817,0.060037198616207384
secondary/exploratory,hushem,resnet50,equal_mean_of_7_device_corruptions,5,0.87,0.38256515509147093,0.059855533330390474,5,0.2631540722146951,0.05984462148393298,0.36825396825396817,0.060037198616207384
secondary/exploratory,hushem,resnet50,equal_mean_of_7_device_corruptions,5,0.88,0.3844008566113829,0.06141394029568118,5,0.2631540722146951,0.05984462148393298,0.36825396825396817,0.060037198616207384
secondary/exploratory,hushem,resnet50,equal_mean_of_7_device_corruptions,5,0.89,0.3861203007518797,0.062381190036200934,5,0.2631540722146951,0.05984462148393298,0.36825396825396817,0.060037198616207384
secondary/exploratory,hushem,resnet50,equal_mean_of_7_device_corruptions,5,0.9,0.3881742818584924,0.06216575341518273,5,0.2631540722146951,0.05984462148393298,0.36825396825396817,0.060037198616207384
secondary/exploratory,hushem,resnet50,equal_mean_of_7_device_corruptions,5,0.91,0.39048267220584293,0.06182353014486009,5,0.2631540722146951,0.05984462148393298,0.36825396825396817,0.060037198616207384
secondary/exploratory,hushem,resnet50,equal_mean_of_7_device_corruptions,5,0.92,0.3933561690342179,0.061154632676175845,5,0.2631540722146951,0.05984462148393298,0.36825396825396817,0.060037198616207384
secondary/exploratory,hushem,resnet50,equal_mean_of_7_device_corruptions,5,0.93,0.3962296658625927,0.06053738414575787,5,0.2631540722146951,0.05984462148393298,0.36825396825396817,0.060037198616207384
secondary/exploratory,hushem,resnet50,equal_mean_of_7_device_corruptions,5,0.9400000000000001,0.3992164758586362,0.060081192870406634,5,0.2631540722146951,0.05984462148393298,0.36825396825396817,0.060037198616207384
secondary/exploratory,hushem,resnet50,equal_mean_of_7_device_corruptions,5,0.9500000000000001,0.4022498340799735,0.059616528820873246,5,0.2631540722146951,0.05984462148393298,0.36825396825396817,0.060037198616207384
secondary/exploratory,hushem,resnet50,equal_mean_of_7_device_corruptions,5,0.96,0.40579655117861096,0.05970839175330227,5,0.2631540722146951,0.05984462148393298,0.36825396825396817,0.060037198616207384
secondary/exploratory,hushem,resnet50,equal_mean_of_7_device_corruptions,5,0.97,0.4095641512418921,0.06021963818853494,5,0.2631540722146951,0.05984462148393298,0.36825396825396817,0.060037198616207384
secondary/exploratory,hushem,resnet50,equal_mean_of_7_device_corruptions,5,0.98,0.4131529821230818,0.06023771794896808,5,0.2631540722146951,0.05984462148393298,0.36825396825396817,0.060037198616207384
secondary/exploratory,hushem,resnet50,equal_mean_of_7_device_corruptions,5,0.99,0.41646021199177347,0.0589915660287796,5,0.2631540722146951,0.05984462148393298,0.36825396825396817,0.060037198616207384
secondary/exploratory,hushem,resnet50,equal_mean_of_7_device_corruptions,5,1.0,0.41976744186046516,0.05778128829727443,5,0.2631540722146951,0.05984462148393298,0.36825396825396817,0.060037198616207384
secondary/exploratory,smids,mobilenet_v3_large,clean,0,0.0,0.0,0.0,3,0.03319343990920487,0.00842444814974691,0.05416666666666664,0.014433756729740645
secondary/exploratory,smids,mobilenet_v3_large,clean,0,0.01,0.0,0.0,3,0.03319343990920487,0.00842444814974691,0.05416666666666664,0.014433756729740645
secondary/exploratory,smids,mobilenet_v3_large,clean,0,0.02,0.0,0.0,3,0.03319343990920487,0.00842444814974691,0.05416666666666664,0.014433756729740645
secondary/exploratory,smids,mobilenet_v3_large,clean,0,0.03,0.0,0.0,3,0.03319343990920487,0.00842444814974691,0.05416666666666664,0.014433756729740645
secondary/exploratory,smids,mobilenet_v3_large,clean,0,0.04,0.0,0.0,3,0.03319343990920487,0.00842444814974691,0.05416666666666664,0.014433756729740645
secondary/exploratory,smids,mobilenet_v3_large,clean,0,0.05,0.0,0.0,3,0.03319343990920487,0.00842444814974691,0.05416666666666664,0.014433756729740645
secondary/exploratory,smids,mobilenet_v3_large,clean,0,0.06,0.0,0.0,3,0.03319343990920487,0.00842444814974691,0.05416666666666664,0.014433756729740645
secondary/exploratory,smids,mobilenet_v3_large,clean,0,0.07,0.0,0.0,3,0.03319343990920487,0.00842444814974691,0.05416666666666664,0.014433756729740645
secondary/exploratory,smids,mobilenet_v3_large,clean,0,0.08,0.0,0.0,3,0.03319343990920487,0.00842444814974691,0.05416666666666664,0.014433756729740645
secondary/exploratory,smids,mobilenet_v3_large,clean,0,0.09,0.0,0.0,3,0.03319343990920487,0.00842444814974691,0.05416666666666664,0.014433756729740645
secondary/exploratory,smids,mobilenet_v3_large,clean,0,0.1,0.0,0.0,3,0.03319343990920487,0.00842444814974691,0.05416666666666664,0.014433756729740645
secondary/exploratory,smids,mobilenet_v3_large,clean,0,0.11,0.0,0.0,3,0.03319343990920487,0.00842444814974691,0.05416666666666664,0.014433756729740645
secondary/exploratory,smids,mobilenet_v3_large,clean,0,0.12,0.0,0.0,3,0.03319343990920487,0.00842444814974691,0.05416666666666664,0.014433756729740645
secondary/exploratory,smids,mobilenet_v3_large,clean,0,0.13,0.0,0.0,3,0.03319343990920487,0.00842444814974691,0.05416666666666664,0.014433756729740645
secondary/exploratory,smids,mobilenet_v3_large,clean,0,0.14,0.007936507936507936,0.013746434980705375,3,0.03319343990920487,0.00842444814974691,0.05416666666666664,0.014433756729740645
secondary/exploratory,smids,mobilenet_v3_large,clean,0,0.15,0.007407407407407408,0.012830005981991684,3,0.03319343990920487,0.00842444814974691,0.05416666666666664,0.014433756729740645
secondary/exploratory,smids,mobilenet_v3_large,clean,0,0.16,0.006944444444444444,0.012028130608117204,3,0.03319343990920487,0.00842444814974691,0.05416666666666664,0.014433756729740645
secondary/exploratory,smids,mobilenet_v3_large,clean,0,0.17,0.006535947712418301,0.011320593513522074,3,0.03319343990920487,0.00842444814974691,0.05416666666666664,0.014433756729740645
secondary/exploratory,smids,mobilenet_v3_large,clean,0,0.18,0.006172839506172839,0.010691671651659736,3,0.03319343990920487,0.00842444814974691,0.05416666666666664,0.014433756729740645
secondary/exploratory,smids,mobilenet_v3_large,clean,0,0.19,0.005847953216374269,0.010128952091046067,3,0.03319343990920487,0.00842444814974691,0.05416666666666664,0.014433756729740645
secondary/exploratory,smids,mobilenet_v3_large,clean,0,0.2,0.005555555555555556,0.009622504486493762,3,0.03319343990920487,0.00842444814974691,0.05416666666666664,0.014433756729740645
secondary/exploratory,smids,mobilenet_v3_large,clean,0,0.21,0.021164021164021163,0.009164289987136916,3,0.03319343990920487,0.00842444814974691,0.05416666666666664,0.014433756729740645
secondary/exploratory,smids,mobilenet_v3_large,clean,0,0.22,0.020202020202020204,0.008747731351357967,3,0.03319343990920487,0.00842444814974691,0.05416666666666664,0.014433756729740645
secondary/exploratory,smids,mobilenet_v3_large,clean,0,0.23,0.01932367149758454,0.008367395205646751,3,0.03319343990920487,0.00842444814974691,0.05416666666666664,0.014433756729740645
secondary/exploratory,smids,mobilenet_v3_large,clean,0,0.24,0.018518518518518517,0.008018753738744801,3,0.03319343990920487,0.00842444814974691,0.05416666666666664,0.014433756729740645
secondary/exploratory,smids,mobilenet_v3_large,clean,0,0.25,0.017777777777777778,0.007698003589195011,3,0.03319343990920487,0.00842444814974691,0.05416666666666664,0.014433756729740645
secondary/exploratory,smids,mobilenet_v3_large,clean,0,0.26,0.017094017094017092,0.007401926528072125,3,0.03319343990920487,0.00842444814974691,0.05416666666666664,0.014433756729740645
secondary/exploratory,smids,mobilenet_v3_large,clean,0,0.27,0.016460905349794237,0.00712778110110649,3,0.03319343990920487,0.00842444814974691,0.05416666666666664,0.014433756729740645
secondary/exploratory,smids,mobilenet_v3_large,clean,0,0.28,0.015873015873015872,0.006873217490352687,3,0.03319343990920487,0.00842444814974691,0.05416666666666664,0.014433756729740645
secondary/exploratory,smids,mobilenet_v3_large,clean,0,0.29,0.01532567049808429,0.006636209990685354,3,0.03319343990920487,0.00842444814974691,0.05416666666666664,0.014433756729740645
secondary/exploratory,smids,mobilenet_v3_large,clean,0,0.3,0.014814814814814815,0.006415002990995842,3,0.03319343990920487,0.00842444814974691,0.05416666666666664,0.014433756729740645
secondary/exploratory,smids,mobilenet_v3_large,clean,0,0.31,0.014336917562724016,0.0062080674106411386,3,0.03319343990920487,0.00842444814974691,0.05416666666666664,0.014433756729740645
secondary/exploratory,smids,mobilenet_v3_large,clean,0,0.32,0.013888888888888888,0.006014065304058601,3,0.03319343990920487,0.00842444814974691,0.05416666666666664,0.014433756729740645
secondary/exploratory,smids,mobilenet_v3_large,clean,0,0.33,0.01346801346801347,0.005831820900905312,3,0.03319343990920487,0.00842444814974691,0.05416666666666664,0.014433756729740645
secondary/exploratory,smids,mobilenet_v3_large,clean,0,0.34,0.016339869281045753,0.005660296756761037,3,0.03319343990920487,0.00842444814974691,0.05416666666666664,0.014433756729740645
secondary/exploratory,smids,mobilenet_v3_large,clean,0,0.35000000000000003,0.019047619047619046,0.009523809523809523,3,0.03319343990920487,0.00842444814974691,0.05416666666666664,0.014433756729740645
secondary/exploratory,smids,mobilenet_v3_large,clean,0,0.36,0.018518518518518517,0.009259259259259259,3,0.03319343990920487,0.00842444814974691,0.05416666666666664,0.014433756729740645
secondary/exploratory,smids,mobilenet_v3_large,clean,0,0.37,0.018018018018018018,0.009009009009009009,3,0.03319343990920487,0.00842444814974691,0.05416666666666664,0.014433756729740645
secondary/exploratory,smids,mobilenet_v3_large,clean,0,0.38,0.017543859649122806,0.008771929824561403,3,0.03319343990920487,0.00842444814974691,0.05416666666666664,0.014433756729740645
secondary/exploratory,smids,mobilenet_v3_large,clean,0,0.39,0.017094017094017092,0.008547008547008546,3,0.03319343990920487,0.00842444814974691,0.05416666666666664,0.014433756729740645
secondary/exploratory,smids,mobilenet_v3_large,clean,0,0.4,0.022222222222222223,0.01272937693043289,3,0.03319343990920487,0.00842444814974691,0.05416666666666664,0.014433756729740645
secondary/exploratory,smids,mobilenet_v3_large,clean,0,0.41000000000000003,0.021680216802168018,0.012418904322373548,3,0.03319343990920487,0.00842444814974691,0.05416666666666664,0.014433756729740645
secondary/exploratory,smids,mobilenet_v3_large,clean,0,0.42,0.021164021164021163,0.012123216124221799,3,0.03319343990920487,0.00842444814974691,0.05416666666666664,0.014433756729740645
secondary/exploratory,smids,mobilenet_v3_large,clean,0,0.43,0.020671834625323,0.011841280865518966,3,0.03319343990920487,0.00842444814974691,0.05416666666666664,0.014433756729740645
secondary/exploratory,smids,mobilenet_v3_large,clean,0,0.44,0.022727272727272724,0.007575757575757576,3,0.03319343990920487,0.00842444814974691,0.05416666666666664,0.014433756729740645
secondary/exploratory,smids,mobilenet_v3_large,clean,0,0.45,0.022222222222222223,0.007407407407407408,3,0.03319343990920487,0.00842444814974691,0.05416666666666664,0.014433756729740645
secondary/exploratory,smids,mobilenet_v3_large,clean,0,0.46,0.021739130434782608,0.007246376811594203,3,0.03319343990920487,0.00842444814974691,0.05416666666666664,0.014433756729740645
secondary/exploratory,smids,mobilenet_v3_large,clean,0,0.47000000000000003,0.02127659574468085,0.007092198581560283,3,0.03319343990920487,0.00842444814974691,0.05416666666666664,0.014433756729740645
secondary/exploratory,smids,mobilenet_v3_large,clean,0,0.48,0.020833333333333332,0.006944444444444444,3,0.03319343990920487,0.00842444814974691,0.05416666666666664,0.014433756729740645
secondary/exploratory,smids,mobilenet_v3_large,clean,0,0.49,0.02040816326530612,0.006802721088435374,3,0.03319343990920487,0.00842444814974691,0.05416666666666664,0.014433756729740645
secondary/exploratory,smids,mobilenet_v3_large,clean,0,0.5,0.02,0.006666666666666667,3,0.03319343990920487,0.00842444814974691,0.05416666666666664,0.014433756729740645
secondary/exploratory,smids,mobilenet_v3_large,clean,0,0.51,0.023965141612200435,0.0037735311711740247,3,0.03319343990920487,0.00842444814974691,0.05416666666666664,0.014433756729740645
secondary/exploratory,smids,mobilenet_v3_large,clean,0,0.52,0.027777777777777776,0.0037009632640360615,3,0.03319343990920487,0.00842444814974691,0.05416666666666664,0.014433756729740645
secondary/exploratory,smids,mobilenet_v3_large,clean,0,0.53,0.029350104821802937,0.0036311337684882122,3,0.03319343990920487,0.00842444814974691,0.05416666666666664,0.014433756729740645
secondary/exploratory,smids,mobilenet_v3_large,clean,0,0.54,0.030864197530864196,0.006172839506172839,3,0.03319343990920487,0.00842444814974691,0.05416666666666664,0.014433756729740645
secondary/exploratory,smids,mobilenet_v3_large,clean,0,0.55,0.030303030303030304,0.00606060606060606,3,0.03319343990920487,0.00842444814974691,0.05416666666666664,0.014433756729740645
secondary/exploratory,smids,mobilenet_v3_large,clean,0,0.56,0.031746031746031744,0.0034366087451763445,3,0.03319343990920487,0.00842444814974691,0.05416666666666664,0.014433756729740645
secondary/exploratory,smids,mobilenet_v3_large,clean,0,0.5700000000000001,0.031189083820662756,0.0033763173636820218,3,0.03319343990920487,0.00842444814974691,0.05416666666666664,0.014433756729740645
secondary/exploratory,smids,mobilenet_v3_large,clean,0,0.58,0.032567049808429116,0.006636209990685354,3,0.03319343990920487,0.00842444814974691,0.05416666666666664,0.014433756729740645
secondary/exploratory,smids,mobilenet_v3_large,clean,0,0.59,0.032015065913371,0.006523731855250011,3,0.03319343990920487,0.00842444814974691,0.05416666666666664,0.014433756729740645
secondary/exploratory,smids,mobilenet_v3_large,clean,0,0.6,0.03148148148148148,0.006415002990995842,3,0.03319343990920487,0.00842444814974691,0.05416666666666664,0.014433756729740645
secondary/exploratory,smids,mobilenet_v3_large,clean,0,0.61,0.03642987249544626,0.01137522404079854,3,0.03319343990920487,0.00842444814974691,0.05416666666666664,0.014433756729740645
secondary/exploratory,smids,mobilenet_v3_large,clean,0,0.62,0.03763440860215054,0.01075268817204301,3,0.03319343990920487,0.00842444814974691,0.05416666666666664,0.014433756729740645
secondary/exploratory,smids,mobilenet_v3_large,clean,0,0.63,0.03880070546737213,0.011014105817281124,3,0.03319343990920487,0.00842444814974691,0.05416666666666664,0.014433756729740645
secondary/exploratory,smids,mobilenet_v3_large,clean,0,0.64,0.03819444444444444,0.010842010413886105,3,0.03319343990920487,0.00842444814974691,0.05416666666666664,0.014433756729740645
secondary/exploratory,smids,mobilenet_v3_large,clean,0,0.65,0.039316239316239315,0.007833462726420238,3,0.03319343990920487,0.00842444814974691,0.05416666666666664,0.014433756729740645
secondary/exploratory,smids,mobilenet_v3_large,clean,0,0.66,0.03872053872053872,0.007714773897232052,3,0.03319343990920487,0.00842444814974691,0.05416666666666664,0.014433756729740645
secondary/exploratory,smids,mobilenet_v3_large,clean,0,0.67,0.03814262023217247,0.007599628018168889,3,0.03319343990920487,0.00842444814974691,0.05416666666666664,0.014433756729740645
secondary/exploratory,smids,mobilenet_v3_large,clean,0,0.68,0.04084967320261438,0.01020424509542222,3,0.03319343990920487,0.00842444814974691,0.05416666666666664,0.014433756729740645
secondary/exploratory,smids,mobilenet_v3_large,clean,0,0.6900000000000001,0.04025764895330112,0.010056357485343637,3,0.03319343990920487,0.00842444814974691,0.05416666666666664,0.014433756729740645
secondary/exploratory,smids,mobilenet_v3_large,clean,0,0.7000000000000001,0.04126984126984126,0.010997147984564297,3,0.03319343990920487,0.00842444814974691,0.05416666666666664,0.014433756729740645
secondary/exploratory,smids,mobilenet_v3_large,clean,0,0.71,0.045383411580594675,0.015091785228470978,3,0.03319343990920487,0.00842444814974691,0.05416666666666664,0.014433756729740645
secondary/exploratory,smids,mobilenet_v3_large,clean,0,0.72,0.044753086419753084,0.01488217710029777,3,0.03319343990920487,0.00842444814974691,0.05416666666666664,0.014433756729740645
secondary/exploratory,smids,mobilenet_v3_large,clean,0,0.73,0.0441400304414003,0.014678311660567663,3,0.03319343990920487,0.00842444814974691,0.05416666666666664,0.014433756729740645
secondary/exploratory,smids,mobilenet_v3_large,clean,0,0.74,0.04504504504504505,0.016241221961549503,3,0.03319343990920487,0.00842444814974691,0.05416666666666664,0.014433756729740645
secondary/exploratory,smids,mobilenet_v3_large,clean,0,0.75,0.047407407407407405,0.015608375930152204,3,0.03319343990920487,0.00842444814974691,0.05416666666666664,0.014433756729740645
secondary/exploratory,smids,mobilenet_v3_large,clean,0,0.76,0.048245614035087724,0.017543859649122806,3,0.03319343990920487,0.00842444814974691,0.05416666666666664,0.014433756729740645
secondary/exploratory,smids,mobilenet_v3_large,clean,0,0.77,0.049062049062049064,0.01952056170053201,3,0.03319343990920487,0.00842444814974691,0.05416666666666664,0.014433756729740645
secondary/exploratory,smids,mobilenet_v3_large,clean,0,0.78,0.05128205128205129,0.015408338784034145,3,0.03319343990920487,0.00842444814974691,0.05416666666666664,0.014433756729740645
secondary/exploratory,smids,mobilenet_v3_large,clean,0,0.79,0.052039381153305204,0.017566801683258502,3,0.03319343990920487,0.00842444814974691,0.05416666666666664,0.014433756729740645
secondary/exploratory,smids,mobilenet_v3_large,clean,0,0.8,0.05416666666666667,0.014433756729740645,3,0.03319343990920487,0.00842444814974691,0.05416666666666664,0.014433756729740645
secondary/exploratory,smids,mobilenet_v3_large,clean,0,0.81,0.053497942386831275,0.01425556220221298,3,0.03319343990920487,0.00842444814974691,0.05416666666666664,0.014433756729740645
secondary/exploratory,smids,mobilenet_v3_large,clean,0,0.8200000000000001,0.0582655826558266,0.01642866619645284,3,0.03319343990920487,0.00842444814974691,0.05416666666666664,0.014433756729740645
secondary/exploratory,smids,mobilenet_v3_large,clean,0,0.8300000000000001,0.05890227576974569,0.01854940623902408,3,0.03319343990920487,0.00842444814974691,0.05416666666666664,0.014433756729740645
secondary/exploratory,smids,mobilenet_v3_large,clean,0,0.84,0.06084656084656084,0.016037507477489603,3,0.03319343990920487,0.00842444814974691,0.05416666666666664,0.014433756729740645
secondary/exploratory,smids,mobilenet_v3_large,clean,0,0.85,0.06535947712418301,0.014846819204706598,3,0.03319343990920487,0.00842444814974691,0.05416666666666664,0.014433756729740645
secondary/exploratory,smids,mobilenet_v3_large,clean,0,0.86,0.06459948320413438,0.014674181772093732,3,0.03319343990920487,0.00842444814974691,0.05416666666666664,0.014433756729740645
secondary/exploratory,smids,mobilenet_v3_large,clean,0,0.87,0.06896551724137931,0.01327241998137071,3,0.03319343990920487,0.00842444814974691,0.05416666666666664,0.014433756729740645
secondary/exploratory,smids,mobilenet_v3_large,clean,0,0.88,0.0707070707070707,0.010934664189197458,3,0.03319343990920487,0.00842444814974691,0.05416666666666664,0.014433756729740645
secondary/exploratory,smids,mobilenet_v3_large,clean,0,0.89,0.07116104868913858,0.012974163352575861,3,0.03319343990920487,0.00842444814974691,0.05416666666666664,0.014433756729740645
secondary/exploratory,smids,mobilenet_v3_large,clean,0,0.9,0.07530864197530864,0.01300697994179351,3,0.03319343990920487,0.00842444814974691,0.05416666666666664,0.014433756729740645
secondary/exploratory,smids,mobilenet_v3_large,clean,0,0.91,0.07936507936507936,0.01386790804835231,3,0.03319343990920487,0.00842444814974691,0.05416666666666664,0.014433756729740645
secondary/exploratory,smids,mobilenet_v3_large,clean,0,0.92,0.08454106280193237,0.01164692120892869,3,0.03319343990920487,0.00842444814974691,0.05416666666666664,0.014433756729740645
secondary/exploratory,smids,mobilenet_v3_large,clean,0,0.93,0.08721624850657107,0.014485490624829319,3,0.03319343990920487,0.00842444814974691,0.05416666666666664,0.014433756729740645
secondary/exploratory,smids,mobilenet_v3_large,clean,0,0.9400000000000001,0.08865248226950362,0.015457088452271818,3,0.03319343990920487,0.00842444814974691,0.05416666666666664,0.014433756729740645
secondary/exploratory,smids,mobilenet_v3_large,clean,0,0.9500000000000001,0.09473684210526319,0.012154742509255249,3,0.03319343990920487,0.00842444814974691,0.05416666666666664,0.014433756729740645
secondary/exploratory,smids,mobilenet_v3_large,clean,0,0.96,0.09722222222222221,0.0120281306081172,3,0.03319343990920487,0.00842444814974691,0.05416666666666664,0.014433756729740645
secondary/exploratory,smids,mobilenet_v3_large,clean,0,0.97,0.09965635738831614,0.011904129261641765,3,0.03319343990920487,0.00842444814974691,0.05416666666666664,0.014433756729740645
secondary/exploratory,smids,mobilenet_v3_large,clean,0,0.98,0.10317460317460318,0.014160993193647156,3,0.03319343990920487,0.00842444814974691,0.05416666666666664,0.014433756729740645
secondary/exploratory,smids,mobilenet_v3_large,clean,0,0.99,0.10549943883277217,0.013607582102112393,3,0.03319343990920487,0.00842444814974691,0.05416666666666664,0.014433756729740645
secondary/exploratory,smids,mobilenet_v3_large,clean,0,1.0,0.11111111111111112,0.01644294287438749,3,0.03319343990920487,0.00842444814974691,0.05416666666666664,0.014433756729740645
secondary/exploratory,smids,mobilenet_v3_large,equal_mean_of_7_device_corruptions,1,0.0,0.0,0.0,3,0.042996774188397625,0.004516499988212538,0.07480158730158727,0.004507070115714496
secondary/exploratory,smids,mobilenet_v3_large,equal_mean_of_7_device_corruptions,1,0.01,0.0,0.0,3,0.042996774188397625,0.004516499988212538,0.07480158730158727,0.004507070115714496
secondary/exploratory,smids,mobilenet_v3_large,equal_mean_of_7_device_corruptions,1,0.02,0.0,0.0,3,0.042996774188397625,0.004516499988212538,0.07480158730158727,0.004507070115714496
secondary/exploratory,smids,mobilenet_v3_large,equal_mean_of_7_device_corruptions,1,0.03,0.0,0.0,3,0.042996774188397625,0.004516499988212538,0.07480158730158727,0.004507070115714496
secondary/exploratory,smids,mobilenet_v3_large,equal_mean_of_7_device_corruptions,1,0.04,0.003968253968253968,0.006873217490352687,3,0.042996774188397625,0.004516499988212538,0.07480158730158727,0.004507070115714496
secondary/exploratory,smids,mobilenet_v3_large,equal_mean_of_7_device_corruptions,1,0.05,0.003174603174603174,0.005498573992282149,3,0.042996774188397625,0.004516499988212538,0.07480158730158727,0.004507070115714496
secondary/exploratory,smids,mobilenet_v3_large,equal_mean_of_7_device_corruptions,1,0.06,0.0026455026455026454,0.004582144993568458,3,0.042996774188397625,0.004516499988212538,0.07480158730158727,0.004507070115714496
secondary/exploratory,smids,mobilenet_v3_large,equal_mean_of_7_device_corruptions,1,0.07,0.0045351473922902496,0.003927552851630107,3,0.042996774188397625,0.004516499988212538,0.07480158730158727,0.004507070115714496
secondary/exploratory,smids,mobilenet_v3_large,equal_mean_of_7_device_corruptions,1,0.08,0.007936507936507936,0.009092412093166349,3,0.042996774188397625,0.004516499988212538,0.07480158730158727,0.004507070115714496
secondary/exploratory,smids,mobilenet_v3_large,equal_mean_of_7_device_corruptions,1,0.09,0.007054673721340388,0.008082144082814532,3,0.042996774188397625,0.004516499988212538,0.07480158730158727,0.004507070115714496
secondary/exploratory,smids,mobilenet_v3_large,equal_mean_of_7_device_corruptions,1,0.1,0.00634920634920635,0.00727392967453308,3,0.042996774188397625,0.004516499988212538,0.07480158730158727,0.004507070115714496
secondary/exploratory,smids,mobilenet_v3_large,equal_mean_of_7_device_corruptions,1,0.11,0.005772005772005772,0.006612663340484618,3,0.042996774188397625,0.004516499988212538,0.07480158730158727,0.004507070115714496
secondary/exploratory,smids,mobilenet_v3_large,equal_mean_of_7_device_corruptions,1,0.12,0.005291005291005291,0.006061608062110899,3,0.042996774188397625,0.004516499988212538,0.07480158730158727,0.004507070115714496
secondary/exploratory,smids,mobilenet_v3_large,equal_mean_of_7_device_corruptions,1,0.13,0.006105006105006105,0.0055953305188716,3,0.042996774188397625,0.004516499988212538,0.07480158730158727,0.004507070115714496
secondary/exploratory,smids,mobilenet_v3_large,equal_mean_of_7_device_corruptions,1,0.14,0.006802721088435375,0.006802721088435374,3,0.042996774188397625,0.004516499988212538,0.07480158730158727,0.004507070115714496
secondary/exploratory,smids,mobilenet_v3_large,equal_mean_of_7_device_corruptions,1,0.15,0.008465608465608466,0.0073314319897095324,3,0.042996774188397625,0.004516499988212538,0.07480158730158727,0.004507070115714496
secondary/exploratory,smids,mobilenet_v3_large,equal_mean_of_7_device_corruptions,1,0.16,0.008928571428571428,0.007874259854358901,3,0.042996774188397625,0.004516499988212538,0.07480158730158727,0.004507070115714496
secondary/exploratory,smids,mobilenet_v3_large,equal_mean_of_7_device_corruptions,1,0.17,0.009337068160597572,0.00808613822394434,3,0.042996774188397625,0.004516499988212538,0.07480158730158727,0.004507070115714496
secondary/exploratory,smids,mobilenet_v3_large,equal_mean_of_7_device_corruptions,1,0.18,0.009700176366843033,0.008504101200170153,3,0.042996774188397625,0.004516499988212538,0.07480158730158727,0.004507070115714496
secondary/exploratory,smids,mobilenet_v3_large,equal_mean_of_7_device_corruptions,1,0.19,0.009189640768588136,0.008056516926476989,3,0.042996774188397625,0.004516499988212538,0.07480158730158727,0.004507070115714496
secondary/exploratory,smids,mobilenet_v3_large,equal_mean_of_7_device_corruptions,1,0.2,0.011904761904761904,0.007142857142857143,3,0.042996774188397625,0.004516499988212538,0.07480158730158727,0.004507070115714496
secondary/exploratory,smids,mobilenet_v3_large,equal_mean_of_7_device_corruptions,1,0.21,0.012849584278155706,0.005706601991890211,3,0.042996774188397625,0.004516499988212538,0.07480158730158727,0.004507070115714496
secondary/exploratory,smids,mobilenet_v3_large,equal_mean_of_7_device_corruptions,1,0.22,0.012987012987012986,0.004329004329004329,3,0.042996774188397625,0.004516499988212538,0.07480158730158727,0.004507070115714496
secondary/exploratory,smids,mobilenet_v3_large,equal_mean_of_7_device_corruptions,1,0.23,0.012422360248447206,0.004140786749482402,3,0.042996774188397625,0.004516499988212538,0.07480158730158727,0.004507070115714496
secondary/exploratory,smids,mobilenet_v3_large,equal_mean_of_7_device_corruptions,1,0.24,0.012566137566137565,0.004993276742903935,3,0.042996774188397625,0.004516499988212538,0.07480158730158727,0.004507070115714496
secondary/exploratory,smids,mobilenet_v3_large,equal_mean_of_7_device_corruptions,1,0.25,0.0126984126984127,0.004793545673187777,3,0.042996774188397625,0.004516499988212538,0.07480158730158727,0.004507070115714496
secondary/exploratory,smids,mobilenet_v3_large,equal_mean_of_7_device_corruptions,1,0.26,0.012820512820512818,0.005494505494505493,3,0.042996774188397625,0.004516499988212538,0.07480158730158727,0.004507070115714496
secondary/exploratory,smids,mobilenet_v3_large,equal_mean_of_7_device_corruptions,1,0.27,0.013521457965902409,0.005669400800113435,3,0.042996774188397625,0.004516499988212538,0.07480158730158727,0.004507070115714496
secondary/exploratory,smids,mobilenet_v3_large,equal_mean_of_7_device_corruptions,1,0.28,0.013038548752834465,0.005466922200109383,3,0.042996774188397625,0.004516499988212538,0.07480158730158727,0.004507070115714496
secondary/exploratory,smids,mobilenet_v3_large,equal_mean_of_7_device_corruptions,1,0.29,0.014230979748221129,0.005766641353504509,3,0.042996774188397625,0.004516499988212538,0.07480158730158727,0.004507070115714496
secondary/exploratory,smids,mobilenet_v3_large,equal_mean_of_7_device_corruptions,1,0.3,0.013756613756613757,0.005574419975054358,3,0.042996774188397625,0.004516499988212538,0.07480158730158727,0.004507070115714496
secondary/exploratory,smids,mobilenet_v3_large,equal_mean_of_7_device_corruptions,1,0.31,0.013824884792626729,0.0055384812219108895,3,0.042996774188397625,0.004516499988212538,0.07480158730158727,0.004507070115714496
secondary/exploratory,smids,mobilenet_v3_large,equal_mean_of_7_device_corruptions,1,0.32,0.013888888888888888,0.00563383764464313,3,0.042996774188397625,0.004516499988212538,0.07480158730158727,0.004507070115714496
secondary/exploratory,smids,mobilenet_v3_large,equal_mean_of_7_device_corruptions,1,0.33,0.015392015392015393,0.00583182090090531,3,0.042996774188397625,0.004516499988212538,0.07480158730158727,0.004507070115714496
secondary/exploratory,smids,mobilenet_v3_large,equal_mean_of_7_device_corruptions,1,0.34,0.015873015873015876,0.0053024354302523575,3,0.042996774188397625,0.004516499988212538,0.07480158730158727,0.004507070115714496
secondary/exploratory,smids,mobilenet_v3_large,equal_mean_of_7_device_corruptions,1,0.35000000000000003,0.016780045351473923,0.006284084562608171,3,0.042996774188397625,0.004516499988212538,0.07480158730158727,0.004507070115714496
secondary/exploratory,smids,mobilenet_v3_large,equal_mean_of_7_device_corruptions,1,0.36,0.01763668430335097,0.007285146226568917,3,0.042996774188397625,0.004516499988212538,0.07480158730158727,0.004507070115714496
secondary/exploratory,smids,mobilenet_v3_large,equal_mean_of_7_device_corruptions,1,0.37,0.019305019305019308,0.006687454855478291,3,0.042996774188397625,0.004516499988212538,0.07480158730158727,0.004507070115714496
secondary/exploratory,smids,mobilenet_v3_large,equal_mean_of_7_device_corruptions,1,0.38,0.020050125313283207,0.006630955666828547,3,0.042996774188397625,0.004516499988212538,0.07480158730158727,0.004507070115714496
secondary/exploratory,smids,mobilenet_v3_large,equal_mean_of_7_device_corruptions,1,0.39,0.021164021164021163,0.007754399219885083,3,0.042996774188397625,0.004516499988212538,0.07480158730158727,0.004507070115714496
secondary/exploratory,smids,mobilenet_v3_large,equal_mean_of_7_device_corruptions,1,0.4,0.02261904761904762,0.008247860988423223,3,0.042996774188397625,0.004516499988212538,0.07480158730158727,0.004507070115714496
secondary/exploratory,smids,mobilenet_v3_large,equal_mean_of_7_device_corruptions,1,0.41000000000000003,0.022841656987998452,0.0077332498472466715,3,0.042996774188397625,0.004516499988212538,0.07480158730158727,0.004507070115714496
secondary/exploratory,smids,mobilenet_v3_large,equal_mean_of_7_device_corruptions,1,0.42,0.023053665910808766,0.0072005135613218635,3,0.042996774188397625,0.004516499988212538,0.07480158730158727,0.004507070115714496
secondary/exploratory,smids,mobilenet_v3_large,equal_mean_of_7_device_corruptions,1,0.43,0.023624953857512,0.006099192189685605,3,0.042996774188397625,0.004516499988212538,0.07480158730158727,0.004507070115714496
secondary/exploratory,smids,mobilenet_v3_large,equal_mean_of_7_device_corruptions,1,0.44,0.025974025974025972,0.005623541583015837,3,0.042996774188397625,0.004516499988212538,0.07480158730158727,0.004507070115714496
secondary/exploratory,smids,mobilenet_v3_large,equal_mean_of_7_device_corruptions,1,0.45,0.027160493827160497,0.005219981864884916,3,0.042996774188397625,0.004516499988212538,0.07480158730158727,0.004507070115714496
secondary/exploratory,smids,mobilenet_v3_large,equal_mean_of_7_device_corruptions,1,0.46,0.02933057280883368,0.004892148681420923,3,0.042996774188397625,0.004516499988212538,0.07480158730158727,0.004507070115714496
secondary/exploratory,smids,mobilenet_v3_large,equal_mean_of_7_device_corruptions,1,0.47000000000000003,0.03005741303613645,0.0032568898213417618,3,0.042996774188397625,0.004516499988212538,0.07480158730158727,0.004507070115714496
secondary/exploratory,smids,mobilenet_v3_large,equal_mean_of_7_device_corruptions,1,0.48,0.031746031746031744,0.003968253968253966,3,0.042996774188397625,0.004516499988212538,0.07480158730158727,0.004507070115714496
secondary/exploratory,smids,mobilenet_v3_large,equal_mean_of_7_device_corruptions,1,0.49,0.032393909944930355,0.00312395554291965,3,0.042996774188397625,0.004516499988212538,0.07480158730158727,0.004507070115714496
secondary/exploratory,smids,mobilenet_v3_large,equal_mean_of_7_device_corruptions,1,0.5,0.03460317460317461,0.0023967728365938837,3,0.042996774188397625,0.004516499988212538,0.07480158730158727,0.004507070115714496
secondary/exploratory,smids,mobilenet_v3_large,equal_mean_of_7_device_corruptions,1,0.51,0.03672580143168378,0.0030014474824129993,3,0.042996774188397625,0.004516499988212538,0.07480158730158727,0.004507070115714496
secondary/exploratory,smids,mobilenet_v3_large,equal_mean_of_7_device_corruptions,1,0.52,0.03785103785103785,0.0038125750905973143,3,0.042996774188397625,0.004516499988212538,0.07480158730158727,0.004507070115714496
secondary/exploratory,smids,mobilenet_v3_large,equal_mean_of_7_device_corruptions,1,0.53,0.03833483078766098,0.003401562351482644,3,0.042996774188397625,0.004516499988212538,0.07480158730158727,0.004507070115714496
secondary/exploratory,smids,mobilenet_v3_large,equal_mean_of_7_device_corruptions,1,0.54,0.03968253968253969,0.003527336860670194,3,0.042996774188397625,0.004516499988212538,0.07480158730158727,0.004507070115714496
secondary/exploratory,smids,mobilenet_v3_large,equal_mean_of_7_device_corruptions,1,0.55,0.04098124098124098,0.0030405927136660147,3,0.042996774188397625,0.004516499988212538,0.07480158730158727,0.004507070115714496
secondary/exploratory,smids,mobilenet_v3_large,equal_mean_of_7_device_corruptions,1,0.56,0.04280045351473923,0.0035402482984117924,3,0.042996774188397625,0.004516499988212538,0.07480158730158727,0.004507070115714496
secondary/exploratory,smids,mobilenet_v3_large,equal_mean_of_7_device_corruptions,1,0.5700000000000001,0.04232804232804233,0.003948049813076535,3,0.042996774188397625,0.004516499988212538,0.07480158730158727,0.004507070115714496
secondary/exploratory,smids,mobilenet_v3_large,equal_mean_of_7_device_corruptions,1,0.58,0.04351395730706076,0.004105090311986863,3,0.042996774188397625,0.004516499988212538,0.07480158730158727,0.004507070115714496
secondary/exploratory,smids,mobilenet_v3_large,equal_mean_of_7_device_corruptions,1,0.59,0.04412160344363734,0.005668901669546806,3,0.042996774188397625,0.004516499988212538,0.07480158730158727,0.004507070115714496
secondary/exploratory,smids,mobilenet_v3_large,equal_mean_of_7_device_corruptions,1,0.6,0.045502645502645496,0.004783899820112464,3,0.042996774188397625,0.004516499988212538,0.07480158730158727,0.004507070115714496
secondary/exploratory,smids,mobilenet_v3_large,equal_mean_of_7_device_corruptions,1,0.61,0.047619047619047616,0.003122560499609679,3,0.042996774188397625,0.004516499988212538,0.07480158730158727,0.004507070115714496
secondary/exploratory,smids,mobilenet_v3_large,equal_mean_of_7_device_corruptions,1,0.62,0.04864311315924219,0.0019328813198337875,3,0.042996774188397625,0.004516499988212538,0.07480158730158727,0.004507070115714496
secondary/exploratory,smids,mobilenet_v3_large,equal_mean_of_7_device_corruptions,1,0.63,0.049634668682287726,0.0023091840236612957,3,0.042996774188397625,0.004516499988212538,0.07480158730158727,0.004507070115714496
secondary/exploratory,smids,mobilenet_v3_large,equal_mean_of_7_device_corruptions,1,0.64,0.05109126984126983,0.0021478804657352156,3,0.042996774188397625,0.004516499988212538,0.07480158730158727,0.004507070115714496
secondary/exploratory,smids,mobilenet_v3_large,equal_mean_of_7_device_corruptions,1,0.65,0.05274725274725275,0.0031933325593704594,3,0.042996774188397625,0.004516499988212538,0.07480158730158727,0.004507070115714496
secondary/exploratory,smids,mobilenet_v3_large,equal_mean_of_7_device_corruptions,1,0.66,0.053631553631553634,0.003559078544239717,3,0.042996774188397625,0.004516499988212538,0.07480158730158727,0.004507070115714496
secondary/exploratory,smids,mobilenet_v3_large,equal_mean_of_7_device_corruptions,1,0.67,0.05496327884387586,0.004837853081417233,3,0.042996774188397625,0.004516499988212538,0.07480158730158727,0.004507070115714496
secondary/exploratory,smids,mobilenet_v3_large,equal_mean_of_7_device_corruptions,1,0.68,0.05648926237161531,0.004502171223619497,3,0.042996774188397625,0.004516499988212538,0.07480158730158727,0.004507070115714496
secondary/exploratory,smids,mobilenet_v3_large,equal_mean_of_7_device_corruptions,1,0.6900000000000001,0.05751092707614449,0.005225588539958864,3,0.042996774188397625,0.004516499988212538,0.07480158730158727,0.004507070115714496
secondary/exploratory,smids,mobilenet_v3_large,equal_mean_of_7_device_corruptions,1,0.7000000000000001,0.058730158730158744,0.005705100056874872,3,0.042996774188397625,0.004516499988212538,0.07480158730158727,0.004507070115714496
secondary/exploratory,smids,mobilenet_v3_large,equal_mean_of_7_device_corruptions,1,0.71,0.059691482226693494,0.00483642022195036,3,0.042996774188397625,0.004516499988212538,0.07480158730158727,0.004507070115714496
secondary/exploratory,smids,mobilenet_v3_large,equal_mean_of_7_device_corruptions,1,0.72,0.06194885361552028,0.006355174296913389,3,0.042996774188397625,0.004516499988212538,0.07480158730158727,0.004507070115714496
secondary/exploratory,smids,mobilenet_v3_large,equal_mean_of_7_device_corruptions,1,0.73,0.06370950206566645,0.0060610392975717995,3,0.042996774188397625,0.004516499988212538,0.07480158730158727,0.004507070115714496
secondary/exploratory,smids,mobilenet_v3_large,equal_mean_of_7_device_corruptions,1,0.74,0.06456456456456457,0.006116077833283239,3,0.042996774188397625,0.004516499988212538,0.07480158730158727,0.004507070115714496
secondary/exploratory,smids,mobilenet_v3_large,equal_mean_of_7_device_corruptions,1,0.75,0.06582010582010582,0.005761124905319025,3,0.042996774188397625,0.004516499988212538,0.07480158730158727,0.004507070115714496
secondary/exploratory,smids,mobilenet_v3_large,equal_mean_of_7_device_corruptions,1,0.76,0.06746031746031746,0.007422454320767273,3,0.042996774188397625,0.004516499988212538,0.07480158730158727,0.004507070115714496
secondary/exploratory,smids,mobilenet_v3_large,equal_mean_of_7_device_corruptions,1,0.77,0.06947021232735517,0.007682805670411956,3,0.042996774188397625,0.004516499988212538,0.07480158730158727,0.004507070115714496
secondary/exploratory,smids,mobilenet_v3_large,equal_mean_of_7_device_corruptions,1,0.78,0.07081807081807082,0.006879992472273898,3,0.042996774188397625,0.004516499988212538,0.07480158730158727,0.004507070115714496
secondary/exploratory,smids,mobilenet_v3_large,equal_mean_of_7_device_corruptions,1,0.79,0.07253365481213582,0.005916187206885846,3,0.042996774188397625,0.004516499988212538,0.07480158730158727,0.004507070115714496
secondary/exploratory,smids,mobilenet_v3_large,equal_mean_of_7_device_corruptions,1,0.8,0.0748015873015873,0.004507070115714502,3,0.042996774188397625,0.004516499988212538,0.07480158730158727,0.004507070115714496
secondary/exploratory,smids,mobilenet_v3_large,equal_mean_of_7_device_corruptions,1,0.81,0.0770135214579659,0.004666228061842321,3,0.042996774188397625,0.004516499988212538,0.07480158730158727,0.004507070115714496
secondary/exploratory,smids,mobilenet_v3_large,equal_mean_of_7_device_corruptions,1,0.8200000000000001,0.07936507936507937,0.004397141576306836,3,0.042996774188397625,0.004516499988212538,0.07480158730158727,0.004507070115714496
secondary/exploratory,smids,mobilenet_v3_large,equal_mean_of_7_device_corruptions,1,0.8300000000000001,0.08070376745075543,0.004811530168448738,3,0.042996774188397625,0.004516499988212538,0.07480158730158727,0.004507070115714496
secondary/exploratory,smids,mobilenet_v3_large,equal_mean_of_7_device_corruptions,1,0.84,0.08295540438397582,0.006371774489828927,3,0.042996774188397625,0.004516499988212538,0.07480158730158727,0.004507070115714496
secondary/exploratory,smids,mobilenet_v3_large,equal_mean_of_7_device_corruptions,1,0.85,0.08590102707749765,0.0044934488946838285,3,0.042996774188397625,0.004516499988212538,0.07480158730158727,0.004507070115714496
secondary/exploratory,smids,mobilenet_v3_large,equal_mean_of_7_device_corruptions,1,0.86,0.08803986710963456,0.004532310504912767,3,0.042996774188397625,0.004516499988212538,0.07480158730158727,0.004507070115714496
secondary/exploratory,smids,mobilenet_v3_large,equal_mean_of_7_device_corruptions,1,0.87,0.09067688378033206,0.0035612518328668468,3,0.042996774188397625,0.004516499988212538,0.07480158730158727,0.004507070115714496
secondary/exploratory,smids,mobilenet_v3_large,equal_mean_of_7_device_corruptions,1,0.88,0.09307359307359309,0.004085408244194137,3,0.042996774188397625,0.004516499988212538,0.07480158730158727,0.004507070115714496
secondary/exploratory,smids,mobilenet_v3_large,equal_mean_of_7_device_corruptions,1,0.89,0.09577314071696096,0.004246791831564339,3,0.042996774188397625,0.004516499988212538,0.07480158730158727,0.004507070115714496
secondary/exploratory,smids,mobilenet_v3_large,equal_mean_of_7_device_corruptions,1,0.9,0.09894179894179894,0.0046125914746462235,3,0.042996774188397625,0.004516499988212538,0.07480158730158727,0.004507070115714496
secondary/exploratory,smids,mobilenet_v3_large,equal_mean_of_7_device_corruptions,1,0.91,0.10221524507238793,0.005446535843710441,3,0.042996774188397625,0.004516499988212538,0.07480158730158727,0.004507070115714496
secondary/exploratory,smids,mobilenet_v3_large,equal_mean_of_7_device_corruptions,1,0.92,0.10507246376811595,0.006847182482051223,3,0.042996774188397625,0.004516499988212538,0.07480158730158727,0.004507070115714496
secondary/exploratory,smids,mobilenet_v3_large,equal_mean_of_7_device_corruptions,1,0.93,0.10820959208055982,0.006989450496481743,3,0.042996774188397625,0.004516499988212538,0.07480158730158727,0.004507070115714496
secondary/exploratory,smids,mobilenet_v3_large,equal_mean_of_7_device_corruptions,1,0.9400000000000001,0.11161769672407973,0.008661478286546597,3,0.042996774188397625,0.004516499988212538,0.07480158730158727,0.004507070115714496
secondary/exploratory,smids,mobilenet_v3_large,equal_mean_of_7_device_corruptions,1,0.9500000000000001,0.11461988304093572,0.009314860394162981,3,0.042996774188397625,0.004516499988212538,0.07480158730158727,0.004507070115714496
secondary/exploratory,smids,mobilenet_v3_large,equal_mean_of_7_device_corruptions,1,0.96,0.11904761904761905,0.00995776780748251,3,0.042996774188397625,0.004516499988212538,0.07480158730158727,0.004507070115714496
secondary/exploratory,smids,mobilenet_v3_large,equal_mean_of_7_device_corruptions,1,0.97,0.12240222549500901,0.009472725012866175,3,0.042996774188397625,0.004516499988212538,0.07480158730158727,0.004507070115714496
secondary/exploratory,smids,mobilenet_v3_large,equal_mean_of_7_device_corruptions,1,0.98,0.12601230968577906,0.008559902987835306,3,0.042996774188397625,0.004516499988212538,0.07480158730158727,0.004507070115714496
secondary/exploratory,smids,mobilenet_v3_large,equal_mean_of_7_device_corruptions,1,0.99,0.12922879589546257,0.009092478357388379,3,0.042996774188397625,0.004516499988212538,0.07480158730158727,0.004507070115714496
secondary/exploratory,smids,mobilenet_v3_large,equal_mean_of_7_device_corruptions,1,1.0,0.13285714285714287,0.00783908458721636,3,0.042996774188397625,0.004516499988212538,0.07480158730158727,0.004507070115714496
secondary/exploratory,smids,mobilenet_v3_large,equal_mean_of_7_device_corruptions,2,0.0,0.0,0.0,3,0.10379796320994931,0.039771293158434556,0.17797619047619043,0.06274893734814954
secondary/exploratory,smids,mobilenet_v3_large,equal_mean_of_7_device_corruptions,2,0.01,0.0,0.0,3,0.10379796320994931,0.039771293158434556,0.17797619047619043,0.06274893734814954
secondary/exploratory,smids,mobilenet_v3_large,equal_mean_of_7_device_corruptions,2,0.02,0.0,0.0,3,0.10379796320994931,0.039771293158434556,0.17797619047619043,0.06274893734814954
secondary/exploratory,smids,mobilenet_v3_large,equal_mean_of_7_device_corruptions,2,0.03,0.0,0.0,3,0.10379796320994931,0.039771293158434556,0.17797619047619043,0.06274893734814954
secondary/exploratory,smids,mobilenet_v3_large,equal_mean_of_7_device_corruptions,2,0.04,0.0,0.0,3,0.10379796320994931,0.039771293158434556,0.17797619047619043,0.06274893734814954
secondary/exploratory,smids,mobilenet_v3_large,equal_mean_of_7_device_corruptions,2,0.05,0.0,0.0,3,0.10379796320994931,0.039771293158434556,0.17797619047619043,0.06274893734814954
secondary/exploratory,smids,mobilenet_v3_large,equal_mean_of_7_device_corruptions,2,0.06,0.005291005291005291,0.004582144993568458,3,0.10379796320994931,0.039771293158434556,0.17797619047619043,0.06274893734814954
secondary/exploratory,smids,mobilenet_v3_large,equal_mean_of_7_device_corruptions,2,0.07,0.006802721088435374,0.0,3,0.10379796320994931,0.039771293158434556,0.17797619047619043,0.06274893734814954
secondary/exploratory,smids,mobilenet_v3_large,equal_mean_of_7_device_corruptions,2,0.08,0.005952380952380952,0.0,3,0.10379796320994931,0.039771293158434556,0.17797619047619043,0.06274893734814954
secondary/exploratory,smids,mobilenet_v3_large,equal_mean_of_7_device_corruptions,2,0.09,0.014109347442680775,0.0030547633290456387,3,0.10379796320994931,0.039771293158434556,0.17797619047619043,0.06274893734814954
secondary/exploratory,smids,mobilenet_v3_large,equal_mean_of_7_device_corruptions,2,0.1,0.017460317460317457,0.002749286996141073,3,0.10379796320994931,0.039771293158434556,0.17797619047619043,0.06274893734814954
secondary/exploratory,smids,mobilenet_v3_large,equal_mean_of_7_device_corruptions,2,0.11,0.020202020202020204,0.006612663340484617,3,0.10379796320994931,0.039771293158434556,0.17797619047619043,0.06274893734814954
secondary/exploratory,smids,mobilenet_v3_large,equal_mean_of_7_device_corruptions,2,0.12,0.018518518518518517,0.006061608062110899,3,0.10379796320994931,0.039771293158434556,0.17797619047619043,0.06274893734814954
secondary/exploratory,smids,mobilenet_v3_large,equal_mean_of_7_device_corruptions,2,0.13,0.020757020757020756,0.0055953305188715975,3,0.10379796320994931,0.039771293158434556,0.17797619047619043,0.06274893734814954
secondary/exploratory,smids,mobilenet_v3_large,equal_mean_of_7_device_corruptions,2,0.14,0.022675736961451243,0.005195664053237913,3,0.10379796320994931,0.039771293158434556,0.17797619047619043,0.06274893734814954
secondary/exploratory,smids,mobilenet_v3_large,equal_mean_of_7_device_corruptions,2,0.15,0.02433862433862434,0.0048492864496887216,3,0.10379796320994931,0.039771293158434556,0.17797619047619043,0.06274893734814954
secondary/exploratory,smids,mobilenet_v3_large,equal_mean_of_7_device_corruptions,2,0.16,0.023809523809523808,0.005154913117764515,3,0.10379796320994931,0.039771293158434556,0.17797619047619043,0.06274893734814954
secondary/exploratory,smids,mobilenet_v3_large,equal_mean_of_7_device_corruptions,2,0.17,0.02521008403361345,0.007411068098220144,3,0.10379796320994931,0.039771293158434556,0.17797619047619043,0.06274893734814954
secondary/exploratory,smids,mobilenet_v3_large,equal_mean_of_7_device_corruptions,2,0.18,0.024691358024691357,0.008082144082814532,3,0.10379796320994931,0.039771293158434556,0.17797619047619043,0.06274893734814954
secondary/exploratory,smids,mobilenet_v3_large,equal_mean_of_7_device_corruptions,2,0.19,0.028404344193817876,0.01261459387680994,3,0.10379796320994931,0.039771293158434556,0.17797619047619043,0.06274893734814954
secondary/exploratory,smids,mobilenet_v3_large,equal_mean_of_7_device_corruptions,2,0.2,0.02936507936507937,0.014351699460337401,3,0.10379796320994931,0.039771293158434556,0.17797619047619043,0.06274893734814954
secondary/exploratory,smids,mobilenet_v3_large,equal_mean_of_7_device_corruptions,2,0.21,0.031746031746031744,0.01486947511179592,3,0.10379796320994931,0.039771293158434556,0.17797619047619043,0.06274893734814954
secondary/exploratory,smids,mobilenet_v3_large,equal_mean_of_7_device_corruptions,2,0.22,0.03318903318903319,0.017361052547642083,3,0.10379796320994931,0.039771293158434556,0.17797619047619043,0.06274893734814954
secondary/exploratory,smids,mobilenet_v3_large,equal_mean_of_7_device_corruptions,2,0.23,0.03381642512077295,0.019677815637520017,3,0.10379796320994931,0.039771293158434556,0.17797619047619043,0.06274893734814954
secondary/exploratory,smids,mobilenet_v3_large,equal_mean_of_7_device_corruptions,2,0.24,0.03571428571428571,0.018927365107479083,3,0.10379796320994931,0.039771293158434556,0.17797619047619043,0.06274893734814954
secondary/exploratory,smids,mobilenet_v3_large,equal_mean_of_7_device_corruptions,2,0.25,0.0380952380952381,0.021210530906019133,3,0.10379796320994931,0.039771293158434556,0.17797619047619043,0.06274893734814954
secondary/exploratory,smids,mobilenet_v3_large,equal_mean_of_7_device_corruptions,2,0.26,0.03968253968253968,0.02082872052409277,3,0.10379796320994931,0.039771293158434556,0.17797619047619043,0.06274893734814954
secondary/exploratory,smids,mobilenet_v3_large,equal_mean_of_7_device_corruptions,2,0.27,0.0411522633744856,0.02328665763708214,3,0.10379796320994931,0.039771293158434556,0.17797619047619043,0.06274893734814954
secondary/exploratory,smids,mobilenet_v3_large,equal_mean_of_7_device_corruptions,2,0.28,0.04421768707482993,0.02505258480043578,3,0.10379796320994931,0.039771293158434556,0.17797619047619043,0.06274893734814954
secondary/exploratory,smids,mobilenet_v3_large,equal_mean_of_7_device_corruptions,2,0.29,0.04597701149425287,0.026881289891206733,3,0.10379796320994931,0.039771293158434556,0.17797619047619043,0.06274893734814954
secondary/exploratory,smids,mobilenet_v3_large,equal_mean_of_7_device_corruptions,2,0.3,0.04867724867724867,0.029110147520590303,3,0.10379796320994931,0.039771293158434556,0.17797619047619043,0.06274893734814954
secondary/exploratory,smids,mobilenet_v3_large,equal_mean_of_7_device_corruptions,2,0.31,0.05222734254992319,0.03106566576982594,3,0.10379796320994931,0.039771293158434556,0.17797619047619043,0.06274893734814954
secondary/exploratory,smids,mobilenet_v3_large,equal_mean_of_7_device_corruptions,2,0.32,0.05357142857142857,0.031497039417435604,3,0.10379796320994931,0.039771293158434556,0.17797619047619043,0.06274893734814954
secondary/exploratory,smids,mobilenet_v3_large,equal_mean_of_7_device_corruptions,2,0.33,0.05531505531505532,0.030825339047642356,3,0.10379796320994931,0.039771293158434556,0.17797619047619043,0.06274893734814954
secondary/exploratory,smids,mobilenet_v3_large,equal_mean_of_7_device_corruptions,2,0.34,0.05602240896358543,0.02941176470588235,3,0.10379796320994931,0.039771293158434556,0.17797619047619043,0.06274893734814954
secondary/exploratory,smids,mobilenet_v3_large,equal_mean_of_7_device_corruptions,2,0.35000000000000003,0.05714285714285714,0.02952725770640913,3,0.10379796320994931,0.039771293158434556,0.17797619047619043,0.06274893734814954
secondary/exploratory,smids,mobilenet_v3_large,equal_mean_of_7_device_corruptions,2,0.36,0.059523809523809514,0.03231955482240904,3,0.10379796320994931,0.039771293158434556,0.17797619047619043,0.06274893734814954
secondary/exploratory,smids,mobilenet_v3_large,equal_mean_of_7_device_corruptions,2,0.37,0.05963105963105963,0.03189929033894689,3,0.10379796320994931,0.039771293158434556,0.17797619047619043,0.06274893734814954
secondary/exploratory,smids,mobilenet_v3_large,equal_mean_of_7_device_corruptions,2,0.38,0.06307435254803674,0.031059835330027236,3,0.10379796320994931,0.039771293158434556,0.17797619047619043,0.06274893734814954
secondary/exploratory,smids,mobilenet_v3_large,equal_mean_of_7_device_corruptions,2,0.39,0.0638990638990639,0.03254222142066043,3,0.10379796320994931,0.039771293158434556,0.17797619047619043,0.06274893734814954
secondary/exploratory,smids,mobilenet_v3_large,equal_mean_of_7_device_corruptions,2,0.4,0.06706349206349206,0.03376282265302506,3,0.10379796320994931,0.039771293158434556,0.17797619047619043,0.06274893734814954
secondary/exploratory,smids,mobilenet_v3_large,equal_mean_of_7_device_corruptions,2,0.41000000000000003,0.07200929152148666,0.03732905616721998,3,0.10379796320994931,0.039771293158434556,0.17797619047619043,0.06274893734814954
secondary/exploratory,smids,mobilenet_v3_large,equal_mean_of_7_device_corruptions,2,0.42,0.07445200302343159,0.03898534499018246,3,0.10379796320994931,0.039771293158434556,0.17797619047619043,0.06274893734814954
secondary/exploratory,smids,mobilenet_v3_large,equal_mean_of_7_device_corruptions,2,0.43,0.07604282022886673,0.04093460287736276,3,0.10379796320994931,0.039771293158434556,0.17797619047619043,0.06274893734814954
secondary/exploratory,smids,mobilenet_v3_large,equal_mean_of_7_device_corruptions,2,0.44,0.08044733044733045,0.040672103441743,3,0.10379796320994931,0.039771293158434556,0.17797619047619043,0.06274893734814954
secondary/exploratory,smids,mobilenet_v3_large,equal_mean_of_7_device_corruptions,2,0.45,0.08289241622574955,0.04254354313121613,3,0.10379796320994931,0.039771293158434556,0.17797619047619043,0.06274893734814954
secondary/exploratory,smids,mobilenet_v3_large,equal_mean_of_7_device_corruptions,2,0.46,0.08799171842650104,0.04221521429421053,3,0.10379796320994931,0.039771293158434556,0.17797619047619043,0.06274893734814954
secondary/exploratory,smids,mobilenet_v3_large,equal_mean_of_7_device_corruptions,2,0.47000000000000003,0.09118541033434652,0.044820661318327584,3,0.10379796320994931,0.039771293158434556,0.17797619047619043,0.06274893734814954
secondary/exploratory,smids,mobilenet_v3_large,equal_mean_of_7_device_corruptions,2,0.48,0.09523809523809523,0.045667259073348836,3,0.10379796320994931,0.039771293158434556,0.17797619047619043,0.06274893734814954
secondary/exploratory,smids,mobilenet_v3_large,equal_mean_of_7_device_corruptions,2,0.49,0.09847748623258827,0.04666072583098371,3,0.10379796320994931,0.039771293158434556,0.17797619047619043,0.06274893734814954
secondary/exploratory,smids,mobilenet_v3_large,equal_mean_of_7_device_corruptions,2,0.5,0.10126984126984127,0.04732608292973771,3,0.10379796320994931,0.039771293158434556,0.17797619047619043,0.06274893734814954
secondary/exploratory,smids,mobilenet_v3_large,equal_mean_of_7_device_corruptions,2,0.51,0.10488639900404606,0.04878860097317021,3,0.10379796320994931,0.039771293158434556,0.17797619047619043,0.06274893734814954
secondary/exploratory,smids,mobilenet_v3_large,equal_mean_of_7_device_corruptions,2,0.52,0.10775335775335775,0.049698649545627124,3,0.10379796320994931,0.039771293158434556,0.17797619047619043,0.06274893734814954
secondary/exploratory,smids,mobilenet_v3_large,equal_mean_of_7_device_corruptions,2,0.53,0.10991314764899669,0.050059788428351785,3,0.10379796320994931,0.039771293158434556,0.17797619047619043,0.06274893734814954
secondary/exploratory,smids,mobilenet_v3_large,equal_mean_of_7_device_corruptions,2,0.54,0.11169900058788947,0.05091272215076065,3,0.10379796320994931,0.039771293158434556,0.17797619047619043,0.06274893734814954
secondary/exploratory,smids,mobilenet_v3_large,equal_mean_of_7_device_corruptions,2,0.55,0.11457431457431456,0.05199372691404775,3,0.10379796320994931,0.039771293158434556,0.17797619047619043,0.06274893734814954
secondary/exploratory,smids,mobilenet_v3_large,equal_mean_of_7_device_corruptions,2,0.56,0.11848072562358276,0.05326913233463641,3,0.10379796320994931,0.039771293158434556,0.17797619047619043,0.06274893734814954
secondary/exploratory,smids,mobilenet_v3_large,equal_mean_of_7_device_corruptions,2,0.5700000000000001,0.12169312169312173,0.05549323036719839,3,0.10379796320994931,0.039771293158434556,0.17797619047619043,0.06274893734814954
secondary/exploratory,smids,mobilenet_v3_large,equal_mean_of_7_device_corruptions,2,0.58,0.1239737274220033,0.054787194156659676,3,0.10379796320994931,0.039771293158434556,0.17797619047619043,0.06274893734814954
secondary/exploratory,smids,mobilenet_v3_large,equal_mean_of_7_device_corruptions,2,0.59,0.12671509281678775,0.055970099911495756,3,0.10379796320994931,0.039771293158434556,0.17797619047619043,0.06274893734814954
secondary/exploratory,smids,mobilenet_v3_large,equal_mean_of_7_device_corruptions,2,0.6,0.12804232804232804,0.05732627822553166,3,0.10379796320994931,0.039771293158434556,0.17797619047619043,0.06274893734814954
secondary/exploratory,smids,mobilenet_v3_large,equal_mean_of_7_device_corruptions,2,0.61,0.13036690085870414,0.05687433442650112,3,0.10379796320994931,0.039771293158434556,0.17797619047619043,0.06274893734814954
secondary/exploratory,smids,mobilenet_v3_large,equal_mean_of_7_device_corruptions,2,0.62,0.1336405529953917,0.05802203437866675,3,0.10379796320994931,0.039771293158434556,0.17797619047619043,0.06274893734814954
secondary/exploratory,smids,mobilenet_v3_large,equal_mean_of_7_device_corruptions,2,0.63,0.13529856386999242,0.05840683748133485,3,0.10379796320994931,0.039771293158434556,0.17797619047619043,0.06274893734814954
secondary/exploratory,smids,mobilenet_v3_large,equal_mean_of_7_device_corruptions,2,0.64,0.1376488095238095,0.0587797619047619,3,0.10379796320994931,0.039771293158434556,0.17797619047619043,0.06274893734814954
secondary/exploratory,smids,mobilenet_v3_large,equal_mean_of_7_device_corruptions,2,0.65,0.14017094017094017,0.05943705521611525,3,0.10379796320994931,0.039771293158434556,0.17797619047619043,0.06274893734814954
secondary/exploratory,smids,mobilenet_v3_large,equal_mean_of_7_device_corruptions,2,0.66,0.14381914381914382,0.05907647437691386,3,0.10379796320994931,0.039771293158434556,0.17797619047619043,0.06274893734814954
secondary/exploratory,smids,mobilenet_v3_large,equal_mean_of_7_device_corruptions,2,0.67,0.14759535655058043,0.05960552298227493,3,0.10379796320994931,0.039771293158434556,0.17797619047619043,0.06274893734814954
secondary/exploratory,smids,mobilenet_v3_large,equal_mean_of_7_device_corruptions,2,0.68,0.14915966386554622,0.058910999392291614,3,0.10379796320994931,0.039771293158434556,0.17797619047619043,0.06274893734814954
secondary/exploratory,smids,mobilenet_v3_large,equal_mean_of_7_device_corruptions,2,0.6900000000000001,0.15159880377271684,0.059736553167862076,3,0.10379796320994931,0.039771293158434556,0.17797619047619043,0.06274893734814954
secondary/exploratory,smids,mobilenet_v3_large,equal_mean_of_7_device_corruptions,2,0.7000000000000001,0.15487528344671203,0.06062187686714539,3,0.10379796320994931,0.039771293158434556,0.17797619047619043,0.06274893734814954
secondary/exploratory,smids,mobilenet_v3_large,equal_mean_of_7_device_corruptions,2,0.71,0.15828303152246814,0.060540759739218006,3,0.10379796320994931,0.039771293158434556,0.17797619047619043,0.06274893734814954
secondary/exploratory,smids,mobilenet_v3_large,equal_mean_of_7_device_corruptions,2,0.72,0.1609347442680776,0.06050894564296095,3,0.10379796320994931,0.039771293158434556,0.17797619047619043,0.06274893734814954
secondary/exploratory,smids,mobilenet_v3_large,equal_mean_of_7_device_corruptions,2,0.73,0.16264405305501195,0.06080664948383008,3,0.10379796320994931,0.039771293158434556,0.17797619047619043,0.06274893734814954
secondary/exploratory,smids,mobilenet_v3_large,equal_mean_of_7_device_corruptions,2,0.74,0.1653796653796654,0.06146694433080851,3,0.10379796320994931,0.039771293158434556,0.17797619047619043,0.06274893734814954
secondary/exploratory,smids,mobilenet_v3_large,equal_mean_of_7_device_corruptions,2,0.75,0.16804232804232802,0.0621584815512428,3,0.10379796320994931,0.039771293158434556,0.17797619047619043,0.06274893734814954
secondary/exploratory,smids,mobilenet_v3_large,equal_mean_of_7_device_corruptions,2,0.76,0.1706349206349206,0.061653413679036144,3,0.10379796320994931,0.039771293158434556,0.17797619047619043,0.06274893734814954
secondary/exploratory,smids,mobilenet_v3_large,equal_mean_of_7_device_corruptions,2,0.77,0.1717171717171717,0.062226188150685716,3,0.10379796320994931,0.039771293158434556,0.17797619047619043,0.06274893734814954
secondary/exploratory,smids,mobilenet_v3_large,equal_mean_of_7_device_corruptions,2,0.78,0.17399267399267396,0.06268566043945074,3,0.10379796320994931,0.039771293158434556,0.17797619047619043,0.06274893734814954
secondary/exploratory,smids,mobilenet_v3_large,equal_mean_of_7_device_corruptions,2,0.79,0.17580872011251758,0.06444126593659183,3,0.10379796320994931,0.039771293158434556,0.17797619047619043,0.06274893734814954
secondary/exploratory,smids,mobilenet_v3_large,equal_mean_of_7_device_corruptions,2,0.8,0.1779761904761905,0.06274893734814954,3,0.10379796320994931,0.039771293158434556,0.17797619047619043,0.06274893734814954
secondary/exploratory,smids,mobilenet_v3_large,equal_mean_of_7_device_corruptions,2,0.81,0.18126592200666272,0.062245068546861855,3,0.10379796320994931,0.039771293158434556,0.17797619047619043,0.06274893734814954
secondary/exploratory,smids,mobilenet_v3_large,equal_mean_of_7_device_corruptions,2,0.8200000000000001,0.18292682926829273,0.06251041128897801,3,0.10379796320994931,0.039771293158434556,0.17797619047619043,0.06274893734814954
secondary/exploratory,smids,mobilenet_v3_large,equal_mean_of_7_device_corruptions,2,0.8300000000000001,0.18550392044367947,0.06249724666469126,3,0.10379796320994931,0.039771293158434556,0.17797619047619043,0.06274893734814954
secondary/exploratory,smids,mobilenet_v3_large,equal_mean_of_7_device_corruptions,2,0.84,0.18726379440665153,0.06361426664358115,3,0.10379796320994931,0.039771293158434556,0.17797619047619043,0.06274893734814954
secondary/exploratory,smids,mobilenet_v3_large,equal_mean_of_7_device_corruptions,2,0.85,0.1895424836601307,0.0633086271994463,3,0.10379796320994931,0.039771293158434556,0.17797619047619043,0.06274893734814954
secondary/exploratory,smids,mobilenet_v3_large,equal_mean_of_7_device_corruptions,2,0.86,0.19158361018826134,0.06340159195034979,3,0.10379796320994931,0.039771293158434556,0.17797619047619043,0.06274893734814954
secondary/exploratory,smids,mobilenet_v3_large,equal_mean_of_7_device_corruptions,2,0.87,0.19412515964240104,0.06501747349971562,3,0.10379796320994931,0.039771293158434556,0.17797619047619043,0.06274893734814954
secondary/exploratory,smids,mobilenet_v3_large,equal_mean_of_7_device_corruptions,2,0.88,0.1966089466089466,0.06358244297045129,3,0.10379796320994931,0.039771293158434556,0.17797619047619043,0.06274893734814954
secondary/exploratory,smids,mobilenet_v3_large,equal_mean_of_7_device_corruptions,2,0.89,0.19975031210986263,0.06407453508609069,3,0.10379796320994931,0.039771293158434556,0.17797619047619043,0.06274893734814954
secondary/exploratory,smids,mobilenet_v3_large,equal_mean_of_7_device_corruptions,2,0.9,0.20158730158730157,0.062639782378619,3,0.10379796320994931,0.039771293158434556,0.17797619047619043,0.06274893734814954
secondary/exploratory,smids,mobilenet_v3_large,equal_mean_of_7_device_corruptions,2,0.91,0.2047793476364905,0.06340478913673168,3,0.10379796320994931,0.039771293158434556,0.17797619047619043,0.06274893734814954
secondary/exploratory,smids,mobilenet_v3_large,equal_mean_of_7_device_corruptions,2,0.92,0.2075569358178054,0.06254378762657066,3,0.10379796320994931,0.039771293158434556,0.17797619047619043,0.06274893734814954
secondary/exploratory,smids,mobilenet_v3_large,equal_mean_of_7_device_corruptions,2,0.93,0.21095750128008192,0.06225147773086507,3,0.10379796320994931,0.039771293158434556,0.17797619047619043,0.06274893734814954
secondary/exploratory,smids,mobilenet_v3_large,equal_mean_of_7_device_corruptions,2,0.9400000000000001,0.21259709557581905,0.06275598712637848,3,0.10379796320994931,0.039771293158434556,0.17797619047619043,0.06274893734814954
secondary/exploratory,smids,mobilenet_v3_large,equal_mean_of_7_device_corruptions,2,0.9500000000000001,0.21620718462823726,0.06332938751978194,3,0.10379796320994931,0.039771293158434556,0.17797619047619043,0.06274893734814954
secondary/exploratory,smids,mobilenet_v3_large,equal_mean_of_7_device_corruptions,2,0.96,0.2197420634920635,0.062466528578253716,3,0.10379796320994931,0.039771293158434556,0.17797619047619043,0.06274893734814954
secondary/exploratory,smids,mobilenet_v3_large,equal_mean_of_7_device_corruptions,2,0.97,0.22156766486663393,0.06194586572453003,3,0.10379796320994931,0.039771293158434556,0.17797619047619043,0.06274893734814954
secondary/exploratory,smids,mobilenet_v3_large,equal_mean_of_7_device_corruptions,2,0.98,0.22481373501781665,0.061111263507396436,3,0.10379796320994931,0.039771293158434556,0.17797619047619043,0.06274893734814954
secondary/exploratory,smids,mobilenet_v3_large,equal_mean_of_7_device_corruptions,2,0.99,0.22783389450056116,0.06211490057024337,3,0.10379796320994931,0.039771293158434556,0.17797619047619043,0.06274893734814954
secondary/exploratory,smids,mobilenet_v3_large,equal_mean_of_7_device_corruptions,2,1.0,0.23126984126984126,0.06145871046042868,3,0.10379796320994931,0.039771293158434556,0.17797619047619043,0.06274893734814954
secondary/exploratory,smids,mobilenet_v3_large,equal_mean_of_7_device_corruptions,3,0.0,0.0,0.0,3,0.16872035650526226,0.03385162480891671,0.2563492063492063,0.04494080468712066
secondary/exploratory,smids,mobilenet_v3_large,equal_mean_of_7_device_corruptions,3,0.01,0.031746031746031744,0.02749286996141075,3,0.16872035650526226,0.03385162480891671,0.2563492063492063,0.04494080468712066
secondary/exploratory,smids,mobilenet_v3_large,equal_mean_of_7_device_corruptions,3,0.02,0.03968253968253968,0.02749286996141075,3,0.16872035650526226,0.03385162480891671,0.2563492063492063,0.04494080468712066
secondary/exploratory,smids,mobilenet_v3_large,equal_mean_of_7_device_corruptions,3,0.03,0.031746031746031744,0.02749286996141075,3,0.16872035650526226,0.03385162480891671,0.2563492063492063,0.04494080468712066
secondary/exploratory,smids,mobilenet_v3_large,equal_mean_of_7_device_corruptions,3,0.04,0.03571428571428571,0.031497039417435604,3,0.16872035650526226,0.03385162480891671,0.2563492063492063,0.04494080468712066
secondary/exploratory,smids,mobilenet_v3_large,equal_mean_of_7_device_corruptions,3,0.05,0.031746031746031744,0.030614764320612553,3,0.16872035650526226,0.03385162480891671,0.2563492063492063,0.04494080468712066
secondary/exploratory,smids,mobilenet_v3_large,equal_mean_of_7_device_corruptions,3,0.06,0.03439153439153439,0.03304231745184338,3,0.16872035650526226,0.03385162480891671,0.2563492063492063,0.04494080468712066
secondary/exploratory,smids,mobilenet_v3_large,equal_mean_of_7_device_corruptions,3,0.07,0.04081632653061224,0.03534797566467096,3,0.16872035650526226,0.03385162480891671,0.2563492063492063,0.04494080468712066
secondary/exploratory,smids,mobilenet_v3_large,equal_mean_of_7_device_corruptions,3,0.08,0.043650793650793655,0.02936239798997767,3,0.16872035650526226,0.03385162480891671,0.2563492063492063,0.04494080468712066
secondary/exploratory,smids,mobilenet_v3_large,equal_mean_of_7_device_corruptions,3,0.09,0.047619047619047616,0.027997368371053873,3,0.16872035650526226,0.03385162480891671,0.2563492063492063,0.04494080468712066
secondary/exploratory,smids,mobilenet_v3_large,equal_mean_of_7_device_corruptions,3,0.1,0.047619047619047616,0.02896553585856295,3,0.16872035650526226,0.03385162480891671,0.2563492063492063,0.04494080468712066
secondary/exploratory,smids,mobilenet_v3_large,equal_mean_of_7_device_corruptions,3,0.11,0.05627705627705628,0.029992221776084453,3,0.16872035650526226,0.03385162480891671,0.2563492063492063,0.04494080468712066
secondary/exploratory,smids,mobilenet_v3_large,equal_mean_of_7_device_corruptions,3,0.12,0.06084656084656084,0.033279750331770164,3,0.16872035650526226,0.03385162480891671,0.2563492063492063,0.04494080468712066
secondary/exploratory,smids,mobilenet_v3_large,equal_mean_of_7_device_corruptions,3,0.13,0.05982905982905984,0.030719769537018618,3,0.16872035650526226,0.03385162480891671,0.2563492063492063,0.04494080468712066
secondary/exploratory,smids,mobilenet_v3_large,equal_mean_of_7_device_corruptions,3,0.14,0.06122448979591837,0.03534797566467096,3,0.16872035650526226,0.03385162480891671,0.2563492063492063,0.04494080468712066
secondary/exploratory,smids,mobilenet_v3_large,equal_mean_of_7_device_corruptions,3,0.15,0.06243386243386243,0.03665715994854765,3,0.16872035650526226,0.03385162480891671,0.2563492063492063,0.04494080468712066
secondary/exploratory,smids,mobilenet_v3_large,equal_mean_of_7_device_corruptions,3,0.16,0.06349206349206349,0.03525665802364456,3,0.16872035650526226,0.03385162480891671,0.2563492063492063,0.04494080468712066
secondary/exploratory,smids,mobilenet_v3_large,equal_mean_of_7_device_corruptions,3,0.17,0.06442577030812326,0.03641456582633053,3,0.16872035650526226,0.03385162480891671,0.2563492063492063,0.04494080468712066
secondary/exploratory,smids,mobilenet_v3_large,equal_mean_of_7_device_corruptions,3,0.18,0.06349206349206349,0.03439153439153439,3,0.16872035650526226,0.03385162480891671,0.2563492063492063,0.04494080468712066
secondary/exploratory,smids,mobilenet_v3_large,equal_mean_of_7_device_corruptions,3,0.19,0.06934001670843776,0.031135580874827443,3,0.16872035650526226,0.03385162480891671,0.2563492063492063,0.04494080468712066
secondary/exploratory,smids,mobilenet_v3_large,equal_mean_of_7_device_corruptions,3,0.2,0.07380952380952381,0.02925763268439168,3,0.16872035650526226,0.03385162480891671,0.2563492063492063,0.04494080468712066
secondary/exploratory,smids,mobilenet_v3_large,equal_mean_of_7_device_corruptions,3,0.21,0.07331821617535904,0.029594515420184275,3,0.16872035650526226,0.03385162480891671,0.2563492063492063,0.04494080468712066
secondary/exploratory,smids,mobilenet_v3_large,equal_mean_of_7_device_corruptions,3,0.22,0.07575757575757576,0.030687114456185764,3,0.16872035650526226,0.03385162480891671,0.2563492063492063,0.04494080468712066
secondary/exploratory,smids,mobilenet_v3_large,equal_mean_of_7_device_corruptions,3,0.23,0.07798481711525189,0.030732151936800987,3,0.16872035650526226,0.03385162480891671,0.2563492063492063,0.04494080468712066
secondary/exploratory,smids,mobilenet_v3_large,equal_mean_of_7_device_corruptions,3,0.24,0.08002645502645503,0.032258593646183074,3,0.16872035650526226,0.03385162480891671,0.2563492063492063,0.04494080468712066
secondary/exploratory,smids,mobilenet_v3_large,equal_mean_of_7_device_corruptions,3,0.25,0.08126984126984128,0.030137001362046525,3,0.16872035650526226,0.03385162480891671,0.2563492063492063,0.04494080468712066
secondary/exploratory,smids,mobilenet_v3_large,equal_mean_of_7_device_corruptions,3,0.26,0.0860805860805861,0.02947523248980051,3,0.16872035650526226,0.03385162480891671,0.2563492063492063,0.04494080468712066
secondary/exploratory,smids,mobilenet_v3_large,equal_mean_of_7_device_corruptions,3,0.27,0.0905349794238683,0.0317623578112642,3,0.16872035650526226,0.03385162480891671,0.2563492063492063,0.04494080468712066
secondary/exploratory,smids,mobilenet_v3_large,equal_mean_of_7_device_corruptions,3,0.28,0.09750566893424036,0.032327839975925754,3,0.16872035650526226,0.03385162480891671,0.2563492063492063,0.04494080468712066
secondary/exploratory,smids,mobilenet_v3_large,equal_mean_of_7_device_corruptions,3,0.29,0.10125889436234264,0.03613723227201766,3,0.16872035650526226,0.03385162480891671,0.2563492063492063,0.04494080468712066
secondary/exploratory,smids,mobilenet_v3_large,equal_mean_of_7_device_corruptions,3,0.3,0.1037037037037037,0.03813930431944994,3,0.16872035650526226,0.03385162480891671,0.2563492063492063,0.04494080468712066
secondary/exploratory,smids,mobilenet_v3_large,equal_mean_of_7_device_corruptions,3,0.31,0.10599078341013825,0.03840245775729646,3,0.16872035650526226,0.03385162480891671,0.2563492063492063,0.04494080468712066
secondary/exploratory,smids,mobilenet_v3_large,equal_mean_of_7_device_corruptions,3,0.32,0.10912698412698413,0.0394929748003235,3,0.16872035650526226,0.03385162480891671,0.2563492063492063,0.04494080468712066
secondary/exploratory,smids,mobilenet_v3_large,equal_mean_of_7_device_corruptions,3,0.33,0.113997113997114,0.036987029200508795,3,0.16872035650526226,0.03385162480891671,0.2563492063492063,0.04494080468712066
secondary/exploratory,smids,mobilenet_v3_large,equal_mean_of_7_device_corruptions,3,0.34,0.11764705882352942,0.03534854191631362,3,0.16872035650526226,0.03385162480891671,0.2563492063492063,0.04494080468712066
secondary/exploratory,smids,mobilenet_v3_large,equal_mean_of_7_device_corruptions,3,0.35000000000000003,0.1210884353741497,0.03740878118331299,3,0.16872035650526226,0.03385162480891671,0.2563492063492063,0.04494080468712066
secondary/exploratory,smids,mobilenet_v3_large,equal_mean_of_7_device_corruptions,3,0.36,0.12610229276895943,0.036950326817536704,3,0.16872035650526226,0.03385162480891671,0.2563492063492063,0.04494080468712066
secondary/exploratory,smids,mobilenet_v3_large,equal_mean_of_7_device_corruptions,3,0.37,0.1287001287001287,0.03665130210012392,3,0.16872035650526226,0.03385162480891671,0.2563492063492063,0.04494080468712066
secondary/exploratory,smids,mobilenet_v3_large,equal_mean_of_7_device_corruptions,3,0.38,0.13283208020050127,0.03371835600770354,3,0.16872035650526226,0.03385162480891671,0.2563492063492063,0.04494080468712066
secondary/exploratory,smids,mobilenet_v3_large,equal_mean_of_7_device_corruptions,3,0.39,0.13553113553113552,0.032853782776736784,3,0.16872035650526226,0.03385162480891671,0.2563492063492063,0.04494080468712066
secondary/exploratory,smids,mobilenet_v3_large,equal_mean_of_7_device_corruptions,3,0.4,0.13769841269841268,0.03499946009733671,3,0.16872035650526226,0.03385162480891671,0.2563492063492063,0.04494080468712066
secondary/exploratory,smids,mobilenet_v3_large,equal_mean_of_7_device_corruptions,3,0.41000000000000003,0.14053426248548204,0.036004645760743303,3,0.16872035650526226,0.03385162480891671,0.2563492063492063,0.04494080468712066
secondary/exploratory,smids,mobilenet_v3_large,equal_mean_of_7_device_corruptions,3,0.42,0.1455026455026455,0.037092912947286366,3,0.16872035650526226,0.03385162480891671,0.2563492063492063,0.04494080468712066
secondary/exploratory,smids,mobilenet_v3_large,equal_mean_of_7_device_corruptions,3,0.43,0.14876338132152087,0.03786878878769188,3,0.16872035650526226,0.03385162480891671,0.2563492063492063,0.04494080468712066
secondary/exploratory,smids,mobilenet_v3_large,equal_mean_of_7_device_corruptions,3,0.44,0.15115440115440115,0.03638574707431959,3,0.16872035650526226,0.03385162480891671,0.2563492063492063,0.04494080468712066
secondary/exploratory,smids,mobilenet_v3_large,equal_mean_of_7_device_corruptions,3,0.45,0.1544973544973545,0.03577596085582427,3,0.16872035650526226,0.03385162480891671,0.2563492063492063,0.04494080468712066
secondary/exploratory,smids,mobilenet_v3_large,equal_mean_of_7_device_corruptions,3,0.46,0.15804002760524502,0.03556519625909574,3,0.16872035650526226,0.03385162480891671,0.2563492063492063,0.04494080468712066
secondary/exploratory,smids,mobilenet_v3_large,equal_mean_of_7_device_corruptions,3,0.47000000000000003,0.16210739614994937,0.038004051334368905,3,0.16872035650526226,0.03385162480891671,0.2563492063492063,0.04494080468712066
secondary/exploratory,smids,mobilenet_v3_large,equal_mean_of_7_device_corruptions,3,0.48,0.1650132275132275,0.0373486981573955,3,0.16872035650526226,0.03385162480891671,0.2563492063492063,0.04494080468712066
secondary/exploratory,smids,mobilenet_v3_large,equal_mean_of_7_device_corruptions,3,0.49,0.16909620991253646,0.036452865565619136,3,0.16872035650526226,0.03385162480891671,0.2563492063492063,0.04494080468712066
secondary/exploratory,smids,mobilenet_v3_large,equal_mean_of_7_device_corruptions,3,0.5,0.17206349206349206,0.037146926923962105,3,0.16872035650526226,0.03385162480891671,0.2563492063492063,0.04494080468712066
secondary/exploratory,smids,mobilenet_v3_large,equal_mean_of_7_device_corruptions,3,0.51,0.1758481170245876,0.037700640906052664,3,0.16872035650526226,0.03385162480891671,0.2563492063492063,0.04494080468712066
secondary/exploratory,smids,mobilenet_v3_large,equal_mean_of_7_device_corruptions,3,0.52,0.1804029304029304,0.03592499129291764,3,0.16872035650526226,0.03385162480891671,0.2563492063492063,0.04494080468712066
secondary/exploratory,smids,mobilenet_v3_large,equal_mean_of_7_device_corruptions,3,0.53,0.18388739143456123,0.034940458363347894,3,0.16872035650526226,0.03385162480891671,0.2563492063492063,0.04494080468712066
secondary/exploratory,smids,mobilenet_v3_large,equal_mean_of_7_device_corruptions,3,0.54,0.18606701940035275,0.03540539664882667,3,0.16872035650526226,0.03385162480891671,0.2563492063492063,0.04494080468712066
secondary/exploratory,smids,mobilenet_v3_large,equal_mean_of_7_device_corruptions,3,0.55,0.18961038961038965,0.035455576154880125,3,0.16872035650526226,0.03385162480891671,0.2563492063492063,0.04494080468712066
secondary/exploratory,smids,mobilenet_v3_large,equal_mean_of_7_device_corruptions,3,0.56,0.19217687074829928,0.03482244086640011,3,0.16872035650526226,0.03385162480891671,0.2563492063492063,0.04494080468712066
secondary/exploratory,smids,mobilenet_v3_large,equal_mean_of_7_device_corruptions,3,0.5700000000000001,0.19576719576719578,0.03660953054654232,3,0.16872035650526226,0.03385162480891671,0.2563492063492063,0.04494080468712066
secondary/exploratory,smids,mobilenet_v3_large,equal_mean_of_7_device_corruptions,3,0.58,0.1984126984126984,0.03712176069061795,3,0.16872035650526226,0.03385162480891671,0.2563492063492063,0.04494080468712066
secondary/exploratory,smids,mobilenet_v3_large,equal_mean_of_7_device_corruptions,3,0.59,0.20069948883508207,0.03724350278326006,3,0.16872035650526226,0.03385162480891671,0.2563492063492063,0.04494080468712066
secondary/exploratory,smids,mobilenet_v3_large,equal_mean_of_7_device_corruptions,3,0.6,0.20370370370370372,0.037874137922059854,3,0.16872035650526226,0.03385162480891671,0.2563492063492063,0.04494080468712066
secondary/exploratory,smids,mobilenet_v3_large,equal_mean_of_7_device_corruptions,3,0.61,0.20634920634920637,0.038062377316110445,3,0.16872035650526226,0.03385162480891671,0.2563492063492063,0.04494080468712066
secondary/exploratory,smids,mobilenet_v3_large,equal_mean_of_7_device_corruptions,3,0.62,0.21018945212493598,0.03977080845700233,3,0.16872035650526226,0.03385162480891671,0.2563492063492063,0.04494080468712066
secondary/exploratory,smids,mobilenet_v3_large,equal_mean_of_7_device_corruptions,3,0.63,0.21189216427311663,0.03971911594646218,3,0.16872035650526226,0.03385162480891671,0.2563492063492063,0.04494080468712066
secondary/exploratory,smids,mobilenet_v3_large,equal_mean_of_7_device_corruptions,3,0.64,0.21453373015873015,0.039436863512501905,3,0.16872035650526226,0.03385162480891671,0.2563492063492063,0.04494080468712066
secondary/exploratory,smids,mobilenet_v3_large,equal_mean_of_7_device_corruptions,3,0.65,0.21855921855921856,0.03992730001511469,3,0.16872035650526226,0.03385162480891671,0.2563492063492063,0.04494080468712066
secondary/exploratory,smids,mobilenet_v3_large,equal_mean_of_7_device_corruptions,3,0.66,0.22005772005772006,0.0409225134559516,3,0.16872035650526226,0.03385162480891671,0.2563492063492063,0.04494080468712066
secondary/exploratory,smids,mobilenet_v3_large,equal_mean_of_7_device_corruptions,3,0.67,0.22293295427623783,0.04277599385816626,3,0.16872035650526226,0.03385162480891671,0.2563492063492063,0.04494080468712066
secondary/exploratory,smids,mobilenet_v3_large,equal_mean_of_7_device_corruptions,3,0.68,0.22478991596638656,0.043411719159184514,3,0.16872035650526226,0.03385162480891671,0.2563492063492063,0.04494080468712066
secondary/exploratory,smids,mobilenet_v3_large,equal_mean_of_7_device_corruptions,3,0.6900000000000001,0.2284334023464459,0.04211496563807414,3,0.16872035650526226,0.03385162480891671,0.2563492063492063,0.04494080468712066
secondary/exploratory,smids,mobilenet_v3_large,equal_mean_of_7_device_corruptions,3,0.7000000000000001,0.23174603174603178,0.04303135595281455,3,0.16872035650526226,0.03385162480891671,0.2563492063492063,0.04494080468712066
secondary/exploratory,smids,mobilenet_v3_large,equal_mean_of_7_device_corruptions,3,0.71,0.2336239660183322,0.042504727024230984,3,0.16872035650526226,0.03385162480891671,0.2563492063492063,0.04494080468712066
secondary/exploratory,smids,mobilenet_v3_large,equal_mean_of_7_device_corruptions,3,0.72,0.23677248677248677,0.041640413329886786,3,0.16872035650526226,0.03385162480891671,0.2563492063492063,0.04494080468712066
secondary/exploratory,smids,mobilenet_v3_large,equal_mean_of_7_device_corruptions,3,0.73,0.23896499238964988,0.041795743754800836,3,0.16872035650526226,0.03385162480891671,0.2563492063492063,0.04494080468712066
secondary/exploratory,smids,mobilenet_v3_large,equal_mean_of_7_device_corruptions,3,0.74,0.24109824109824107,0.04194781901645518,3,0.16872035650526226,0.03385162480891671,0.2563492063492063,0.04494080468712066
secondary/exploratory,smids,mobilenet_v3_large,equal_mean_of_7_device_corruptions,3,0.75,0.24275132275132275,0.042088741548221176,3,0.16872035650526226,0.03385162480891671,0.2563492063492063,0.04494080468712066
secondary/exploratory,smids,mobilenet_v3_large,equal_mean_of_7_device_corruptions,3,0.76,0.2456140350877193,0.0429232294698094,3,0.16872035650526226,0.03385162480891671,0.2563492063492063,0.04494080468712066
secondary/exploratory,smids,mobilenet_v3_large,equal_mean_of_7_device_corruptions,3,0.77,0.2473716759431045,0.04383000994280747,3,0.16872035650526226,0.03385162480891671,0.2563492063492063,0.04494080468712066
secondary/exploratory,smids,mobilenet_v3_large,equal_mean_of_7_device_corruptions,3,0.78,0.2505087505087505,0.04423637601524303,3,0.16872035650526226,0.03385162480891671,0.2563492063492063,0.04494080468712066
secondary/exploratory,smids,mobilenet_v3_large,equal_mean_of_7_device_corruptions,3,0.79,0.25316455696202533,0.044739384000032564,3,0.16872035650526226,0.03385162480891671,0.2563492063492063,0.04494080468712066
secondary/exploratory,smids,mobilenet_v3_large,equal_mean_of_7_device_corruptions,3,0.8,0.2563492063492064,0.04494080468712066,3,0.16872035650526226,0.03385162480891671,0.2563492063492063,0.04494080468712066
secondary/exploratory,smids,mobilenet_v3_large,equal_mean_of_7_device_corruptions,3,0.81,0.258867332941407,0.047259635114654946,3,0.16872035650526226,0.03385162480891671,0.2563492063492063,0.04494080468712066
secondary/exploratory,smids,mobilenet_v3_large,equal_mean_of_7_device_corruptions,3,0.8200000000000001,0.26209833526906695,0.04823939897551326,3,0.16872035650526226,0.03385162480891671,0.2563492063492063,0.04494080468712066
secondary/exploratory,smids,mobilenet_v3_large,equal_mean_of_7_device_corruptions,3,0.8300000000000001,0.2658252055842417,0.04932798595968858,3,0.16872035650526226,0.03385162480891671,0.2563492063492063,0.04494080468712066
secondary/exploratory,smids,mobilenet_v3_large,equal_mean_of_7_device_corruptions,3,0.84,0.2687074829931973,0.049055119394067884,3,0.16872035650526226,0.03385162480891671,0.2563492063492063,0.04494080468712066
secondary/exploratory,smids,mobilenet_v3_large,equal_mean_of_7_device_corruptions,3,0.85,0.273015873015873,0.04871158392424864,3,0.16872035650526226,0.03385162480891671,0.2563492063492063,0.04494080468712066
secondary/exploratory,smids,mobilenet_v3_large,equal_mean_of_7_device_corruptions,3,0.86,0.2759320782576597,0.048380217137362354,3,0.16872035650526226,0.03385162480891671,0.2563492063492063,0.04494080468712066
secondary/exploratory,smids,mobilenet_v3_large,equal_mean_of_7_device_corruptions,3,0.87,0.2791461412151068,0.04904471120820536,3,0.16872035650526226,0.03385162480891671,0.2563492063492063,0.04494080468712066
secondary/exploratory,smids,mobilenet_v3_large,equal_mean_of_7_device_corruptions,3,0.88,0.28318903318903316,0.049091550102576695,3,0.16872035650526226,0.03385162480891671,0.2563492063492063,0.04494080468712066
secondary/exploratory,smids,mobilenet_v3_large,equal_mean_of_7_device_corruptions,3,0.89,0.2867843766720171,0.05038810504521988,3,0.16872035650526226,0.03385162480891671,0.2563492063492063,0.04494080468712066
secondary/exploratory,smids,mobilenet_v3_large,equal_mean_of_7_device_corruptions,3,0.9,0.2892416225749559,0.04872706598867697,3,0.16872035650526226,0.03385162480891671,0.2563492063492063,0.04494080468712066
secondary/exploratory,smids,mobilenet_v3_large,equal_mean_of_7_device_corruptions,3,0.91,0.2907727193441479,0.04796663652129014,3,0.16872035650526226,0.03385162480891671,0.2563492063492063,0.04494080468712066
secondary/exploratory,smids,mobilenet_v3_large,equal_mean_of_7_device_corruptions,3,0.92,0.2929606625258799,0.047963802869743076,3,0.16872035650526226,0.03385162480891671,0.2563492063492063,0.04494080468712066
secondary/exploratory,smids,mobilenet_v3_large,equal_mean_of_7_device_corruptions,3,0.93,0.29629629629629634,0.046384441687098495,3,0.16872035650526226,0.03385162480891671,0.2563492063492063,0.04494080468712066
secondary/exploratory,smids,mobilenet_v3_large,equal_mean_of_7_device_corruptions,3,0.9400000000000001,0.29956095913542724,0.04636665327387887,3,0.16872035650526226,0.03385162480891671,0.2563492063492063,0.04494080468712066
secondary/exploratory,smids,mobilenet_v3_large,equal_mean_of_7_device_corruptions,3,0.9500000000000001,0.3027568922305765,0.04678869766038431,3,0.16872035650526226,0.03385162480891671,0.2563492063492063,0.04494080468712066
secondary/exploratory,smids,mobilenet_v3_large,equal_mean_of_7_device_corruptions,3,0.96,0.30671296296296297,0.04849540137586791,3,0.16872035650526226,0.03385162480891671,0.2563492063492063,0.04494080468712066
secondary/exploratory,smids,mobilenet_v3_large,equal_mean_of_7_device_corruptions,3,0.97,0.3099329078710522,0.048898325995786314,3,0.16872035650526226,0.03385162480891671,0.2563492063492063,0.04494080468712066
secondary/exploratory,smids,mobilenet_v3_large,equal_mean_of_7_device_corruptions,3,0.98,0.31341107871720114,0.0491392764629601,3,0.16872035650526226,0.03385162480891671,0.2563492063492063,0.04494080468712066
secondary/exploratory,smids,mobilenet_v3_large,equal_mean_of_7_device_corruptions,3,0.99,0.3171396504729838,0.04998780769240307,3,0.16872035650526226,0.03385162480891671,0.2563492063492063,0.04494080468712066
secondary/exploratory,smids,mobilenet_v3_large,equal_mean_of_7_device_corruptions,3,1.0,0.32031746031746033,0.04922145185537831,3,0.16872035650526226,0.03385162480891671,0.2563492063492063,0.04494080468712066
secondary/exploratory,smids,mobilenet_v3_large,equal_mean_of_7_device_corruptions,4,0.0,0.0,0.0,3,0.2535009188458622,0.05689154026898088,0.3507936507936507,0.08249221200557165
secondary/exploratory,smids,mobilenet_v3_large,equal_mean_of_7_device_corruptions,4,0.01,0.047619047619047616,0.047619047619047616,3,0.2535009188458622,0.05689154026898088,0.3507936507936507,0.08249221200557165
secondary/exploratory,smids,mobilenet_v3_large,equal_mean_of_7_device_corruptions,4,0.02,0.08730158730158728,0.036369648372665396,3,0.2535009188458622,0.05689154026898088,0.3507936507936507,0.08249221200557165
secondary/exploratory,smids,mobilenet_v3_large,equal_mean_of_7_device_corruptions,4,0.03,0.09523809523809523,0.041996052556580794,3,0.2535009188458622,0.05689154026898088,0.3507936507936507,0.08249221200557165
secondary/exploratory,smids,mobilenet_v3_large,equal_mean_of_7_device_corruptions,4,0.04,0.0992063492063492,0.04811252243246881,3,0.2535009188458622,0.05689154026898088,0.3507936507936507,0.08249221200557165
secondary/exploratory,smids,mobilenet_v3_large,equal_mean_of_7_device_corruptions,4,0.05,0.11111111111111112,0.05819143739626464,3,0.2535009188458622,0.05689154026898088,0.3507936507936507,0.08249221200557165
secondary/exploratory,smids,mobilenet_v3_large,equal_mean_of_7_device_corruptions,4,0.06,0.11111111111111112,0.04956347617776507,3,0.2535009188458622,0.05689154026898088,0.3507936507936507,0.08249221200557165
secondary/exploratory,smids,mobilenet_v3_large,equal_mean_of_7_device_corruptions,4,0.07,0.108843537414966,0.05135941792701191,3,0.2535009188458622,0.05689154026898088,0.3507936507936507,0.08249221200557165
secondary/exploratory,smids,mobilenet_v3_large,equal_mean_of_7_device_corruptions,4,0.08,0.1130952380952381,0.04493949068613543,3,0.2535009188458622,0.05689154026898088,0.3507936507936507,0.08249221200557165
secondary/exploratory,smids,mobilenet_v3_large,equal_mean_of_7_device_corruptions,4,0.09,0.1164021164021164,0.0346954419275238,3,0.2535009188458622,0.05689154026898088,0.3507936507936507,0.08249221200557165
secondary/exploratory,smids,mobilenet_v3_large,equal_mean_of_7_device_corruptions,4,0.1,0.12063492063492064,0.036369648372665396,3,0.2535009188458622,0.05689154026898088,0.3507936507936507,0.08249221200557165
secondary/exploratory,smids,mobilenet_v3_large,equal_mean_of_7_device_corruptions,4,0.11,0.12554112554112554,0.032683265953553024,3,0.2535009188458622,0.05689154026898088,0.3507936507936507,0.08249221200557165
secondary/exploratory,smids,mobilenet_v3_large,equal_mean_of_7_device_corruptions,4,0.12,0.12962962962962962,0.029783942458194993,3,0.2535009188458622,0.05689154026898088,0.3507936507936507,0.08249221200557165
secondary/exploratory,smids,mobilenet_v3_large,equal_mean_of_7_device_corruptions,4,0.13,0.13186813186813187,0.03129671701581514,3,0.2535009188458622,0.05689154026898088,0.3507936507936507,0.08249221200557165
secondary/exploratory,smids,mobilenet_v3_large,equal_mean_of_7_device_corruptions,4,0.14,0.12811791383219953,0.029717329755286074,3,0.2535009188458622,0.05689154026898088,0.3507936507936507,0.08249221200557165
secondary/exploratory,smids,mobilenet_v3_large,equal_mean_of_7_device_corruptions,4,0.15,0.13862433862433862,0.02566001196398337,3,0.2535009188458622,0.05689154026898088,0.3507936507936507,0.08249221200557165
secondary/exploratory,smids,mobilenet_v3_large,equal_mean_of_7_device_corruptions,4,0.16,0.1388888888888889,0.026840772338231518,3,0.2535009188458622,0.05689154026898088,0.3507936507936507,0.08249221200557165
secondary/exploratory,smids,mobilenet_v3_large,equal_mean_of_7_device_corruptions,4,0.17,0.1391223155929038,0.025261903377159067,3,0.2535009188458622,0.05689154026898088,0.3507936507936507,0.08249221200557165
secondary/exploratory,smids,mobilenet_v3_large,equal_mean_of_7_device_corruptions,4,0.18,0.1437389770723104,0.025143875536831138,3,0.2535009188458622,0.05689154026898088,0.3507936507936507,0.08249221200557165
secondary/exploratory,smids,mobilenet_v3_large,equal_mean_of_7_device_corruptions,4,0.19,0.14536340852130328,0.020050125313283214,3,0.2535009188458622,0.05689154026898088,0.3507936507936507,0.08249221200557165
secondary/exploratory,smids,mobilenet_v3_large,equal_mean_of_7_device_corruptions,4,0.2,0.15,0.01948893517112489,3,0.2535009188458622,0.05689154026898088,0.3507936507936507,0.08249221200557165
secondary/exploratory,smids,mobilenet_v3_large,equal_mean_of_7_device_corruptions,4,0.21,0.15343915343915346,0.020450112257700218,3,0.2535009188458622,0.05689154026898088,0.3507936507936507,0.08249221200557165
secondary/exploratory,smids,mobilenet_v3_large,equal_mean_of_7_device_corruptions,4,0.22,0.15728715728715728,0.019640198540860302,3,0.2535009188458622,0.05689154026898088,0.3507936507936507,0.08249221200557165
secondary/exploratory,smids,mobilenet_v3_large,equal_mean_of_7_device_corruptions,4,0.23,0.15804002760524502,0.02194356534932317,3,0.2535009188458622,0.05689154026898088,0.3507936507936507,0.08249221200557165
secondary/exploratory,smids,mobilenet_v3_large,equal_mean_of_7_device_corruptions,4,0.24,0.16005291005291003,0.025895200992661224,3,0.2535009188458622,0.05689154026898088,0.3507936507936507,0.08249221200557165
secondary/exploratory,smids,mobilenet_v3_large,equal_mean_of_7_device_corruptions,4,0.25,0.16063492063492066,0.025365059498969136,3,0.2535009188458622,0.05689154026898088,0.3507936507936507,0.08249221200557165
secondary/exploratory,smids,mobilenet_v3_large,equal_mean_of_7_device_corruptions,4,0.26,0.16605616605616605,0.029833435220685264,3,0.2535009188458622,0.05689154026898088,0.3507936507936507,0.08249221200557165
secondary/exploratory,smids,mobilenet_v3_large,equal_mean_of_7_device_corruptions,4,0.27,0.17107583774250443,0.03378702656202474,3,0.2535009188458622,0.05689154026898088,0.3507936507936507,0.08249221200557165
secondary/exploratory,smids,mobilenet_v3_large,equal_mean_of_7_device_corruptions,4,0.28,0.1780045351473923,0.03632986387757849,3,0.2535009188458622,0.05689154026898088,0.3507936507936507,0.08249221200557165
secondary/exploratory,smids,mobilenet_v3_large,equal_mean_of_7_device_corruptions,4,0.29,0.18281335522714834,0.036025139949434785,3,0.2535009188458622,0.05689154026898088,0.3507936507936507,0.08249221200557165
secondary/exploratory,smids,mobilenet_v3_large,equal_mean_of_7_device_corruptions,4,0.3,0.18465608465608463,0.03662277773687239,3,0.2535009188458622,0.05689154026898088,0.3507936507936507,0.08249221200557165
secondary/exploratory,smids,mobilenet_v3_large,equal_mean_of_7_device_corruptions,4,0.31,0.1889400921658986,0.03657720706540909,3,0.2535009188458622,0.05689154026898088,0.3507936507936507,0.08249221200557165
secondary/exploratory,smids,mobilenet_v3_large,equal_mean_of_7_device_corruptions,4,0.32,0.19444444444444445,0.03881428603073339,3,0.2535009188458622,0.05689154026898088,0.3507936507936507,0.08249221200557165
secondary/exploratory,smids,mobilenet_v3_large,equal_mean_of_7_device_corruptions,4,0.33,0.1976911976911977,0.03954455874760382,3,0.2535009188458622,0.05689154026898088,0.3507936507936507,0.08249221200557165
secondary/exploratory,smids,mobilenet_v3_large,equal_mean_of_7_device_corruptions,4,0.34,0.2035480859010271,0.04294797621701931,3,0.2535009188458622,0.05689154026898088,0.3507936507936507,0.08249221200557165
secondary/exploratory,smids,mobilenet_v3_large,equal_mean_of_7_device_corruptions,4,0.35000000000000003,0.2063492063492064,0.04622514470126855,3,0.2535009188458622,0.05689154026898088,0.3507936507936507,0.08249221200557165
secondary/exploratory,smids,mobilenet_v3_large,equal_mean_of_7_device_corruptions,4,0.36,0.20899470899470898,0.04897753593008892,3,0.2535009188458622,0.05689154026898088,0.3507936507936507,0.08249221200557165
secondary/exploratory,smids,mobilenet_v3_large,equal_mean_of_7_device_corruptions,4,0.37,0.21063921063921065,0.05087047942184903,3,0.2535009188458622,0.05689154026898088,0.3507936507936507,0.08249221200557165
secondary/exploratory,smids,mobilenet_v3_large,equal_mean_of_7_device_corruptions,4,0.38,0.21428571428571427,0.051286671502960214,3,0.2535009188458622,0.05689154026898088,0.3507936507936507,0.08249221200557165
secondary/exploratory,smids,mobilenet_v3_large,equal_mean_of_7_device_corruptions,4,0.39,0.21855921855921856,0.05197508340364531,3,0.2535009188458622,0.05689154026898088,0.3507936507936507,0.08249221200557165
secondary/exploratory,smids,mobilenet_v3_large,equal_mean_of_7_device_corruptions,4,0.4,0.2246031746031746,0.05484379660179598,3,0.2535009188458622,0.05689154026898088,0.3507936507936507,0.08249221200557165
secondary/exploratory,smids,mobilenet_v3_large,equal_mean_of_7_device_corruptions,4,0.41000000000000003,0.22841656987998452,0.05804102928969468,3,0.2535009188458622,0.05689154026898088,0.3507936507936507,0.08249221200557165
secondary/exploratory,smids,mobilenet_v3_large,equal_mean_of_7_device_corruptions,4,0.42,0.23204837490551777,0.05896054991999301,3,0.2535009188458622,0.05689154026898088,0.3507936507936507,0.08249221200557165
secondary/exploratory,smids,mobilenet_v3_large,equal_mean_of_7_device_corruptions,4,0.43,0.23735695828719083,0.06014148941872662,3,0.2535009188458622,0.05689154026898088,0.3507936507936507,0.08249221200557165
secondary/exploratory,smids,mobilenet_v3_large,equal_mean_of_7_device_corruptions,4,0.44,0.24206349206349206,0.06230546206192377,3,0.2535009188458622,0.05689154026898088,0.3507936507936507,0.08249221200557165
secondary/exploratory,smids,mobilenet_v3_large,equal_mean_of_7_device_corruptions,4,0.45,0.2458553791887125,0.06358312106554584,3,0.2535009188458622,0.05689154026898088,0.3507936507936507,0.08249221200557165
secondary/exploratory,smids,mobilenet_v3_large,equal_mean_of_7_device_corruptions,4,0.46,0.2505175983436853,0.06378021449585658,3,0.2535009188458622,0.05689154026898088,0.3507936507936507,0.08249221200557165
secondary/exploratory,smids,mobilenet_v3_large,equal_mean_of_7_device_corruptions,4,0.47000000000000003,0.2553191489361702,0.06462888929611774,3,0.2535009188458622,0.05689154026898088,0.3507936507936507,0.08249221200557165
secondary/exploratory,smids,mobilenet_v3_large,equal_mean_of_7_device_corruptions,4,0.48,0.25859788359788355,0.0646467221570212,3,0.2535009188458622,0.05689154026898088,0.3507936507936507,0.08249221200557165
secondary/exploratory,smids,mobilenet_v3_large,equal_mean_of_7_device_corruptions,4,0.49,0.26433430515063167,0.06854585024133084,3,0.2535009188458622,0.05689154026898088,0.3507936507936507,0.08249221200557165
secondary/exploratory,smids,mobilenet_v3_large,equal_mean_of_7_device_corruptions,4,0.5,0.26825396825396824,0.0682620888487782,3,0.2535009188458622,0.05689154026898088,0.3507936507936507,0.08249221200557165
secondary/exploratory,smids,mobilenet_v3_large,equal_mean_of_7_device_corruptions,4,0.51,0.27233115468409586,0.06877391418546612,3,0.2535009188458622,0.05689154026898088,0.3507936507936507,0.08249221200557165
secondary/exploratory,smids,mobilenet_v3_large,equal_mean_of_7_device_corruptions,4,0.52,0.2753357753357753,0.07017504688104587,3,0.2535009188458622,0.05689154026898088,0.3507936507936507,0.08249221200557165
secondary/exploratory,smids,mobilenet_v3_large,equal_mean_of_7_device_corruptions,4,0.53,0.2776280323450135,0.0707001458145768,3,0.2535009188458622,0.05689154026898088,0.3507936507936507,0.08249221200557165
secondary/exploratory,smids,mobilenet_v3_large,equal_mean_of_7_device_corruptions,4,0.54,0.2821869488536155,0.07255196886094051,3,0.2535009188458622,0.05689154026898088,0.3507936507936507,0.08249221200557165
secondary/exploratory,smids,mobilenet_v3_large,equal_mean_of_7_device_corruptions,4,0.55,0.2857142857142857,0.07200215718196289,3,0.2535009188458622,0.05689154026898088,0.3507936507936507,0.08249221200557165
secondary/exploratory,smids,mobilenet_v3_large,equal_mean_of_7_device_corruptions,4,0.56,0.288265306122449,0.07349910428246953,3,0.2535009188458622,0.05689154026898088,0.3507936507936507,0.08249221200557165
secondary/exploratory,smids,mobilenet_v3_large,equal_mean_of_7_device_corruptions,4,0.5700000000000001,0.29211918685602895,0.0732333578128572,3,0.2535009188458622,0.05689154026898088,0.3507936507936507,0.08249221200557165
secondary/exploratory,smids,mobilenet_v3_large,equal_mean_of_7_device_corruptions,4,0.58,0.2947454844006568,0.07447769767603676,3,0.2535009188458622,0.05689154026898088,0.3507936507936507,0.08249221200557165
secondary/exploratory,smids,mobilenet_v3_large,equal_mean_of_7_device_corruptions,4,0.59,0.29916599408124833,0.07390315200707803,3,0.2535009188458622,0.05689154026898088,0.3507936507936507,0.08249221200557165
secondary/exploratory,smids,mobilenet_v3_large,equal_mean_of_7_device_corruptions,4,0.6,0.3013227513227513,0.07422367734756576,3,0.2535009188458622,0.05689154026898088,0.3507936507936507,0.08249221200557165
secondary/exploratory,smids,mobilenet_v3_large,equal_mean_of_7_device_corruptions,4,0.61,0.3036690085870414,0.07384789565203605,3,0.2535009188458622,0.05689154026898088,0.3507936507936507,0.08249221200557165
secondary/exploratory,smids,mobilenet_v3_large,equal_mean_of_7_device_corruptions,4,0.62,0.3059395801331285,0.07477081141329978,3,0.2535009188458622,0.05689154026898088,0.3507936507936507,0.08249221200557165
secondary/exploratory,smids,mobilenet_v3_large,equal_mean_of_7_device_corruptions,4,0.63,0.30864197530864196,0.07481211501905745,3,0.2535009188458622,0.05689154026898088,0.3507936507936507,0.08249221200557165
secondary/exploratory,smids,mobilenet_v3_large,equal_mean_of_7_device_corruptions,4,0.64,0.3110119047619047,0.07577240090524764,3,0.2535009188458622,0.05689154026898088,0.3507936507936507,0.08249221200557165
secondary/exploratory,smids,mobilenet_v3_large,equal_mean_of_7_device_corruptions,4,0.65,0.3133089133089133,0.07546972890765057,3,0.2535009188458622,0.05689154026898088,0.3507936507936507,0.08249221200557165
secondary/exploratory,smids,mobilenet_v3_large,equal_mean_of_7_device_corruptions,4,0.66,0.31577681577681577,0.07814000488043638,3,0.2535009188458622,0.05689154026898088,0.3507936507936507,0.08249221200557165
secondary/exploratory,smids,mobilenet_v3_large,equal_mean_of_7_device_corruptions,4,0.67,0.3179341388296612,0.07902027948742946,3,0.2535009188458622,0.05689154026898088,0.3507936507936507,0.08249221200557165
secondary/exploratory,smids,mobilenet_v3_large,equal_mean_of_7_device_corruptions,4,0.68,0.32072829131652664,0.07849387265659415,3,0.2535009188458622,0.05689154026898088,0.3507936507936507,0.08249221200557165
secondary/exploratory,smids,mobilenet_v3_large,equal_mean_of_7_device_corruptions,4,0.6900000000000001,0.3241315850011503,0.08038274935316352,3,0.2535009188458622,0.05689154026898088,0.3507936507936507,0.08249221200557165
secondary/exploratory,smids,mobilenet_v3_large,equal_mean_of_7_device_corruptions,4,0.7000000000000001,0.3272108843537415,0.081556086541584,3,0.2535009188458622,0.05689154026898088,0.3507936507936507,0.08249221200557165
secondary/exploratory,smids,mobilenet_v3_large,equal_mean_of_7_device_corruptions,4,0.71,0.329309188464118,0.08215346477683469,3,0.2535009188458622,0.05689154026898088,0.3507936507936507,0.08249221200557165
secondary/exploratory,smids,mobilenet_v3_large,equal_mean_of_7_device_corruptions,4,0.72,0.3315696649029983,0.08214470315187232,3,0.2535009188458622,0.05689154026898088,0.3507936507936507,0.08249221200557165
secondary/exploratory,smids,mobilenet_v3_large,equal_mean_of_7_device_corruptions,4,0.73,0.3337682104805393,0.08259804267546239,3,0.2535009188458622,0.05689154026898088,0.3507936507936507,0.08249221200557165
secondary/exploratory,smids,mobilenet_v3_large,equal_mean_of_7_device_corruptions,4,0.74,0.3359073359073359,0.08311876392518673,3,0.2535009188458622,0.05689154026898088,0.3507936507936507,0.08249221200557165
secondary/exploratory,smids,mobilenet_v3_large,equal_mean_of_7_device_corruptions,4,0.75,0.3382010582010582,0.08346811976869174,3,0.2535009188458622,0.05689154026898088,0.3507936507936507,0.08249221200557165
secondary/exploratory,smids,mobilenet_v3_large,equal_mean_of_7_device_corruptions,4,0.76,0.3412698412698412,0.0829918695570907,3,0.2535009188458622,0.05689154026898088,0.3507936507936507,0.08249221200557165
secondary/exploratory,smids,mobilenet_v3_large,equal_mean_of_7_device_corruptions,4,0.77,0.3444650587507731,0.08247860988423227,3,0.2535009188458622,0.05689154026898088,0.3507936507936507,0.08249221200557165
secondary/exploratory,smids,mobilenet_v3_large,equal_mean_of_7_device_corruptions,4,0.78,0.3471713471713472,0.08251098884009175,3,0.2535009188458622,0.05689154026898088,0.3507936507936507,0.08249221200557165
secondary/exploratory,smids,mobilenet_v3_large,equal_mean_of_7_device_corruptions,4,0.79,0.34940727345790634,0.08282442752064467,3,0.2535009188458622,0.05689154026898088,0.3507936507936507,0.08249221200557165
secondary/exploratory,smids,mobilenet_v3_large,equal_mean_of_7_device_corruptions,4,0.8,0.3507936507936508,0.08249221200557166,3,0.2535009188458622,0.05689154026898088,0.3507936507936507,0.08249221200557165
secondary/exploratory,smids,mobilenet_v3_large,equal_mean_of_7_device_corruptions,4,0.81,0.35371350186165,0.08249187825074529,3,0.2535009188458622,0.05689154026898088,0.3507936507936507,0.08249221200557165
secondary/exploratory,smids,mobilenet_v3_large,equal_mean_of_7_device_corruptions,4,0.8200000000000001,0.3563685636856369,0.08243430300668857,3,0.2535009188458622,0.05689154026898088,0.3507936507936507,0.08249221200557165
secondary/exploratory,smids,mobilenet_v3_large,equal_mean_of_7_device_corruptions,4,0.8300000000000001,0.35781220118569523,0.08106843170508556,3,0.2535009188458622,0.05689154026898088,0.3507936507936507,0.08249221200557165
secondary/exploratory,smids,mobilenet_v3_large,equal_mean_of_7_device_corruptions,4,0.84,0.3601662887377173,0.08003911486799077,3,0.2535009188458622,0.05689154026898088,0.3507936507936507,0.08249221200557165
secondary/exploratory,smids,mobilenet_v3_large,equal_mean_of_7_device_corruptions,4,0.85,0.3619047619047619,0.0790352899798402,3,0.2535009188458622,0.05689154026898088,0.3507936507936507,0.08249221200557165
secondary/exploratory,smids,mobilenet_v3_large,equal_mean_of_7_device_corruptions,4,0.86,0.36378737541528244,0.07906232225294146,3,0.2535009188458622,0.05689154026898088,0.3507936507936507,0.08249221200557165
secondary/exploratory,smids,mobilenet_v3_large,equal_mean_of_7_device_corruptions,4,0.87,0.3663565042875388,0.07879936030239669,3,0.2535009188458622,0.05689154026898088,0.3507936507936507,0.08249221200557165
secondary/exploratory,smids,mobilenet_v3_large,equal_mean_of_7_device_corruptions,4,0.88,0.369949494949495,0.0776139540914202,3,0.2535009188458622,0.05689154026898088,0.3507936507936507,0.08249221200557165
secondary/exploratory,smids,mobilenet_v3_large,equal_mean_of_7_device_corruptions,4,0.89,0.3729266987693954,0.07751514654077762,3,0.2535009188458622,0.05689154026898088,0.3507936507936507,0.08249221200557165
secondary/exploratory,smids,mobilenet_v3_large,equal_mean_of_7_device_corruptions,4,0.9,0.3758377425044092,0.07666908269611643,3,0.2535009188458622,0.05689154026898088,0.3507936507936507,0.08249221200557165
secondary/exploratory,smids,mobilenet_v3_large,equal_mean_of_7_device_corruptions,4,0.91,0.3785103785103785,0.07416894053509727,3,0.2535009188458622,0.05689154026898088,0.3507936507936507,0.08249221200557165
secondary/exploratory,smids,mobilenet_v3_large,equal_mean_of_7_device_corruptions,4,0.92,0.3806073153899241,0.07542268114007725,3,0.2535009188458622,0.05689154026898088,0.3507936507936507,0.08249221200557165
secondary/exploratory,smids,mobilenet_v3_large,equal_mean_of_7_device_corruptions,4,0.93,0.3819764464925755,0.07275731624092403,3,0.2535009188458622,0.05689154026898088,0.3507936507936507,0.08249221200557165
secondary/exploratory,smids,mobilenet_v3_large,equal_mean_of_7_device_corruptions,4,0.9400000000000001,0.38432961837217156,0.07261217531660982,3,0.2535009188458622,0.05689154026898088,0.3507936507936507,0.08249221200557165
secondary/exploratory,smids,mobilenet_v3_large,equal_mean_of_7_device_corruptions,4,0.9500000000000001,0.38546365914786973,0.07080987824124432,3,0.2535009188458622,0.05689154026898088,0.3507936507936507,0.08249221200557165
secondary/exploratory,smids,mobilenet_v3_large,equal_mean_of_7_device_corruptions,4,0.96,0.3882275132275132,0.07137745727724837,3,0.2535009188458622,0.05689154026898088,0.3507936507936507,0.08249221200557165
secondary/exploratory,smids,mobilenet_v3_large,equal_mean_of_7_device_corruptions,4,0.97,0.3909343806251023,0.06964175742778374,3,0.2535009188458622,0.05689154026898088,0.3507936507936507,0.08249221200557165
secondary/exploratory,smids,mobilenet_v3_large,equal_mean_of_7_device_corruptions,4,0.98,0.3924522189828312,0.07153646963422837,3,0.2535009188458622,0.05689154026898088,0.3507936507936507,0.08249221200557165
secondary/exploratory,smids,mobilenet_v3_large,equal_mean_of_7_device_corruptions,4,0.99,0.39522206188872855,0.07182439456629959,3,0.2535009188458622,0.05689154026898088,0.3507936507936507,0.08249221200557165
secondary/exploratory,smids,mobilenet_v3_large,equal_mean_of_7_device_corruptions,4,1.0,0.39825396825396825,0.07188794084757616,3,0.2535009188458622,0.05689154026898088,0.3507936507936507,0.08249221200557165
secondary/exploratory,smids,mobilenet_v3_large,equal_mean_of_7_device_corruptions,5,0.0,0.0,0.0,3,0.3791992501225528,0.0800411491852594,0.48571428571428577,0.09837829019585273
secondary/exploratory,smids,mobilenet_v3_large,equal_mean_of_7_device_corruptions,5,0.01,0.17460317460317457,0.07273929674533079,3,0.3791992501225528,0.0800411491852594,0.48571428571428577,0.09837829019585273
secondary/exploratory,smids,mobilenet_v3_large,equal_mean_of_7_device_corruptions,5,0.02,0.19047619047619047,0.06299407883487121,3,0.3791992501225528,0.0800411491852594,0.48571428571428577,0.09837829019585273
secondary/exploratory,smids,mobilenet_v3_large,equal_mean_of_7_device_corruptions,5,0.03,0.20634920634920637,0.06349206349206349,3,0.3791992501225528,0.0800411491852594,0.48571428571428577,0.09837829019585273
secondary/exploratory,smids,mobilenet_v3_large,equal_mean_of_7_device_corruptions,5,0.04,0.21825396825396826,0.059919320914847224,3,0.3791992501225528,0.0800411491852594,0.48571428571428577,0.09837829019585273
secondary/exploratory,smids,mobilenet_v3_large,equal_mean_of_7_device_corruptions,5,0.05,0.2063492063492063,0.04887239466139892,3,0.3791992501225528,0.0800411491852594,0.48571428571428577,0.09837829019585273
secondary/exploratory,smids,mobilenet_v3_large,equal_mean_of_7_device_corruptions,5,0.06,0.21164021164021163,0.055744199750543566,3,0.3791992501225528,0.0800411491852594,0.48571428571428577,0.09837829019585273
secondary/exploratory,smids,mobilenet_v3_large,equal_mean_of_7_device_corruptions,5,0.07,0.20408163265306123,0.0581224744579424,3,0.3791992501225528,0.0800411491852594,0.48571428571428577,0.09837829019585273
secondary/exploratory,smids,mobilenet_v3_large,equal_mean_of_7_device_corruptions,5,0.08,0.19642857142857142,0.056782095322437234,3,0.3791992501225528,0.0800411491852594,0.48571428571428577,0.09837829019585273
secondary/exploratory,smids,mobilenet_v3_large,equal_mean_of_7_device_corruptions,5,0.09,0.20634920634920637,0.05047297361994421,3,0.3791992501225528,0.0800411491852594,0.48571428571428577,0.09837829019585273
secondary/exploratory,smids,mobilenet_v3_large,equal_mean_of_7_device_corruptions,5,0.1,0.2142857142857143,0.04285714285714288,3,0.3791992501225528,0.0800411491852594,0.48571428571428577,0.09837829019585273
secondary/exploratory,smids,mobilenet_v3_large,equal_mean_of_7_device_corruptions,5,0.11,0.22077922077922077,0.04992451339684329,3,0.3791992501225528,0.0800411491852594,0.48571428571428577,0.09837829019585273
secondary/exploratory,smids,mobilenet_v3_large,equal_mean_of_7_device_corruptions,5,0.12,0.22486772486772488,0.05956788491638994,3,0.3791992501225528,0.0800411491852594,0.48571428571428577,0.09837829019585273
secondary/exploratory,smids,mobilenet_v3_large,equal_mean_of_7_device_corruptions,5,0.13,0.23076923076923075,0.04589730434484125,3,0.3791992501225528,0.0800411491852594,0.48571428571428577,0.09837829019585273
secondary/exploratory,smids,mobilenet_v3_large,equal_mean_of_7_device_corruptions,5,0.14,0.2335600907029479,0.051171356446243814,3,0.3791992501225528,0.0800411491852594,0.48571428571428577,0.09837829019585273
secondary/exploratory,smids,mobilenet_v3_large,equal_mean_of_7_device_corruptions,5,0.15,0.23597883597883598,0.05446395442310167,3,0.3791992501225528,0.0800411491852594,0.48571428571428577,0.09837829019585273
secondary/exploratory,smids,mobilenet_v3_large,equal_mean_of_7_device_corruptions,5,0.16,0.24107142857142852,0.05809292052364026,3,0.3791992501225528,0.0800411491852594,0.48571428571428577,0.09837829019585273
secondary/exploratory,smids,mobilenet_v3_large,equal_mean_of_7_device_corruptions,5,0.17,0.24463118580765641,0.05604574677295581,3,0.3791992501225528,0.0800411491852594,0.48571428571428577,0.09837829019585273
secondary/exploratory,smids,mobilenet_v3_large,equal_mean_of_7_device_corruptions,5,0.18,0.25044091710758376,0.052533936538294475,3,0.3791992501225528,0.0800411491852594,0.48571428571428577,0.09837829019585273
secondary/exploratory,smids,mobilenet_v3_large,equal_mean_of_7_device_corruptions,5,0.19,0.25146198830409355,0.05199117086884413,3,0.3791992501225528,0.0800411491852594,0.48571428571428577,0.09837829019585273
secondary/exploratory,smids,mobilenet_v3_large,equal_mean_of_7_device_corruptions,5,0.2,0.2563492063492063,0.051195090231333784,3,0.3791992501225528,0.0800411491852594,0.48571428571428577,0.09837829019585273
secondary/exploratory,smids,mobilenet_v3_large,equal_mean_of_7_device_corruptions,5,0.21,0.2675736961451247,0.0558670521304078,3,0.3791992501225528,0.0800411491852594,0.48571428571428577,0.09837829019585273
secondary/exploratory,smids,mobilenet_v3_large,equal_mean_of_7_device_corruptions,5,0.22,0.27417027417027423,0.05447210992258842,3,0.3791992501225528,0.0800411491852594,0.48571428571428577,0.09837829019585273
secondary/exploratory,smids,mobilenet_v3_large,equal_mean_of_7_device_corruptions,5,0.23,0.2781228433402347,0.054042158593379984,3,0.3791992501225528,0.0800411491852594,0.48571428571428577,0.09837829019585273
secondary/exploratory,smids,mobilenet_v3_large,equal_mean_of_7_device_corruptions,5,0.24,0.2824074074074074,0.05860176513235071,3,0.3791992501225528,0.0800411491852594,0.48571428571428577,0.09837829019585273
secondary/exploratory,smids,mobilenet_v3_large,equal_mean_of_7_device_corruptions,5,0.25,0.28444444444444444,0.06000251947343117,3,0.3791992501225528,0.0800411491852594,0.48571428571428577,0.09837829019585273
secondary/exploratory,smids,mobilenet_v3_large,equal_mean_of_7_device_corruptions,5,0.26,0.2881562881562882,0.058646202483627966,3,0.3791992501225528,0.0800411491852594,0.48571428571428577,0.09837829019585273
secondary/exploratory,smids,mobilenet_v3_large,equal_mean_of_7_device_corruptions,5,0.27,0.29394473838918284,0.06089978842365737,3,0.3791992501225528,0.0800411491852594,0.48571428571428577,0.09837829019585273
secondary/exploratory,smids,mobilenet_v3_large,equal_mean_of_7_device_corruptions,5,0.28,0.2976190476190476,0.06209230021608398,3,0.3791992501225528,0.0800411491852594,0.48571428571428577,0.09837829019585273
secondary/exploratory,smids,mobilenet_v3_large,equal_mean_of_7_device_corruptions,5,0.29,0.30268199233716475,0.06654468309161436,3,0.3791992501225528,0.0800411491852594,0.48571428571428577,0.09837829019585273
secondary/exploratory,smids,mobilenet_v3_large,equal_mean_of_7_device_corruptions,5,0.3,0.3058201058201058,0.06524047679068085,3,0.3791992501225528,0.0800411491852594,0.48571428571428577,0.09837829019585273
secondary/exploratory,smids,mobilenet_v3_large,equal_mean_of_7_device_corruptions,5,0.31,0.3102918586789554,0.06473519971030868,3,0.3791992501225528,0.0800411491852594,0.48571428571428577,0.09837829019585273
secondary/exploratory,smids,mobilenet_v3_large,equal_mean_of_7_device_corruptions,5,0.32,0.31845238095238093,0.06241136004616301,3,0.3791992501225528,0.0800411491852594,0.48571428571428577,0.09837829019585273
secondary/exploratory,smids,mobilenet_v3_large,equal_mean_of_7_device_corruptions,5,0.33,0.32323232323232326,0.062433788319722766,3,0.3791992501225528,0.0800411491852594,0.48571428571428577,0.09837829019585273
secondary/exploratory,smids,mobilenet_v3_large,equal_mean_of_7_device_corruptions,5,0.34,0.3272642390289449,0.06817338687683218,3,0.3791992501225528,0.0800411491852594,0.48571428571428577,0.09837829019585273
secondary/exploratory,smids,mobilenet_v3_large,equal_mean_of_7_device_corruptions,5,0.35000000000000003,0.3324263038548753,0.0691784669956221,3,0.3791992501225528,0.0800411491852594,0.48571428571428577,0.09837829019585273
secondary/exploratory,smids,mobilenet_v3_large,equal_mean_of_7_device_corruptions,5,0.36,0.33730158730158727,0.07103556392644204,3,0.3791992501225528,0.0800411491852594,0.48571428571428577,0.09837829019585273
secondary/exploratory,smids,mobilenet_v3_large,equal_mean_of_7_device_corruptions,5,0.37,0.3436293436293436,0.07247314401699402,3,0.3791992501225528,0.0800411491852594,0.48571428571428577,0.09837829019585273
secondary/exploratory,smids,mobilenet_v3_large,equal_mean_of_7_device_corruptions,5,0.38,0.3504594820384294,0.07618731581186663,3,0.3791992501225528,0.0800411491852594,0.48571428571428577,0.09837829019585273
secondary/exploratory,smids,mobilenet_v3_large,equal_mean_of_7_device_corruptions,5,0.39,0.3569393569393569,0.07966818548224384,3,0.3791992501225528,0.0800411491852594,0.48571428571428577,0.09837829019585273
secondary/exploratory,smids,mobilenet_v3_large,equal_mean_of_7_device_corruptions,5,0.4,0.36190476190476195,0.08108357716122769,3,0.3791992501225528,0.0800411491852594,0.48571428571428577,0.09837829019585273
secondary/exploratory,smids,mobilenet_v3_large,equal_mean_of_7_device_corruptions,5,0.41000000000000003,0.36624080526519553,0.08414899320305459,3,0.3791992501225528,0.0800411491852594,0.48571428571428577,0.09837829019585273
secondary/exploratory,smids,mobilenet_v3_large,equal_mean_of_7_device_corruptions,5,0.42,0.3707482993197279,0.085741576238343,3,0.3791992501225528,0.0800411491852594,0.48571428571428577,0.09837829019585273
secondary/exploratory,smids,mobilenet_v3_large,equal_mean_of_7_device_corruptions,5,0.43,0.3757844222960502,0.08675651645994466,3,0.3791992501225528,0.0800411491852594,0.48571428571428577,0.09837829019585273
secondary/exploratory,smids,mobilenet_v3_large,equal_mean_of_7_device_corruptions,5,0.44,0.37878787878787884,0.08863894038720033,3,0.3791992501225528,0.0800411491852594,0.48571428571428577,0.09837829019585273
secondary/exploratory,smids,mobilenet_v3_large,equal_mean_of_7_device_corruptions,5,0.45,0.38412698412698415,0.09009014456631856,3,0.3791992501225528,0.0800411491852594,0.48571428571428577,0.09837829019585273
secondary/exploratory,smids,mobilenet_v3_large,equal_mean_of_7_device_corruptions,5,0.46,0.38957902001380257,0.08991524002241259,3,0.3791992501225528,0.0800411491852594,0.48571428571428577,0.09837829019585273
secondary/exploratory,smids,mobilenet_v3_large,equal_mean_of_7_device_corruptions,5,0.47000000000000003,0.39648767308341776,0.09135037050762179,3,0.3791992501225528,0.0800411491852594,0.48571428571428577,0.09837829019585273
secondary/exploratory,smids,mobilenet_v3_large,equal_mean_of_7_device_corruptions,5,0.48,0.40145502645502645,0.09087178842081303,3,0.3791992501225528,0.0800411491852594,0.48571428571428577,0.09837829019585273
secondary/exploratory,smids,mobilenet_v3_large,equal_mean_of_7_device_corruptions,5,0.49,0.40589569160997735,0.09278862166156611,3,0.3791992501225528,0.0800411491852594,0.48571428571428577,0.09837829019585273
secondary/exploratory,smids,mobilenet_v3_large,equal_mean_of_7_device_corruptions,5,0.5,0.41111111111111115,0.09061309608528864,3,0.3791992501225528,0.0800411491852594,0.48571428571428577,0.09837829019585273
secondary/exploratory,smids,mobilenet_v3_large,equal_mean_of_7_device_corruptions,5,0.51,0.4133208839091192,0.08949146738001593,3,0.3791992501225528,0.0800411491852594,0.48571428571428577,0.09837829019585273
secondary/exploratory,smids,mobilenet_v3_large,equal_mean_of_7_device_corruptions,5,0.52,0.41544566544566547,0.0910715705303588,3,0.3791992501225528,0.0800411491852594,0.48571428571428577,0.09837829019585273
secondary/exploratory,smids,mobilenet_v3_large,equal_mean_of_7_device_corruptions,5,0.53,0.4213836477987421,0.09481759719010889,3,0.3791992501225528,0.0800411491852594,0.48571428571428577,0.09837829019585273
secondary/exploratory,smids,mobilenet_v3_large,equal_mean_of_7_device_corruptions,5,0.54,0.4247501469723692,0.09307564152663753,3,0.3791992501225528,0.0800411491852594,0.48571428571428577,0.09837829019585273
secondary/exploratory,smids,mobilenet_v3_large,equal_mean_of_7_device_corruptions,5,0.55,0.42886002886002883,0.09517641975159968,3,0.3791992501225528,0.0800411491852594,0.48571428571428577,0.09837829019585273
secondary/exploratory,smids,mobilenet_v3_large,equal_mean_of_7_device_corruptions,5,0.56,0.42970521541950113,0.0947140485820991,3,0.3791992501225528,0.0800411491852594,0.48571428571428577,0.09837829019585273
secondary/exploratory,smids,mobilenet_v3_large,equal_mean_of_7_device_corruptions,5,0.5700000000000001,0.4333054859370649,0.09479124432476582,3,0.3791992501225528,0.0800411491852594,0.48571428571428577,0.09837829019585273
secondary/exploratory,smids,mobilenet_v3_large,equal_mean_of_7_device_corruptions,5,0.58,0.4348659003831417,0.09689868366703609,3,0.3791992501225528,0.0800411491852594,0.48571428571428577,0.09837829019585273
secondary/exploratory,smids,mobilenet_v3_large,equal_mean_of_7_device_corruptions,5,0.59,0.43798762442830236,0.0969945596783113,3,0.3791992501225528,0.0800411491852594,0.48571428571428577,0.09837829019585273
secondary/exploratory,smids,mobilenet_v3_large,equal_mean_of_7_device_corruptions,5,0.6,0.4404761904761905,0.09703009847505105,3,0.3791992501225528,0.0800411491852594,0.48571428571428577,0.09837829019585273
secondary/exploratory,smids,mobilenet_v3_large,equal_mean_of_7_device_corruptions,5,0.61,0.4434035909445746,0.09788554821548649,3,0.3791992501225528,0.0800411491852594,0.48571428571428577,0.09837829019585273
secondary/exploratory,smids,mobilenet_v3_large,equal_mean_of_7_device_corruptions,5,0.62,0.44623655913978494,0.097958640472836,3,0.3791992501225528,0.0800411491852594,0.48571428571428577,0.09837829019585273
secondary/exploratory,smids,mobilenet_v3_large,equal_mean_of_7_device_corruptions,5,0.63,0.4492315444696397,0.09852378900857292,3,0.3791992501225528,0.0800411491852594,0.48571428571428577,0.09837829019585273
secondary/exploratory,smids,mobilenet_v3_large,equal_mean_of_7_device_corruptions,5,0.64,0.45138888888888884,0.09728072877184725,3,0.3791992501225528,0.0800411491852594,0.48571428571428577,0.09837829019585273
secondary/exploratory,smids,mobilenet_v3_large,equal_mean_of_7_device_corruptions,5,0.65,0.45445665445665445,0.09919190277082757,3,0.3791992501225528,0.0800411491852594,0.48571428571428577,0.09837829019585273
secondary/exploratory,smids,mobilenet_v3_large,equal_mean_of_7_device_corruptions,5,0.66,0.4564694564694564,0.0974542467232748,3,0.3791992501225528,0.0800411491852594,0.48571428571428577,0.09837829019585273
secondary/exploratory,smids,mobilenet_v3_large,equal_mean_of_7_device_corruptions,5,0.67,0.45889599620942906,0.09635685002584232,3,0.3791992501225528,0.0800411491852594,0.48571428571428577,0.09837829019585273
secondary/exploratory,smids,mobilenet_v3_large,equal_mean_of_7_device_corruptions,5,0.68,0.4610177404295051,0.09667247949999289,3,0.3791992501225528,0.0800411491852594,0.48571428571428577,0.09837829019585273
secondary/exploratory,smids,mobilenet_v3_large,equal_mean_of_7_device_corruptions,5,0.6900000000000001,0.46399815965033353,0.09659206320046125,3,0.3791992501225528,0.0800411491852594,0.48571428571428577,0.09837829019585273
secondary/exploratory,smids,mobilenet_v3_large,equal_mean_of_7_device_corruptions,5,0.7000000000000001,0.4668934240362812,0.09635960972946703,3,0.3791992501225528,0.0800411491852594,0.48571428571428577,0.09837829019585273
secondary/exploratory,smids,mobilenet_v3_large,equal_mean_of_7_device_corruptions,5,0.71,0.4692600044712721,0.09624899987764658,3,0.3791992501225528,0.0800411491852594,0.48571428571428577,0.09837829019585273
secondary/exploratory,smids,mobilenet_v3_large,equal_mean_of_7_device_corruptions,5,0.72,0.4711199294532628,0.09591619388340274,3,0.3791992501225528,0.0800411491852594,0.48571428571428577,0.09837829019585273
secondary/exploratory,smids,mobilenet_v3_large,equal_mean_of_7_device_corruptions,5,0.73,0.47314633616003476,0.09662276378855945,3,0.3791992501225528,0.0800411491852594,0.48571428571428577,0.09837829019585273
secondary/exploratory,smids,mobilenet_v3_large,equal_mean_of_7_device_corruptions,5,0.74,0.4751179751179751,0.09748415298042379,3,0.3791992501225528,0.0800411491852594,0.48571428571428577,0.09837829019585273
secondary/exploratory,smids,mobilenet_v3_large,equal_mean_of_7_device_corruptions,5,0.75,0.4785185185185185,0.09719540716480021,3,0.3791992501225528,0.0800411491852594,0.48571428571428577,0.09837829019585273
secondary/exploratory,smids,mobilenet_v3_large,equal_mean_of_7_device_corruptions,5,0.76,0.4795321637426901,0.09581618946982493,3,0.3791992501225528,0.0800411491852594,0.48571428571428577,0.09837829019585273
secondary/exploratory,smids,mobilenet_v3_large,equal_mean_of_7_device_corruptions,5,0.77,0.48093176664605236,0.09585918430154329,3,0.3791992501225528,0.0800411491852594,0.48571428571428577,0.09837829019585273
secondary/exploratory,smids,mobilenet_v3_large,equal_mean_of_7_device_corruptions,5,0.78,0.4833129833129834,0.09668358703612862,3,0.3791992501225528,0.0800411491852594,0.48571428571428577,0.09837829019585273
secondary/exploratory,smids,mobilenet_v3_large,equal_mean_of_7_device_corruptions,5,0.79,0.48523206751054854,0.09715118698849654,3,0.3791992501225528,0.0800411491852594,0.48571428571428577,0.09837829019585273
secondary/exploratory,smids,mobilenet_v3_large,equal_mean_of_7_device_corruptions,5,0.8,0.48571428571428577,0.09837829019585273,3,0.3791992501225528,0.0800411491852594,0.48571428571428577,0.09837829019585273
secondary/exploratory,smids,mobilenet_v3_large,equal_mean_of_7_device_corruptions,5,0.81,0.48736037624926515,0.0977259058890935,3,0.3791992501225528,0.0800411491852594,0.48571428571428577,0.09837829019585273
secondary/exploratory,smids,mobilenet_v3_large,equal_mean_of_7_device_corruptions,5,0.8200000000000001,0.48838559814169574,0.09781471069525176,3,0.3791992501225528,0.0800411491852594,0.48571428571428577,0.09837829019585273
secondary/exploratory,smids,mobilenet_v3_large,equal_mean_of_7_device_corruptions,5,0.8300000000000001,0.4905335628227195,0.098153672837197,3,0.3791992501225528,0.0800411491852594,0.48571428571428577,0.09837829019585273
secondary/exploratory,smids,mobilenet_v3_large,equal_mean_of_7_device_corruptions,5,0.84,0.4916855631141345,0.09727853715876908,3,0.3791992501225528,0.0800411491852594,0.48571428571428577,0.09837829019585273
secondary/exploratory,smids,mobilenet_v3_large,equal_mean_of_7_device_corruptions,5,0.85,0.49337068160597575,0.09708593496608724,3,0.3791992501225528,0.0800411491852594,0.48571428571428577,0.09837829019585273
secondary/exploratory,smids,mobilenet_v3_large,equal_mean_of_7_device_corruptions,5,0.86,0.4966777408637874,0.09710782798445926,3,0.3791992501225528,0.0800411491852594,0.48571428571428577,0.09837829019585273
secondary/exploratory,smids,mobilenet_v3_large,equal_mean_of_7_device_corruptions,5,0.87,0.49826673964605006,0.09682032753400369,3,0.3791992501225528,0.0800411491852594,0.48571428571428577,0.09837829019585273
secondary/exploratory,smids,mobilenet_v3_large,equal_mean_of_7_device_corruptions,5,0.88,0.49963924963924966,0.09653645277182728,3,0.3791992501225528,0.0800411491852594,0.48571428571428577,0.09837829019585273
secondary/exploratory,smids,mobilenet_v3_large,equal_mean_of_7_device_corruptions,5,0.89,0.4997324772605672,0.0955606803159032,3,0.3791992501225528,0.0800411491852594,0.48571428571428577,0.09837829019585273
secondary/exploratory,smids,mobilenet_v3_large,equal_mean_of_7_device_corruptions,5,0.9,0.5010582010582011,0.09481386998773385,3,0.3791992501225528,0.0800411491852594,0.48571428571428577,0.09837829019585273
secondary/exploratory,smids,mobilenet_v3_large,equal_mean_of_7_device_corruptions,5,0.91,0.5027036455607884,0.09456049213133096,3,0.3791992501225528,0.0800411491852594,0.48571428571428577,0.09837829019585273
secondary/exploratory,smids,mobilenet_v3_large,equal_mean_of_7_device_corruptions,5,0.92,0.503968253968254,0.09371293950371641,3,0.3791992501225528,0.0800411491852594,0.48571428571428577,0.09837829019585273
secondary/exploratory,smids,mobilenet_v3_large,equal_mean_of_7_device_corruptions,5,0.93,0.5046936337258918,0.09250851340221138,3,0.3791992501225528,0.0800411491852594,0.48571428571428577,0.09837829019585273
secondary/exploratory,smids,mobilenet_v3_large,equal_mean_of_7_device_corruptions,5,0.9400000000000001,0.5055724417426545,0.09238627254343193,3,0.3791992501225528,0.0800411491852594,0.48571428571428577,0.09837829019585273
secondary/exploratory,smids,mobilenet_v3_large,equal_mean_of_7_device_corruptions,5,0.9500000000000001,0.5064327485380117,0.09065663291998247,3,0.3791992501225528,0.0800411491852594,0.48571428571428577,0.09837829019585273
secondary/exploratory,smids,mobilenet_v3_large,equal_mean_of_7_device_corruptions,5,0.96,0.5074404761904762,0.0899938846918778,3,0.3791992501225528,0.0800411491852594,0.48571428571428577,0.09837829019585273
secondary/exploratory,smids,mobilenet_v3_large,equal_mean_of_7_device_corruptions,5,0.97,0.5079365079365079,0.08906385777223652,3,0.3791992501225528,0.0800411491852594,0.48571428571428577,0.09837829019585273
secondary/exploratory,smids,mobilenet_v3_large,equal_mean_of_7_device_corruptions,5,0.98,0.5080984774862326,0.08797541259532556,3,0.3791992501225528,0.0800411491852594,0.48571428571428577,0.09837829019585273
secondary/exploratory,smids,mobilenet_v3_large,equal_mean_of_7_device_corruptions,5,0.99,0.5093795093795094,0.08664553135556792,3,0.3791992501225528,0.0800411491852594,0.48571428571428577,0.09837829019585273
secondary/exploratory,smids,mobilenet_v3_large,equal_mean_of_7_device_corruptions,5,1.0,0.5098412698412699,0.08715369869240892,3,0.3791992501225528,0.0800411491852594,0.48571428571428577,0.09837829019585273
secondary/exploratory,smids,resnet50,clean,0,0.0,0.0,0.0,5,0.028322123743114002,0.003751950354487442,0.0483333333333333,0.008640183897219877
secondary/exploratory,smids,resnet50,clean,0,0.01,0.0,0.0,5,0.028322123743114002,0.003751950354487442,0.0483333333333333,0.008640183897219877
secondary/exploratory,smids,resnet50,clean,0,0.02,0.0,0.0,5,0.028322123743114002,0.003751950354487442,0.0483333333333333,0.008640183897219877
secondary/exploratory,smids,resnet50,clean,0,0.03,0.0,0.0,5,0.028322123743114002,0.003751950354487442,0.0483333333333333,0.008640183897219877
secondary/exploratory,smids,resnet50,clean,0,0.04,0.0,0.0,5,0.028322123743114002,0.003751950354487442,0.0483333333333333,0.008640183897219877
secondary/exploratory,smids,resnet50,clean,0,0.05,0.0,0.0,5,0.028322123743114002,0.003751950354487442,0.0483333333333333,0.008640183897219877
secondary/exploratory,smids,resnet50,clean,0,0.06,0.0,0.0,5,0.028322123743114002,0.003751950354487442,0.0483333333333333,0.008640183897219877
secondary/exploratory,smids,resnet50,clean,0,0.07,0.0,0.0,5,0.028322123743114002,0.003751950354487442,0.0483333333333333,0.008640183897219877
secondary/exploratory,smids,resnet50,clean,0,0.08,0.0,0.0,5,0.028322123743114002,0.003751950354487442,0.0483333333333333,0.008640183897219877
secondary/exploratory,smids,resnet50,clean,0,0.09,0.0,0.0,5,0.028322123743114002,0.003751950354487442,0.0483333333333333,0.008640183897219877
secondary/exploratory,smids,resnet50,clean,0,0.1,0.0,0.0,5,0.028322123743114002,0.003751950354487442,0.0483333333333333,0.008640183897219877
secondary/exploratory,smids,resnet50,clean,0,0.11,0.0,0.0,5,0.028322123743114002,0.003751950354487442,0.0483333333333333,0.008640183897219877
secondary/exploratory,smids,resnet50,clean,0,0.12,0.0,0.0,5,0.028322123743114002,0.003751950354487442,0.0483333333333333,0.008640183897219877
secondary/exploratory,smids,resnet50,clean,0,0.13,0.0,0.0,5,0.028322123743114002,0.003751950354487442,0.0483333333333333,0.008640183897219877
secondary/exploratory,smids,resnet50,clean,0,0.14,0.009523809523809523,0.013041013273932525,5,0.028322123743114002,0.003751950354487442,0.0483333333333333,0.008640183897219877
secondary/exploratory,smids,resnet50,clean,0,0.15,0.008888888888888889,0.012171612389003692,5,0.028322123743114002,0.003751950354487442,0.0483333333333333,0.008640183897219877
secondary/exploratory,smids,resnet50,clean,0,0.16,0.008333333333333333,0.01141088661469096,5,0.028322123743114002,0.003751950354487442,0.0483333333333333,0.008640183897219877
secondary/exploratory,smids,resnet50,clean,0,0.17,0.011764705882352941,0.010739657990297375,5,0.028322123743114002,0.003751950354487442,0.0483333333333333,0.008640183897219877
secondary/exploratory,smids,resnet50,clean,0,0.18,0.01111111111111111,0.010143010324169742,5,0.028322123743114002,0.003751950354487442,0.0483333333333333,0.008640183897219877
secondary/exploratory,smids,resnet50,clean,0,0.19,0.014035087719298244,0.00784585255263084,5,0.028322123743114002,0.003751950354487442,0.0483333333333333,0.008640183897219877
secondary/exploratory,smids,resnet50,clean,0,0.2,0.013333333333333332,0.007453559924999299,5,0.028322123743114002,0.003751950354487442,0.0483333333333333,0.008640183897219877
secondary/exploratory,smids,resnet50,clean,0,0.21,0.012698412698412698,0.007098628499999332,5,0.028322123743114002,0.003751950354487442,0.0483333333333333,0.008640183897219877
secondary/exploratory,smids,resnet50,clean,0,0.22,0.012121212121212121,0.00677596356818118,5,0.028322123743114002,0.003751950354487442,0.0483333333333333,0.008640183897219877
secondary/exploratory,smids,resnet50,clean,0,0.23,0.011594202898550725,0.00648135645652113,5,0.028322123743114002,0.003751950354487442,0.0483333333333333,0.008640183897219877
secondary/exploratory,smids,resnet50,clean,0,0.24,0.01111111111111111,0.006211299937499415,5,0.028322123743114002,0.003751950354487442,0.0483333333333333,0.008640183897219877
secondary/exploratory,smids,resnet50,clean,0,0.25,0.013333333333333332,0.0,5,0.028322123743114002,0.003751950354487442,0.0483333333333333,0.008640183897219877
secondary/exploratory,smids,resnet50,clean,0,0.26,0.01282051282051282,0.0,5,0.028322123743114002,0.003751950354487442,0.0483333333333333,0.008640183897219877
secondary/exploratory,smids,resnet50,clean,0,0.27,0.012345679012345678,0.0,5,0.028322123743114002,0.003751950354487442,0.0483333333333333,0.008640183897219877
secondary/exploratory,smids,resnet50,clean,0,0.28,0.011904761904761904,0.0,5,0.028322123743114002,0.003751950354487442,0.0483333333333333,0.008640183897219877
secondary/exploratory,smids,resnet50,clean,0,0.29,0.011494252873563218,0.0,5,0.028322123743114002,0.003751950354487442,0.0483333333333333,0.008640183897219877
secondary/exploratory,smids,resnet50,clean,0,0.3,0.011111111111111112,0.0,5,0.028322123743114002,0.003751950354487442,0.0483333333333333,0.008640183897219877
secondary/exploratory,smids,resnet50,clean,0,0.31,0.010752688172043012,0.0,5,0.028322123743114002,0.003751950354487442,0.0483333333333333,0.008640183897219877
secondary/exploratory,smids,resnet50,clean,0,0.32,0.010416666666666666,0.0,5,0.028322123743114002,0.003751950354487442,0.0483333333333333,0.008640183897219877
secondary/exploratory,smids,resnet50,clean,0,0.33,0.012121212121212123,0.004517309045454122,5,0.028322123743114002,0.003751950354487442,0.0483333333333333,0.008640183897219877
secondary/exploratory,smids,resnet50,clean,0,0.34,0.013725490196078433,0.0053698289951486875,5,0.028322123743114002,0.003751950354487442,0.0483333333333333,0.008640183897219877
secondary/exploratory,smids,resnet50,clean,0,0.35000000000000003,0.013333333333333332,0.00521640530957301,5,0.028322123743114002,0.003751950354487442,0.0483333333333333,0.008640183897219877
secondary/exploratory,smids,resnet50,clean,0,0.36,0.012962962962962963,0.005071505162084871,5,0.028322123743114002,0.003751950354487442,0.0483333333333333,0.008640183897219877
secondary/exploratory,smids,resnet50,clean,0,0.37,0.012612612612612612,0.004934437455001496,5,0.028322123743114002,0.003751950354487442,0.0483333333333333,0.008640183897219877
secondary/exploratory,smids,resnet50,clean,0,0.38,0.012280701754385965,0.004804583837764615,5,0.028322123743114002,0.003751950354487442,0.0483333333333333,0.008640183897219877
secondary/exploratory,smids,resnet50,clean,0,0.39,0.011965811965811968,0.004681389380386035,5,0.028322123743114002,0.003751950354487442,0.0483333333333333,0.008640183897219877
secondary/exploratory,smids,resnet50,clean,0,0.4,0.011666666666666667,0.004564354645876384,5,0.028322123743114002,0.003751950354487442,0.0483333333333333,0.008640183897219877
secondary/exploratory,smids,resnet50,clean,0,0.41000000000000003,0.014634146341463414,0.0036358828902435594,5,0.028322123743114002,0.003751950354487442,0.0483333333333333,0.008640183897219877
secondary/exploratory,smids,resnet50,clean,0,0.42,0.014285714285714285,0.003549314249999666,5,0.028322123743114002,0.003751950354487442,0.0483333333333333,0.008640183897219877
secondary/exploratory,smids,resnet50,clean,0,0.43,0.015503875968992248,0.005481447916174787,5,0.028322123743114002,0.003751950354487442,0.0483333333333333,0.008640183897219877
secondary/exploratory,smids,resnet50,clean,0,0.44,0.015151515151515152,0.0053568695544435425,5,0.028322123743114002,0.003751950354487442,0.0483333333333333,0.008640183897219877
secondary/exploratory,smids,resnet50,clean,0,0.45,0.014814814814814814,0.005237828008789241,5,0.028322123743114002,0.003751950354487442,0.0483333333333333,0.008640183897219877
secondary/exploratory,smids,resnet50,clean,0,0.46,0.014492753623188406,0.005123962182511214,5,0.028322123743114002,0.003751950354487442,0.0483333333333333,0.008640183897219877
secondary/exploratory,smids,resnet50,clean,0,0.47000000000000003,0.014184397163120565,0.0050149417105428895,5,0.028322123743114002,0.003751950354487442,0.0483333333333333,0.008640183897219877
secondary/exploratory,smids,resnet50,clean,0,0.48,0.015277777777777776,0.007607257743127306,5,0.028322123743114002,0.003751950354487442,0.0483333333333333,0.008640183897219877
secondary/exploratory,smids,resnet50,clean,0,0.49,0.016326530612244896,0.006084538714285141,5,0.028322123743114002,0.003751950354487442,0.0483333333333333,0.008640183897219877
secondary/exploratory,smids,resnet50,clean,0,0.5,0.016,0.005962847939999439,5,0.028322123743114002,0.003751950354487442,0.0483333333333333,0.008640183897219877
secondary/exploratory,smids,resnet50,clean,0,0.51,0.01568627450980392,0.005845929352940625,5,0.028322123743114002,0.003751950354487442,0.0483333333333333,0.008640183897219877
secondary/exploratory,smids,resnet50,clean,0,0.52,0.017948717948717947,0.008357951801541856,5,0.028322123743114002,0.003751950354487442,0.0483333333333333,0.008640183897219877
secondary/exploratory,smids,resnet50,clean,0,0.53,0.020125786163522015,0.00820025459773918,5,0.028322123743114002,0.003751950354487442,0.0483333333333333,0.008640183897219877
secondary/exploratory,smids,resnet50,clean,0,0.54,0.020987654320987655,0.0070381199080193696,5,0.028322123743114002,0.003751950354487442,0.0483333333333333,0.008640183897219877
secondary/exploratory,smids,resnet50,clean,0,0.55,0.021818181818181816,0.005420770854544945,5,0.028322123743114002,0.003751950354487442,0.0483333333333333,0.008640183897219877
secondary/exploratory,smids,resnet50,clean,0,0.56,0.023809523809523808,0.005952380952380952,5,0.028322123743114002,0.003751950354487442,0.0483333333333333,0.008640183897219877
secondary/exploratory,smids,resnet50,clean,0,0.5700000000000001,0.023391812865497068,0.005847953216374265,5,0.028322123743114002,0.003751950354487442,0.0483333333333333,0.008640183897219877
secondary/exploratory,smids,resnet50,clean,0,0.58,0.02413793103448276,0.004808390957092389,5,0.028322123743114002,0.003751950354487442,0.0483333333333333,0.008640183897219877
secondary/exploratory,smids,resnet50,clean,0,0.59,0.02711864406779661,0.008379885296153291,5,0.028322123743114002,0.003751950354487442,0.0483333333333333,0.008640183897219877
secondary/exploratory,smids,resnet50,clean,0,0.6,0.028888888888888888,0.009938079899999066,5,0.028322123743114002,0.003751950354487442,0.0483333333333333,0.008640183897219877
secondary/exploratory,smids,resnet50,clean,0,0.61,0.03169398907103825,0.012460933607640853,5,0.028322123743114002,0.003751950354487442,0.0483333333333333,0.008640183897219877
secondary/exploratory,smids,resnet50,clean,0,0.62,0.034408602150537634,0.014019790118715368,5,0.028322123743114002,0.003751950354487442,0.0483333333333333,0.008640183897219877
secondary/exploratory,smids,resnet50,clean,0,0.63,0.03492063492063492,0.012742428125706133,5,0.028322123743114002,0.003751950354487442,0.0483333333333333,0.008640183897219877
secondary/exploratory,smids,resnet50,clean,0,0.64,0.035416666666666666,0.01187682734478269,5,0.028322123743114002,0.003751950354487442,0.0483333333333333,0.008640183897219877
secondary/exploratory,smids,resnet50,clean,0,0.65,0.035897435897435895,0.010256410256410256,5,0.028322123743114002,0.003751950354487442,0.0483333333333333,0.008640183897219877
secondary/exploratory,smids,resnet50,clean,0,0.66,0.03737373737373737,0.010472950178448346,5,0.028322123743114002,0.003751950354487442,0.0483333333333333,0.008640183897219877
secondary/exploratory,smids,resnet50,clean,0,0.67,0.03880597014925373,0.008174963544853225,5,0.028322123743114002,0.003751950354487442,0.0483333333333333,0.008640183897219877
secondary/exploratory,smids,resnet50,clean,0,0.68,0.03823529411764706,0.00805474349272303,5,0.028322123743114002,0.003751950354487442,0.0483333333333333,0.008640183897219877
secondary/exploratory,smids,resnet50,clean,0,0.6900000000000001,0.03768115942028988,0.007938008079785,5,0.028322123743114002,0.003751950354487442,0.0483333333333333,0.008640183897219877
secondary/exploratory,smids,resnet50,clean,0,0.7000000000000001,0.038095238095238085,0.0075292325242104245,5,0.028322123743114002,0.003751950354487442,0.0483333333333333,0.008640183897219877
secondary/exploratory,smids,resnet50,clean,0,0.71,0.038497652582159626,0.008398377380280897,5,0.028322123743114002,0.003751950354487442,0.0483333333333333,0.008640183897219877
secondary/exploratory,smids,resnet50,clean,0,0.72,0.03981481481481482,0.010658207808538276,5,0.028322123743114002,0.003751950354487442,0.0483333333333333,0.008640183897219877
secondary/exploratory,smids,resnet50,clean,0,0.73,0.04018264840182648,0.010412560959809478,5,0.028322123743114002,0.003751950354487442,0.0483333333333333,0.008640183897219877
secondary/exploratory,smids,resnet50,clean,0,0.74,0.044144144144144144,0.01027185067656881,5,0.028322123743114002,0.003751950354487442,0.0483333333333333,0.008640183897219877
secondary/exploratory,smids,resnet50,clean,0,0.75,0.04622222222222222,0.00921619615703454,5,0.028322123743114002,0.003751950354487442,0.0483333333333333,0.008640183897219877
secondary/exploratory,smids,resnet50,clean,0,0.76,0.045614035087719294,0.009094930418126193,5,0.028322123743114002,0.003751950354487442,0.0483333333333333,0.008640183897219877
secondary/exploratory,smids,resnet50,clean,0,0.77,0.04588744588744589,0.010425623011941382,5,0.028322123743114002,0.003751950354487442,0.0483333333333333,0.008640183897219877
secondary/exploratory,smids,resnet50,clean,0,0.78,0.04786324786324787,0.010202851612233608,5,0.028322123743114002,0.003751950354487442,0.0483333333333333,0.008640183897219877
secondary/exploratory,smids,resnet50,clean,0,0.79,0.04810126582278481,0.010161683188854258,5,0.028322123743114002,0.003751950354487442,0.0483333333333333,0.008640183897219877
secondary/exploratory,smids,resnet50,clean,0,0.8,0.04833333333333333,0.008640183897219886,5,0.028322123743114002,0.003751950354487442,0.0483333333333333,0.008640183897219877
secondary/exploratory,smids,resnet50,clean,0,0.81,0.05020576131687243,0.007361540666665976,5,0.028322123743114002,0.003751950354487442,0.0483333333333333,0.008640183897219877
secondary/exploratory,smids,resnet50,clean,0,0.8200000000000001,0.04959349593495934,0.007271765780487119,5,0.028322123743114002,0.003751950354487442,0.0483333333333333,0.008640183897219877
secondary/exploratory,smids,resnet50,clean,0,0.8300000000000001,0.049799196787148586,0.007295543021921666,5,0.028322123743114002,0.003751950354487442,0.0483333333333333,0.008640183897219877
secondary/exploratory,smids,resnet50,clean,0,0.84,0.05,0.006640158940746632,5,0.028322123743114002,0.003751950354487442,0.0483333333333333,0.008640183897219877
secondary/exploratory,smids,resnet50,clean,0,0.85,0.05254901960784314,0.008131937785618715,5,0.028322123743114002,0.003751950354487442,0.0483333333333333,0.008640183897219877
secondary/exploratory,smids,resnet50,clean,0,0.86,0.056589147286821705,0.008923150723427396,5,0.028322123743114002,0.003751950354487442,0.0483333333333333,0.008640183897219877
secondary/exploratory,smids,resnet50,clean,0,0.87,0.05977011494252873,0.008394215440692198,5,0.028322123743114002,0.003751950354487442,0.0483333333333333,0.008640183897219877
secondary/exploratory,smids,resnet50,clean,0,0.88,0.06212121212121212,0.009877579401822196,5,0.028322123743114002,0.003751950354487442,0.0483333333333333,0.008640183897219877
secondary/exploratory,smids,resnet50,clean,0,0.89,0.06367041198501873,0.008783550112028894,5,0.028322123743114002,0.003751950354487442,0.0483333333333333,0.008640183897219877
secondary/exploratory,smids,resnet50,clean,0,0.9,0.06592592592592592,0.008445743889623245,5,0.028322123743114002,0.003751950354487442,0.0483333333333333,0.008640183897219877
secondary/exploratory,smids,resnet50,clean,0,0.91,0.06886446886446887,0.008352933517209808,5,0.028322123743114002,0.003751950354487442,0.0483333333333333,0.008640183897219877
secondary/exploratory,smids,resnet50,clean,0,0.92,0.07028985507246377,0.00909413072319647,5,0.028322123743114002,0.003751950354487442,0.0483333333333333,0.008640183897219877
secondary/exploratory,smids,resnet50,clean,0,0.93,0.07240143369175626,0.011724320597703314,5,0.028322123743114002,0.003751950354487442,0.0483333333333333,0.008640183897219877
secondary/exploratory,smids,resnet50,clean,0,0.9400000000000001,0.07588652482269502,0.009903716343098537,5,0.028322123743114002,0.003751950354487442,0.0483333333333333,0.008640183897219877
secondary/exploratory,smids,resnet50,clean,0,0.9500000000000001,0.07929824561403516,0.010108673888342424,5,0.028322123743114002,0.003751950354487442,0.0483333333333333,0.008640183897219877
secondary/exploratory,smids,resnet50,clean,0,0.96,0.08263888888888889,0.009635025642716392,5,0.028322123743114002,0.003751950354487442,0.0483333333333333,0.008640183897219877
secondary/exploratory,smids,resnet50,clean,0,0.97,0.0852233676975945,0.008204354904682699,5,0.028322123743114002,0.003751950354487442,0.0483333333333333,0.008640183897219877
secondary/exploratory,smids,resnet50,clean,0,0.98,0.0925170068027211,0.00846931945441411,5,0.028322123743114002,0.003751950354487442,0.0483333333333333,0.008640183897219877
secondary/exploratory,smids,resnet50,clean,0,0.99,0.09696969696969697,0.006476560290125027,5,0.028322123743114002,0.003751950354487442,0.0483333333333333,0.008640183897219877
secondary/exploratory,smids,resnet50,clean,0,1.0,0.10333333333333332,0.007071067811865477,5,0.028322123743114002,0.003751950354487442,0.0483333333333333,0.008640183897219877
secondary/exploratory,smids,resnet50,equal_mean_of_7_device_corruptions,1,0.0,0.0,0.0,5,0.030540055603429556,0.00484423964347822,0.05130952380952377,0.006191620773307542
secondary/exploratory,smids,resnet50,equal_mean_of_7_device_corruptions,1,0.01,0.0,0.0,5,0.030540055603429556,0.00484423964347822,0.05130952380952377,0.006191620773307542
secondary/exploratory,smids,resnet50,equal_mean_of_7_device_corruptions,1,0.02,0.0,0.0,5,0.030540055603429556,0.00484423964347822,0.05130952380952377,0.006191620773307542
secondary/exploratory,smids,resnet50,equal_mean_of_7_device_corruptions,1,0.03,0.0,0.0,5,0.030540055603429556,0.00484423964347822,0.05130952380952377,0.006191620773307542
secondary/exploratory,smids,resnet50,equal_mean_of_7_device_corruptions,1,0.04,0.0,0.0,5,0.030540055603429556,0.00484423964347822,0.05130952380952377,0.006191620773307542
secondary/exploratory,smids,resnet50,equal_mean_of_7_device_corruptions,1,0.05,0.0,0.0,5,0.030540055603429556,0.00484423964347822,0.05130952380952377,0.006191620773307542
secondary/exploratory,smids,resnet50,equal_mean_of_7_device_corruptions,1,0.06,0.0015873015873015873,0.003549314249999666,5,0.030540055603429556,0.00484423964347822,0.05130952380952377,0.006191620773307542
secondary/exploratory,smids,resnet50,equal_mean_of_7_device_corruptions,1,0.07,0.0013605442176870747,0.003042269357142571,5,0.030540055603429556,0.00484423964347822,0.05130952380952377,0.006191620773307542
secondary/exploratory,smids,resnet50,equal_mean_of_7_device_corruptions,1,0.08,0.0035714285714285713,0.005323971374999499,5,0.030540055603429556,0.00484423964347822,0.05130952380952377,0.006191620773307542
secondary/exploratory,smids,resnet50,equal_mean_of_7_device_corruptions,1,0.09,0.0031746031746031746,0.004732418999999555,5,0.030540055603429556,0.00484423964347822,0.05130952380952377,0.006191620773307542
secondary/exploratory,smids,resnet50,equal_mean_of_7_device_corruptions,1,0.1,0.003809523809523809,0.003984095364447978,5,0.030540055603429556,0.00484423964347822,0.05130952380952377,0.006191620773307542
secondary/exploratory,smids,resnet50,equal_mean_of_7_device_corruptions,1,0.11,0.004329004329004329,0.00530192585018004,5,0.030540055603429556,0.00484423964347822,0.05130952380952377,0.006191620773307542
secondary/exploratory,smids,resnet50,equal_mean_of_7_device_corruptions,1,0.12,0.0047619047619047615,0.0043470044246441755,5,0.030540055603429556,0.00484423964347822,0.05130952380952377,0.006191620773307542
secondary/exploratory,smids,resnet50,equal_mean_of_7_device_corruptions,1,0.13,0.004395604395604396,0.0040126194689023165,5,0.030540055603429556,0.00484423964347822,0.05130952380952377,0.006191620773307542
secondary/exploratory,smids,resnet50,equal_mean_of_7_device_corruptions,1,0.14,0.006122448979591836,0.0055890056888282256,5,0.030540055603429556,0.00484423964347822,0.05130952380952377,0.006191620773307542
secondary/exploratory,smids,resnet50,equal_mean_of_7_device_corruptions,1,0.15,0.006984126984126984,0.005678902799999466,5,0.030540055603429556,0.00484423964347822,0.05130952380952377,0.006191620773307542
secondary/exploratory,smids,resnet50,equal_mean_of_7_device_corruptions,1,0.16,0.008333333333333333,0.007105557372805549,5,0.030540055603429556,0.00484423964347822,0.05130952380952377,0.006191620773307542
secondary/exploratory,smids,resnet50,equal_mean_of_7_device_corruptions,1,0.17,0.00784313725490196,0.00668758340969934,5,0.030540055603429556,0.00484423964347822,0.05130952380952377,0.006191620773307542
secondary/exploratory,smids,resnet50,equal_mean_of_7_device_corruptions,1,0.18,0.009523809523809523,0.007147754542913384,5,0.030540055603429556,0.00484423964347822,0.05130952380952377,0.006191620773307542
secondary/exploratory,smids,resnet50,equal_mean_of_7_device_corruptions,1,0.19,0.010526315789473684,0.008754009622342346,5,0.030540055603429556,0.00484423964347822,0.05130952380952377,0.006191620773307542
secondary/exploratory,smids,resnet50,equal_mean_of_7_device_corruptions,1,0.2,0.010952380952380953,0.008003683959034101,5,0.030540055603429556,0.00484423964347822,0.05130952380952377,0.006191620773307542
secondary/exploratory,smids,resnet50,equal_mean_of_7_device_corruptions,1,0.21,0.010884353741496598,0.007920294420214502,5,0.030540055603429556,0.00484423964347822,0.05130952380952377,0.006191620773307542
secondary/exploratory,smids,resnet50,equal_mean_of_7_device_corruptions,1,0.22,0.011688311688311689,0.006600844451072254,5,0.030540055603429556,0.00484423964347822,0.05130952380952377,0.006191620773307542
secondary/exploratory,smids,resnet50,equal_mean_of_7_device_corruptions,1,0.23,0.011180124223602485,0.006313851214069112,5,0.030540055603429556,0.00484423964347822,0.05130952380952377,0.006191620773307542
secondary/exploratory,smids,resnet50,equal_mean_of_7_device_corruptions,1,0.24,0.01111111111111111,0.0066697366325284176,5,0.030540055603429556,0.00484423964347822,0.05130952380952377,0.006191620773307542
secondary/exploratory,smids,resnet50,equal_mean_of_7_device_corruptions,1,0.25,0.01180952380952381,0.004742818894471897,5,0.030540055603429556,0.00484423964347822,0.05130952380952377,0.006191620773307542
secondary/exploratory,smids,resnet50,equal_mean_of_7_device_corruptions,1,0.26,0.012087912087912088,0.0054331124447587285,5,0.030540055603429556,0.00484423964347822,0.05130952380952377,0.006191620773307542
secondary/exploratory,smids,resnet50,equal_mean_of_7_device_corruptions,1,0.27,0.013051146384479717,0.004060269641347915,5,0.030540055603429556,0.00484423964347822,0.05130952380952377,0.006191620773307542
secondary/exploratory,smids,resnet50,equal_mean_of_7_device_corruptions,1,0.28,0.012585034013605442,0.003915260011299773,5,0.030540055603429556,0.00484423964347822,0.05130952380952377,0.006191620773307542
secondary/exploratory,smids,resnet50,equal_mean_of_7_device_corruptions,1,0.29,0.013464696223316914,0.0037444184732319807,5,0.030540055603429556,0.00484423964347822,0.05130952380952377,0.006191620773307542
secondary/exploratory,smids,resnet50,equal_mean_of_7_device_corruptions,1,0.3,0.013650793650793653,0.003291498627512336,5,0.030540055603429556,0.00484423964347822,0.05130952380952377,0.006191620773307542
secondary/exploratory,smids,resnet50,equal_mean_of_7_device_corruptions,1,0.31,0.013517665130568356,0.00295474409549483,5,0.030540055603429556,0.00484423964347822,0.05130952380952377,0.006191620773307542
secondary/exploratory,smids,resnet50,equal_mean_of_7_device_corruptions,1,0.32,0.014285714285714285,0.0040206119303887785,5,0.030540055603429556,0.00484423964347822,0.05130952380952377,0.006191620773307542
secondary/exploratory,smids,resnet50,equal_mean_of_7_device_corruptions,1,0.33,0.015007215007215007,0.005456759134542289,5,0.030540055603429556,0.00484423964347822,0.05130952380952377,0.006191620773307542
secondary/exploratory,smids,resnet50,equal_mean_of_7_device_corruptions,1,0.34,0.015406162464985995,0.00641817324223507,5,0.030540055603429556,0.00484423964347822,0.05130952380952377,0.006191620773307542
secondary/exploratory,smids,resnet50,equal_mean_of_7_device_corruptions,1,0.35000000000000003,0.015510204081632653,0.006637448118449233,5,0.030540055603429556,0.00484423964347822,0.05130952380952377,0.006191620773307542
secondary/exploratory,smids,resnet50,equal_mean_of_7_device_corruptions,1,0.36,0.015873015873015872,0.006679566758175976,5,0.030540055603429556,0.00484423964347822,0.05130952380952377,0.006191620773307542
secondary/exploratory,smids,resnet50,equal_mean_of_7_device_corruptions,1,0.37,0.015444015444015444,0.006499037926873925,5,0.030540055603429556,0.00484423964347822,0.05130952380952377,0.006191620773307542
secondary/exploratory,smids,resnet50,equal_mean_of_7_device_corruptions,1,0.38,0.015789473684210527,0.006666383999133025,5,0.030540055603429556,0.00484423964347822,0.05130952380952377,0.006191620773307542
secondary/exploratory,smids,resnet50,equal_mean_of_7_device_corruptions,1,0.39,0.01562881562881563,0.0064262258202396885,5,0.030540055603429556,0.00484423964347822,0.05130952380952377,0.006191620773307542
secondary/exploratory,smids,resnet50,equal_mean_of_7_device_corruptions,1,0.4,0.015714285714285715,0.005976143046671968,5,0.030540055603429556,0.00484423964347822,0.05130952380952377,0.006191620773307542
secondary/exploratory,smids,resnet50,equal_mean_of_7_device_corruptions,1,0.41000000000000003,0.01626016260162602,0.005258644098802233,5,0.030540055603429556,0.00484423964347822,0.05130952380952377,0.006191620773307542
secondary/exploratory,smids,resnet50,equal_mean_of_7_device_corruptions,1,0.42,0.017233560090702947,0.005634817977228652,5,0.030540055603429556,0.00484423964347822,0.05130952380952377,0.006191620773307542
secondary/exploratory,smids,resnet50,equal_mean_of_7_device_corruptions,1,0.43,0.017497231450719825,0.005722263868333916,5,0.030540055603429556,0.00484423964347822,0.05130952380952377,0.006191620773307542
secondary/exploratory,smids,resnet50,equal_mean_of_7_device_corruptions,1,0.44,0.017965367965367966,0.005757331635614885,5,0.030540055603429556,0.00484423964347822,0.05130952380952377,0.006191620773307542
secondary/exploratory,smids,resnet50,equal_mean_of_7_device_corruptions,1,0.45,0.0182010582010582,0.00536456798122183,5,0.030540055603429556,0.00484423964347822,0.05130952380952377,0.006191620773307542
secondary/exploratory,smids,resnet50,equal_mean_of_7_device_corruptions,1,0.46,0.018633540372670808,0.006080403791133919,5,0.030540055603429556,0.00484423964347822,0.05130952380952377,0.006191620773307542
secondary/exploratory,smids,resnet50,equal_mean_of_7_device_corruptions,1,0.47000000000000003,0.019250253292806486,0.006204381314040478,5,0.030540055603429556,0.00484423964347822,0.05130952380952377,0.006191620773307542
secondary/exploratory,smids,resnet50,equal_mean_of_7_device_corruptions,1,0.48,0.01984126984126984,0.007748263567367714,5,0.030540055603429556,0.00484423964347822,0.05130952380952377,0.006191620773307542
secondary/exploratory,smids,resnet50,equal_mean_of_7_device_corruptions,1,0.49,0.020408163265306124,0.007174355228490476,5,0.030540055603429556,0.00484423964347822,0.05130952380952377,0.006191620773307542
secondary/exploratory,smids,resnet50,equal_mean_of_7_device_corruptions,1,0.5,0.021904761904761906,0.007284313590846835,5,0.030540055603429556,0.00484423964347822,0.05130952380952377,0.006191620773307542
secondary/exploratory,smids,resnet50,equal_mean_of_7_device_corruptions,1,0.51,0.02315592903828198,0.007539357325186312,5,0.030540055603429556,0.00484423964347822,0.05130952380952377,0.006191620773307542
secondary/exploratory,smids,resnet50,equal_mean_of_7_device_corruptions,1,0.52,0.02399267399267399,0.0068955496692368855,5,0.030540055603429556,0.00484423964347822,0.05130952380952377,0.006191620773307542
secondary/exploratory,smids,resnet50,equal_mean_of_7_device_corruptions,1,0.53,0.025336927223719673,0.00642894656603713,5,0.030540055603429556,0.00484423964347822,0.05130952380952377,0.006191620773307542
secondary/exploratory,smids,resnet50,equal_mean_of_7_device_corruptions,1,0.54,0.025925925925925925,0.006064814414126772,5,0.030540055603429556,0.00484423964347822,0.05130952380952377,0.006191620773307542
secondary/exploratory,smids,resnet50,equal_mean_of_7_device_corruptions,1,0.55,0.026493506493506493,0.006496391855343403,5,0.030540055603429556,0.00484423964347822,0.05130952380952377,0.006191620773307542
secondary/exploratory,smids,resnet50,equal_mean_of_7_device_corruptions,1,0.56,0.027380952380952384,0.006403010407148538,5,0.030540055603429556,0.00484423964347822,0.05130952380952377,0.006191620773307542
secondary/exploratory,smids,resnet50,equal_mean_of_7_device_corruptions,1,0.5700000000000001,0.028070175438596513,0.005954395883443761,5,0.030540055603429556,0.00484423964347822,0.05130952380952377,0.006191620773307542
secondary/exploratory,smids,resnet50,equal_mean_of_7_device_corruptions,1,0.58,0.029228243021346474,0.0065835205900589356,5,0.030540055603429556,0.00484423964347822,0.05130952380952377,0.006191620773307542
secondary/exploratory,smids,resnet50,equal_mean_of_7_device_corruptions,1,0.59,0.030347054075867637,0.006241360751955189,5,0.030540055603429556,0.00484423964347822,0.05130952380952377,0.006191620773307542
secondary/exploratory,smids,resnet50,equal_mean_of_7_device_corruptions,1,0.6,0.03142857142857143,0.0070228005732155385,5,0.030540055603429556,0.00484423964347822,0.05130952380952377,0.006191620773307542
secondary/exploratory,smids,resnet50,equal_mean_of_7_device_corruptions,1,0.61,0.03263075722092115,0.007372814334499668,5,0.030540055603429556,0.00484423964347822,0.05130952380952377,0.006191620773307542
secondary/exploratory,smids,resnet50,equal_mean_of_7_device_corruptions,1,0.62,0.03364055299539171,0.007474187788450301,5,0.030540055603429556,0.00484423964347822,0.05130952380952377,0.006191620773307542
secondary/exploratory,smids,resnet50,equal_mean_of_7_device_corruptions,1,0.63,0.03386243386243386,0.00735554988704633,5,0.030540055603429556,0.00484423964347822,0.05130952380952377,0.006191620773307542
secondary/exploratory,smids,resnet50,equal_mean_of_7_device_corruptions,1,0.64,0.034375,0.0071444070739034565,5,0.030540055603429556,0.00484423964347822,0.05130952380952377,0.006191620773307542
secondary/exploratory,smids,resnet50,equal_mean_of_7_device_corruptions,1,0.65,0.03560439560439561,0.007676593053438675,5,0.030540055603429556,0.00484423964347822,0.05130952380952377,0.006191620773307542
secondary/exploratory,smids,resnet50,equal_mean_of_7_device_corruptions,1,0.66,0.03694083694083694,0.0069466694960524725,5,0.030540055603429556,0.00484423964347822,0.05130952380952377,0.006191620773307542
secondary/exploratory,smids,resnet50,equal_mean_of_7_device_corruptions,1,0.67,0.037526652452025584,0.007494769766290871,5,0.030540055603429556,0.00484423964347822,0.05130952380952377,0.006191620773307542
secondary/exploratory,smids,resnet50,equal_mean_of_7_device_corruptions,1,0.68,0.0380952380952381,0.007962896208515311,5,0.030540055603429556,0.00484423964347822,0.05130952380952377,0.006191620773307542
secondary/exploratory,smids,resnet50,equal_mean_of_7_device_corruptions,1,0.6900000000000001,0.03823326432022086,0.007585165860060219,5,0.030540055603429556,0.00484423964347822,0.05130952380952377,0.006191620773307542
secondary/exploratory,smids,resnet50,equal_mean_of_7_device_corruptions,1,0.7000000000000001,0.03931972789115647,0.006406848804338029,5,0.030540055603429556,0.00484423964347822,0.05130952380952377,0.006191620773307542
secondary/exploratory,smids,resnet50,equal_mean_of_7_device_corruptions,1,0.71,0.0403755868544601,0.007120070839485022,5,0.030540055603429556,0.00484423964347822,0.05130952380952377,0.006191620773307542
secondary/exploratory,smids,resnet50,equal_mean_of_7_device_corruptions,1,0.72,0.041534391534391535,0.006815700014808597,5,0.030540055603429556,0.00484423964347822,0.05130952380952377,0.006191620773307542
secondary/exploratory,smids,resnet50,equal_mean_of_7_device_corruptions,1,0.73,0.0421395955642531,0.006215853489665542,5,0.030540055603429556,0.00484423964347822,0.05130952380952377,0.006191620773307542
secondary/exploratory,smids,resnet50,equal_mean_of_7_device_corruptions,1,0.74,0.043886743886743886,0.005635684439076271,5,0.030540055603429556,0.00484423964347822,0.05130952380952377,0.006191620773307542
secondary/exploratory,smids,resnet50,equal_mean_of_7_device_corruptions,1,0.75,0.044698412698412696,0.0058467882835409974,5,0.030540055603429556,0.00484423964347822,0.05130952380952377,0.006191620773307542
secondary/exploratory,smids,resnet50,equal_mean_of_7_device_corruptions,1,0.76,0.04536340852130326,0.00592096975184333,5,0.030540055603429556,0.00484423964347822,0.05130952380952377,0.006191620773307542
secondary/exploratory,smids,resnet50,equal_mean_of_7_device_corruptions,1,0.77,0.04687693259121831,0.005873449632941876,5,0.030540055603429556,0.00484423964347822,0.05130952380952377,0.006191620773307542
secondary/exploratory,smids,resnet50,equal_mean_of_7_device_corruptions,1,0.78,0.04822954822954823,0.005511437754965751,5,0.030540055603429556,0.00484423964347822,0.05130952380952377,0.006191620773307542
secondary/exploratory,smids,resnet50,equal_mean_of_7_device_corruptions,1,0.79,0.05027124773960216,0.006170697476585768,5,0.030540055603429556,0.00484423964347822,0.05130952380952377,0.006191620773307542
secondary/exploratory,smids,resnet50,equal_mean_of_7_device_corruptions,1,0.8,0.051309523809523805,0.006191620773307546,5,0.030540055603429556,0.00484423964347822,0.05130952380952377,0.006191620773307542
secondary/exploratory,smids,resnet50,equal_mean_of_7_device_corruptions,1,0.81,0.05255731922398589,0.004911604602987753,5,0.030540055603429556,0.00484423964347822,0.05130952380952377,0.006191620773307542
secondary/exploratory,smids,resnet50,equal_mean_of_7_device_corruptions,1,0.8200000000000001,0.05365853658536587,0.005268254787475833,5,0.030540055603429556,0.00484423964347822,0.05130952380952377,0.006191620773307542
secondary/exploratory,smids,resnet50,equal_mean_of_7_device_corruptions,1,0.8300000000000001,0.055192197360872074,0.005814171456182792,5,0.030540055603429556,0.00484423964347822,0.05130952380952377,0.006191620773307542
secondary/exploratory,smids,resnet50,equal_mean_of_7_device_corruptions,1,0.84,0.057029478458049884,0.006243553243654583,5,0.030540055603429556,0.00484423964347822,0.05130952380952377,0.006191620773307542
secondary/exploratory,smids,resnet50,equal_mean_of_7_device_corruptions,1,0.85,0.05837535014005603,0.006990465325406866,5,0.030540055603429556,0.00484423964347822,0.05130952380952377,0.006191620773307542
secondary/exploratory,smids,resnet50,equal_mean_of_7_device_corruptions,1,0.86,0.06079734219269103,0.007656427914703705,5,0.030540055603429556,0.00484423964347822,0.05130952380952377,0.006191620773307542
secondary/exploratory,smids,resnet50,equal_mean_of_7_device_corruptions,1,0.87,0.06382047071702243,0.008160770863572527,5,0.030540055603429556,0.00484423964347822,0.05130952380952377,0.006191620773307542
secondary/exploratory,smids,resnet50,equal_mean_of_7_device_corruptions,1,0.88,0.06558441558441558,0.008903118646612064,5,0.030540055603429556,0.00484423964347822,0.05130952380952377,0.006191620773307542
secondary/exploratory,smids,resnet50,equal_mean_of_7_device_corruptions,1,0.89,0.06741573033707866,0.00905634611011811,5,0.030540055603429556,0.00484423964347822,0.05130952380952377,0.006191620773307542
secondary/exploratory,smids,resnet50,equal_mean_of_7_device_corruptions,1,0.9,0.07047619047619047,0.00862450092358729,5,0.030540055603429556,0.00484423964347822,0.05130952380952377,0.006191620773307542
secondary/exploratory,smids,resnet50,equal_mean_of_7_device_corruptions,1,0.91,0.07336473050758766,0.010129340248315724,5,0.030540055603429556,0.00484423964347822,0.05130952380952377,0.006191620773307542
secondary/exploratory,smids,resnet50,equal_mean_of_7_device_corruptions,1,0.92,0.07546583850931678,0.010270121589756187,5,0.030540055603429556,0.00484423964347822,0.05130952380952377,0.006191620773307542
secondary/exploratory,smids,resnet50,equal_mean_of_7_device_corruptions,1,0.93,0.0778289810547875,0.010562033458646326,5,0.030540055603429556,0.00484423964347822,0.05130952380952377,0.006191620773307542
secondary/exploratory,smids,resnet50,equal_mean_of_7_device_corruptions,1,0.9400000000000001,0.08074974670719352,0.011154090329907102,5,0.030540055603429556,0.00484423964347822,0.05130952380952377,0.006191620773307542
secondary/exploratory,smids,resnet50,equal_mean_of_7_device_corruptions,1,0.9500000000000001,0.08380952380952385,0.011601600945141087,5,0.030540055603429556,0.00484423964347822,0.05130952380952377,0.006191620773307542
secondary/exploratory,smids,resnet50,equal_mean_of_7_device_corruptions,1,0.96,0.08789682539682539,0.011154650027955055,5,0.030540055603429556,0.00484423964347822,0.05130952380952377,0.006191620773307542
secondary/exploratory,smids,resnet50,equal_mean_of_7_device_corruptions,1,0.97,0.09111438389788905,0.010566718092132726,5,0.030540055603429556,0.00484423964347822,0.05130952380952377,0.006191620773307542
secondary/exploratory,smids,resnet50,equal_mean_of_7_device_corruptions,1,0.98,0.09426627793974732,0.011590729292397049,5,0.030540055603429556,0.00484423964347822,0.05130952380952377,0.006191620773307542
secondary/exploratory,smids,resnet50,equal_mean_of_7_device_corruptions,1,0.99,0.09841269841269842,0.011431227149601117,5,0.030540055603429556,0.00484423964347822,0.05130952380952377,0.006191620773307542
secondary/exploratory,smids,resnet50,equal_mean_of_7_device_corruptions,1,1.0,0.10304761904761905,0.012401996767034079,5,0.030540055603429556,0.00484423964347822,0.05130952380952377,0.006191620773307542
secondary/exploratory,smids,resnet50,equal_mean_of_7_device_corruptions,2,0.0,0.0,0.0,5,0.03450113980183511,0.005500676836463616,0.05857142857142854,0.005593338076587391
secondary/exploratory,smids,resnet50,equal_mean_of_7_device_corruptions,2,0.01,0.0,0.0,5,0.03450113980183511,0.005500676836463616,0.05857142857142854,0.005593338076587391
secondary/exploratory,smids,resnet50,equal_mean_of_7_device_corruptions,2,0.02,0.0,0.0,5,0.03450113980183511,0.005500676836463616,0.05857142857142854,0.005593338076587391
secondary/exploratory,smids,resnet50,equal_mean_of_7_device_corruptions,2,0.03,0.0,0.0,5,0.03450113980183511,0.005500676836463616,0.05857142857142854,0.005593338076587391
secondary/exploratory,smids,resnet50,equal_mean_of_7_device_corruptions,2,0.04,0.0023809523809523807,0.005323971374999499,5,0.03450113980183511,0.005500676836463616,0.05857142857142854,0.005593338076587391
secondary/exploratory,smids,resnet50,equal_mean_of_7_device_corruptions,2,0.05,0.003809523809523809,0.008518354199999198,5,0.03450113980183511,0.005500676836463616,0.05857142857142854,0.005593338076587391
secondary/exploratory,smids,resnet50,equal_mean_of_7_device_corruptions,2,0.06,0.0031746031746031746,0.007098628499999332,5,0.03450113980183511,0.005500676836463616,0.05857142857142854,0.005593338076587391
secondary/exploratory,smids,resnet50,equal_mean_of_7_device_corruptions,2,0.07,0.0027210884353741495,0.006084538714285142,5,0.03450113980183511,0.005500676836463616,0.05857142857142854,0.005593338076587391
secondary/exploratory,smids,resnet50,equal_mean_of_7_device_corruptions,2,0.08,0.0023809523809523807,0.005323971374999499,5,0.03450113980183511,0.005500676836463616,0.05857142857142854,0.005593338076587391
secondary/exploratory,smids,resnet50,equal_mean_of_7_device_corruptions,2,0.09,0.002116402116402116,0.004732418999999555,5,0.03450113980183511,0.005500676836463616,0.05857142857142854,0.005593338076587391
secondary/exploratory,smids,resnet50,equal_mean_of_7_device_corruptions,2,0.1,0.0019047619047619045,0.004259177099999599,5,0.03450113980183511,0.005500676836463616,0.05857142857142854,0.005593338076587391
secondary/exploratory,smids,resnet50,equal_mean_of_7_device_corruptions,2,0.11,0.003463203463203463,0.005644331086755541,5,0.03450113980183511,0.005500676836463616,0.05857142857142854,0.005593338076587391
secondary/exploratory,smids,resnet50,equal_mean_of_7_device_corruptions,2,0.12,0.005555555555555555,0.006640158940746631,5,0.03450113980183511,0.005500676836463616,0.05857142857142854,0.005593338076587391
secondary/exploratory,smids,resnet50,equal_mean_of_7_device_corruptions,2,0.13,0.005860805860805861,0.006654176602412069,5,0.03450113980183511,0.005500676836463616,0.05857142857142854,0.005593338076587391
secondary/exploratory,smids,resnet50,equal_mean_of_7_device_corruptions,2,0.14,0.006122448979591836,0.006084538714285141,5,0.03450113980183511,0.005500676836463616,0.05857142857142854,0.005593338076587391
secondary/exploratory,smids,resnet50,equal_mean_of_7_device_corruptions,2,0.15,0.006984126984126986,0.00688237567894565,5,0.03450113980183511,0.005500676836463616,0.05857142857142854,0.005593338076587391
secondary/exploratory,smids,resnet50,equal_mean_of_7_device_corruptions,2,0.16,0.007142857142857143,0.006851705019774606,5,0.03450113980183511,0.005500676836463616,0.05857142857142854,0.005593338076587391
secondary/exploratory,smids,resnet50,equal_mean_of_7_device_corruptions,2,0.17,0.008403361344537816,0.005942073791483592,5,0.03450113980183511,0.005500676836463616,0.05857142857142854,0.005593338076587391
secondary/exploratory,smids,resnet50,equal_mean_of_7_device_corruptions,2,0.18,0.008465608465608464,0.0050887259422410965,5,0.03450113980183511,0.005500676836463616,0.05857142857142854,0.005593338076587391
secondary/exploratory,smids,resnet50,equal_mean_of_7_device_corruptions,2,0.19,0.009022556390977442,0.004885611200405495,5,0.03450113980183511,0.005500676836463616,0.05857142857142854,0.005593338076587391
secondary/exploratory,smids,resnet50,equal_mean_of_7_device_corruptions,2,0.2,0.009047619047619047,0.0054294067861863715,5,0.03450113980183511,0.005500676836463616,0.05857142857142854,0.005593338076587391
secondary/exploratory,smids,resnet50,equal_mean_of_7_device_corruptions,2,0.21,0.010430839002267574,0.006126646751068616,5,0.03450113980183511,0.005500676836463616,0.05857142857142854,0.005593338076587391
secondary/exploratory,smids,resnet50,equal_mean_of_7_device_corruptions,2,0.22,0.010822510822510822,0.005301925850180039,5,0.03450113980183511,0.005500676836463616,0.05857142857142854,0.005593338076587391
secondary/exploratory,smids,resnet50,equal_mean_of_7_device_corruptions,2,0.23,0.011594202898550725,0.005593894859671345,5,0.03450113980183511,0.005500676836463616,0.05857142857142854,0.005593338076587391
secondary/exploratory,smids,resnet50,equal_mean_of_7_device_corruptions,2,0.24,0.012301587301587303,0.005681675025109665,5,0.03450113980183511,0.005500676836463616,0.05857142857142854,0.005593338076587391
secondary/exploratory,smids,resnet50,equal_mean_of_7_device_corruptions,2,0.25,0.012952380952380955,0.0049303539449694405,5,0.03450113980183511,0.005500676836463616,0.05857142857142854,0.005593338076587391
secondary/exploratory,smids,resnet50,equal_mean_of_7_device_corruptions,2,0.26,0.013553113553113555,0.0054331124447587285,5,0.03450113980183511,0.005500676836463616,0.05857142857142854,0.005593338076587391
secondary/exploratory,smids,resnet50,equal_mean_of_7_device_corruptions,2,0.27,0.014109347442680775,0.006235509534272906,5,0.03450113980183511,0.005500676836463616,0.05857142857142854,0.005593338076587391
secondary/exploratory,smids,resnet50,equal_mean_of_7_device_corruptions,2,0.28,0.014285714285714285,0.005716917113595787,5,0.03450113980183511,0.005500676836463616,0.05857142857142854,0.005593338076587391
secondary/exploratory,smids,resnet50,equal_mean_of_7_device_corruptions,2,0.29,0.014449917898193759,0.004980542163580657,5,0.03450113980183511,0.005500676836463616,0.05857142857142854,0.005593338076587391
secondary/exploratory,smids,resnet50,equal_mean_of_7_device_corruptions,2,0.3,0.014285714285714287,0.0046277395990835715,5,0.03450113980183511,0.005500676836463616,0.05857142857142854,0.005593338076587391
secondary/exploratory,smids,resnet50,equal_mean_of_7_device_corruptions,2,0.31,0.014746543778801847,0.005706351957298529,5,0.03450113980183511,0.005500676836463616,0.05857142857142854,0.005593338076587391
secondary/exploratory,smids,resnet50,equal_mean_of_7_device_corruptions,2,0.32,0.01488095238095238,0.005952380952380952,5,0.03450113980183511,0.005500676836463616,0.05857142857142854,0.005593338076587391
secondary/exploratory,smids,resnet50,equal_mean_of_7_device_corruptions,2,0.33,0.015873015873015876,0.006690922435422585,5,0.03450113980183511,0.005500676836463616,0.05857142857142854,0.005593338076587391
secondary/exploratory,smids,resnet50,equal_mean_of_7_device_corruptions,2,0.34,0.01596638655462185,0.006310297101439109,5,0.03450113980183511,0.005500676836463616,0.05857142857142854,0.005593338076587391
secondary/exploratory,smids,resnet50,equal_mean_of_7_device_corruptions,2,0.35000000000000003,0.015782312925170065,0.0067068068265938715,5,0.03450113980183511,0.005500676836463616,0.05857142857142854,0.005593338076587391
secondary/exploratory,smids,resnet50,equal_mean_of_7_device_corruptions,2,0.36,0.016137566137566138,0.006834926287176619,5,0.03450113980183511,0.005500676836463616,0.05857142857142854,0.005593338076587391
secondary/exploratory,smids,resnet50,equal_mean_of_7_device_corruptions,2,0.37,0.016988416988416986,0.008006348012867846,5,0.03450113980183511,0.005500676836463616,0.05857142857142854,0.005593338076587391
secondary/exploratory,smids,resnet50,equal_mean_of_7_device_corruptions,2,0.38,0.016791979949874684,0.007704474260119999,5,0.03450113980183511,0.005500676836463616,0.05857142857142854,0.005593338076587391
secondary/exploratory,smids,resnet50,equal_mean_of_7_device_corruptions,2,0.39,0.01782661782661783,0.007894129365198838,5,0.03450113980183511,0.005500676836463616,0.05857142857142854,0.005593338076587391
secondary/exploratory,smids,resnet50,equal_mean_of_7_device_corruptions,2,0.4,0.018571428571428572,0.006972166887783963,5,0.03450113980183511,0.005500676836463616,0.05857142857142854,0.005593338076587391
secondary/exploratory,smids,resnet50,equal_mean_of_7_device_corruptions,2,0.41000000000000003,0.019512195121951237,0.007454962386007518,5,0.03450113980183511,0.005500676836463616,0.05857142857142854,0.005593338076587391
secondary/exploratory,smids,resnet50,equal_mean_of_7_device_corruptions,2,0.42,0.021088435374149662,0.0067362588560149405,5,0.03450113980183511,0.005500676836463616,0.05857142857142854,0.005593338076587391
secondary/exploratory,smids,resnet50,equal_mean_of_7_device_corruptions,2,0.43,0.0212624584717608,0.006977623035226297,5,0.03450113980183511,0.005500676836463616,0.05857142857142854,0.005593338076587391
secondary/exploratory,smids,resnet50,equal_mean_of_7_device_corruptions,2,0.44,0.02186147186147186,0.00800426930177515,5,0.03450113980183511,0.005500676836463616,0.05857142857142854,0.005593338076587391
secondary/exploratory,smids,resnet50,equal_mean_of_7_device_corruptions,2,0.45,0.02201058201058201,0.008141961507585758,5,0.03450113980183511,0.005500676836463616,0.05857142857142854,0.005593338076587391
secondary/exploratory,smids,resnet50,equal_mean_of_7_device_corruptions,2,0.46,0.02236024844720497,0.007522112680987557,5,0.03450113980183511,0.005500676836463616,0.05857142857142854,0.005593338076587391
secondary/exploratory,smids,resnet50,equal_mean_of_7_device_corruptions,2,0.47000000000000003,0.023708206686930095,0.007431457272904659,5,0.03450113980183511,0.005500676836463616,0.05857142857142854,0.005593338076587391
secondary/exploratory,smids,resnet50,equal_mean_of_7_device_corruptions,2,0.48,0.024206349206349204,0.007377377953404051,5,0.03450113980183511,0.005500676836463616,0.05857142857142854,0.005593338076587391
secondary/exploratory,smids,resnet50,equal_mean_of_7_device_corruptions,2,0.49,0.02565597667638484,0.00843300025264009,5,0.03450113980183511,0.005500676836463616,0.05857142857142854,0.005593338076587391
secondary/exploratory,smids,resnet50,equal_mean_of_7_device_corruptions,2,0.5,0.026095238095238095,0.008613652613024773,5,0.03450113980183511,0.005500676836463616,0.05857142857142854,0.005593338076587391
secondary/exploratory,smids,resnet50,equal_mean_of_7_device_corruptions,2,0.51,0.02633053221288516,0.008542269289622918,5,0.03450113980183511,0.005500676836463616,0.05857142857142854,0.005593338076587391
secondary/exploratory,smids,resnet50,equal_mean_of_7_device_corruptions,2,0.52,0.028388278388278388,0.008267156632448619,5,0.03450113980183511,0.005500676836463616,0.05857142857142854,0.005593338076587391
secondary/exploratory,smids,resnet50,equal_mean_of_7_device_corruptions,2,0.53,0.028930817610062894,0.00804622216612331,5,0.03450113980183511,0.005500676836463616,0.05857142857142854,0.005593338076587391
secondary/exploratory,smids,resnet50,equal_mean_of_7_device_corruptions,2,0.54,0.02980599647266314,0.007647084087717389,5,0.03450113980183511,0.005500676836463616,0.05857142857142854,0.005593338076587391
secondary/exploratory,smids,resnet50,equal_mean_of_7_device_corruptions,2,0.55,0.03116883116883117,0.00754787695851199,5,0.03450113980183511,0.005500676836463616,0.05857142857142854,0.005593338076587391
secondary/exploratory,smids,resnet50,equal_mean_of_7_device_corruptions,2,0.56,0.031632653061224494,0.008659285454490453,5,0.03450113980183511,0.005500676836463616,0.05857142857142854,0.005593338076587391
secondary/exploratory,smids,resnet50,equal_mean_of_7_device_corruptions,2,0.5700000000000001,0.032247284878863844,0.007783334802908699,5,0.03450113980183511,0.005500676836463616,0.05857142857142854,0.005593338076587391
secondary/exploratory,smids,resnet50,equal_mean_of_7_device_corruptions,2,0.58,0.03366174055829228,0.007810466991149611,5,0.03450113980183511,0.005500676836463616,0.05857142857142854,0.005593338076587391
secondary/exploratory,smids,resnet50,equal_mean_of_7_device_corruptions,2,0.59,0.03438256658595642,0.008083122491399053,5,0.03450113980183511,0.005500676836463616,0.05857142857142854,0.005593338076587391
secondary/exploratory,smids,resnet50,equal_mean_of_7_device_corruptions,2,0.6,0.035873015873015876,0.007600009282459756,5,0.03450113980183511,0.005500676836463616,0.05857142857142854,0.005593338076587391
secondary/exploratory,smids,resnet50,equal_mean_of_7_device_corruptions,2,0.61,0.03731459797033567,0.007576634228603234,5,0.03450113980183511,0.005500676836463616,0.05857142857142854,0.005593338076587391
secondary/exploratory,smids,resnet50,equal_mean_of_7_device_corruptions,2,0.62,0.03794162826420891,0.007576095419758954,5,0.03450113980183511,0.005500676836463616,0.05857142857142854,0.005593338076587391
secondary/exploratory,smids,resnet50,equal_mean_of_7_device_corruptions,2,0.63,0.03915343915343915,0.007297063272046662,5,0.03450113980183511,0.005500676836463616,0.05857142857142854,0.005593338076587391
secondary/exploratory,smids,resnet50,equal_mean_of_7_device_corruptions,2,0.64,0.03943452380952381,0.00753290801016242,5,0.03450113980183511,0.005500676836463616,0.05857142857142854,0.005593338076587391
secondary/exploratory,smids,resnet50,equal_mean_of_7_device_corruptions,2,0.65,0.04131868131868131,0.007985011922894482,5,0.03450113980183511,0.005500676836463616,0.05857142857142854,0.005593338076587391
secondary/exploratory,smids,resnet50,equal_mean_of_7_device_corruptions,2,0.66,0.04170274170274171,0.007877254870970378,5,0.03450113980183511,0.005500676836463616,0.05857142857142854,0.005593338076587391
secondary/exploratory,smids,resnet50,equal_mean_of_7_device_corruptions,2,0.67,0.04307036247334754,0.007859938195280311,5,0.03450113980183511,0.005500676836463616,0.05857142857142854,0.005593338076587391
secondary/exploratory,smids,resnet50,equal_mean_of_7_device_corruptions,2,0.68,0.04495798319327731,0.007499865958257865,5,0.03450113980183511,0.005500676836463616,0.05857142857142854,0.005593338076587391
secondary/exploratory,smids,resnet50,equal_mean_of_7_device_corruptions,2,0.6900000000000001,0.04527260179434092,0.0073459263440912,5,0.03450113980183511,0.005500676836463616,0.05857142857142854,0.005593338076587391
secondary/exploratory,smids,resnet50,equal_mean_of_7_device_corruptions,2,0.7000000000000001,0.04585034013605442,0.007971094059554845,5,0.03450113980183511,0.005500676836463616,0.05857142857142854,0.005593338076587391
secondary/exploratory,smids,resnet50,equal_mean_of_7_device_corruptions,2,0.71,0.04681421864520456,0.0071672971199960005,5,0.03450113980183511,0.005500676836463616,0.05857142857142854,0.005593338076587391
secondary/exploratory,smids,resnet50,equal_mean_of_7_device_corruptions,2,0.72,0.04748677248677248,0.006436106151165535,5,0.03450113980183511,0.005500676836463616,0.05857142857142854,0.005593338076587391
secondary/exploratory,smids,resnet50,equal_mean_of_7_device_corruptions,2,0.73,0.047879973907371164,0.006317703855344163,5,0.03450113980183511,0.005500676836463616,0.05857142857142854,0.005593338076587391
secondary/exploratory,smids,resnet50,equal_mean_of_7_device_corruptions,2,0.74,0.04903474903474904,0.006647084431720323,5,0.03450113980183511,0.005500676836463616,0.05857142857142854,0.005593338076587391
secondary/exploratory,smids,resnet50,equal_mean_of_7_device_corruptions,2,0.75,0.05015873015873016,0.007724142895616787,5,0.03450113980183511,0.005500676836463616,0.05857142857142854,0.005593338076587391
secondary/exploratory,smids,resnet50,equal_mean_of_7_device_corruptions,2,0.76,0.05075187969924812,0.00658640226868065,5,0.03450113980183511,0.005500676836463616,0.05857142857142854,0.005593338076587391
secondary/exploratory,smids,resnet50,equal_mean_of_7_device_corruptions,2,0.77,0.05355596784168213,0.006391099904892426,5,0.03450113980183511,0.005500676836463616,0.05857142857142854,0.005593338076587391
secondary/exploratory,smids,resnet50,equal_mean_of_7_device_corruptions,2,0.78,0.05470085470085471,0.006338631185551853,5,0.03450113980183511,0.005500676836463616,0.05857142857142854,0.005593338076587391
secondary/exploratory,smids,resnet50,equal_mean_of_7_device_corruptions,2,0.79,0.05617842073538276,0.0061677527388964365,5,0.03450113980183511,0.005500676836463616,0.05857142857142854,0.005593338076587391
secondary/exploratory,smids,resnet50,equal_mean_of_7_device_corruptions,2,0.8,0.05857142857142857,0.005593338076587384,5,0.03450113980183511,0.005500676836463616,0.05857142857142854,0.005593338076587391
secondary/exploratory,smids,resnet50,equal_mean_of_7_device_corruptions,2,0.81,0.06055261610817166,0.0046290463692015395,5,0.03450113980183511,0.005500676836463616,0.05857142857142854,0.005593338076587391
secondary/exploratory,smids,resnet50,equal_mean_of_7_device_corruptions,2,0.8200000000000001,0.0613240418118467,0.004118611667014436,5,0.03450113980183511,0.005500676836463616,0.05857142857142854,0.005593338076587391
secondary/exploratory,smids,resnet50,equal_mean_of_7_device_corruptions,2,0.8300000000000001,0.0634538152610442,0.0050929067174233355,5,0.03450113980183511,0.005500676836463616,0.05857142857142854,0.005593338076587391
secondary/exploratory,smids,resnet50,equal_mean_of_7_device_corruptions,2,0.84,0.06530612244897958,0.005574612140108627,5,0.03450113980183511,0.005500676836463616,0.05857142857142854,0.005593338076587391
secondary/exploratory,smids,resnet50,equal_mean_of_7_device_corruptions,2,0.85,0.06756302521008403,0.0065164441562332144,5,0.03450113980183511,0.005500676836463616,0.05857142857142854,0.005593338076587391
secondary/exploratory,smids,resnet50,equal_mean_of_7_device_corruptions,2,0.86,0.0698781838316722,0.008617262514932689,5,0.03450113980183511,0.005500676836463616,0.05857142857142854,0.005593338076587391
secondary/exploratory,smids,resnet50,equal_mean_of_7_device_corruptions,2,0.87,0.07214012041598247,0.009170281321755598,5,0.03450113980183511,0.005500676836463616,0.05857142857142854,0.005593338076587391
secondary/exploratory,smids,resnet50,equal_mean_of_7_device_corruptions,2,0.88,0.07435064935064935,0.009547454414488865,5,0.03450113980183511,0.005500676836463616,0.05857142857142854,0.005593338076587391
secondary/exploratory,smids,resnet50,equal_mean_of_7_device_corruptions,2,0.89,0.07586944890315676,0.010133428020165524,5,0.03450113980183511,0.005500676836463616,0.05857142857142854,0.005593338076587391
secondary/exploratory,smids,resnet50,equal_mean_of_7_device_corruptions,2,0.9,0.07862433862433862,0.011190194750485449,5,0.03450113980183511,0.005500676836463616,0.05857142857142854,0.005593338076587391
secondary/exploratory,smids,resnet50,equal_mean_of_7_device_corruptions,2,0.91,0.0814233385661957,0.011468209190339612,5,0.03450113980183511,0.005500676836463616,0.05857142857142854,0.005593338076587391
secondary/exploratory,smids,resnet50,equal_mean_of_7_device_corruptions,2,0.92,0.08478260869565217,0.011477385848536295,5,0.03450113980183511,0.005500676836463616,0.05857142857142854,0.005593338076587391
secondary/exploratory,smids,resnet50,equal_mean_of_7_device_corruptions,2,0.93,0.08888888888888889,0.011526993806660692,5,0.03450113980183511,0.005500676836463616,0.05857142857142854,0.005593338076587391
secondary/exploratory,smids,resnet50,equal_mean_of_7_device_corruptions,2,0.9400000000000001,0.09219858156028371,0.012915449629161066,5,0.03450113980183511,0.005500676836463616,0.05857142857142854,0.005593338076587391
secondary/exploratory,smids,resnet50,equal_mean_of_7_device_corruptions,2,0.9500000000000001,0.09463659147869678,0.0136879739975218,5,0.03450113980183511,0.005500676836463616,0.05857142857142854,0.005593338076587391
secondary/exploratory,smids,resnet50,equal_mean_of_7_device_corruptions,2,0.96,0.09781746031746033,0.01263859297951673,5,0.03450113980183511,0.005500676836463616,0.05857142857142854,0.005593338076587391
secondary/exploratory,smids,resnet50,equal_mean_of_7_device_corruptions,2,0.97,0.10014727540500737,0.013502476720152243,5,0.03450113980183511,0.005500676836463616,0.05857142857142854,0.005593338076587391
secondary/exploratory,smids,resnet50,equal_mean_of_7_device_corruptions,2,0.98,0.10417881438289603,0.013398220621581306,5,0.03450113980183511,0.005500676836463616,0.05857142857142854,0.005593338076587391
secondary/exploratory,smids,resnet50,equal_mean_of_7_device_corruptions,2,0.99,0.10803270803270804,0.013547658409404683,5,0.03450113980183511,0.005500676836463616,0.05857142857142854,0.005593338076587391
secondary/exploratory,smids,resnet50,equal_mean_of_7_device_corruptions,2,1.0,0.11238095238095239,0.013175081268816119,5,0.03450113980183511,0.005500676836463616,0.05857142857142854,0.005593338076587391
secondary/exploratory,smids,resnet50,equal_mean_of_7_device_corruptions,3,0.0,0.0,0.0,5,0.07361097241674798,0.007595995401749421,0.11976190476190474,0.01101110035672
secondary/exploratory,smids,resnet50,equal_mean_of_7_device_corruptions,3,0.01,0.0,0.0,5,0.07361097241674798,0.007595995401749421,0.11976190476190474,0.01101110035672
secondary/exploratory,smids,resnet50,equal_mean_of_7_device_corruptions,3,0.02,0.0,0.0,5,0.07361097241674798,0.007595995401749421,0.11976190476190474,0.01101110035672
secondary/exploratory,smids,resnet50,equal_mean_of_7_device_corruptions,3,0.03,0.0,0.0,5,0.07361097241674798,0.007595995401749421,0.11976190476190474,0.01101110035672
secondary/exploratory,smids,resnet50,equal_mean_of_7_device_corruptions,3,0.04,0.0023809523809523807,0.005323971374999499,5,0.07361097241674798,0.007595995401749421,0.11976190476190474,0.01101110035672
secondary/exploratory,smids,resnet50,equal_mean_of_7_device_corruptions,3,0.05,0.005714285714285713,0.008518354199999198,5,0.07361097241674798,0.007595995401749421,0.11976190476190474,0.01101110035672
secondary/exploratory,smids,resnet50,equal_mean_of_7_device_corruptions,3,0.06,0.006349206349206349,0.010347940325718489,5,0.07361097241674798,0.007595995401749421,0.11976190476190474,0.01101110035672
secondary/exploratory,smids,resnet50,equal_mean_of_7_device_corruptions,3,0.07,0.005442176870748299,0.008869663136330133,5,0.07361097241674798,0.007595995401749421,0.11976190476190474,0.01101110035672
secondary/exploratory,smids,resnet50,equal_mean_of_7_device_corruptions,3,0.08,0.0047619047619047615,0.007760955244288867,5,0.07361097241674798,0.007595995401749421,0.11976190476190474,0.01101110035672
secondary/exploratory,smids,resnet50,equal_mean_of_7_device_corruptions,3,0.09,0.006349206349206349,0.00946483799999911,5,0.07361097241674798,0.007595995401749421,0.11976190476190474,0.01101110035672
secondary/exploratory,smids,resnet50,equal_mean_of_7_device_corruptions,3,0.1,0.005714285714285713,0.008518354199999198,5,0.07361097241674798,0.007595995401749421,0.11976190476190474,0.01101110035672
secondary/exploratory,smids,resnet50,equal_mean_of_7_device_corruptions,3,0.11,0.006926406926406926,0.00724380975354178,5,0.07361097241674798,0.007595995401749421,0.11976190476190474,0.01101110035672
secondary/exploratory,smids,resnet50,equal_mean_of_7_device_corruptions,3,0.12,0.007936507936507936,0.006274360436842021,5,0.07361097241674798,0.007595995401749421,0.11976190476190474,0.01101110035672
secondary/exploratory,smids,resnet50,equal_mean_of_7_device_corruptions,3,0.13,0.008791208791208791,0.004176466758604901,5,0.07361097241674798,0.007595995401749421,0.11976190476190474,0.01101110035672
secondary/exploratory,smids,resnet50,equal_mean_of_7_device_corruptions,3,0.14,0.01020408163265306,0.005378023231578876,5,0.07361097241674798,0.007595995401749421,0.11976190476190474,0.01101110035672
secondary/exploratory,smids,resnet50,equal_mean_of_7_device_corruptions,3,0.15,0.010793650793650795,0.003619604524124248,5,0.07361097241674798,0.007595995401749421,0.11976190476190474,0.01101110035672
secondary/exploratory,smids,resnet50,equal_mean_of_7_device_corruptions,3,0.16,0.010714285714285714,0.003393379241366482,5,0.07361097241674798,0.007595995401749421,0.11976190476190474,0.01101110035672
secondary/exploratory,smids,resnet50,equal_mean_of_7_device_corruptions,3,0.17,0.013445378151260507,0.00415473304599197,5,0.07361097241674798,0.007595995401749421,0.11976190476190474,0.01101110035672
secondary/exploratory,smids,resnet50,equal_mean_of_7_device_corruptions,3,0.18,0.0164021164021164,0.006847713812457558,5,0.07361097241674798,0.007595995401749421,0.11976190476190474,0.01101110035672
secondary/exploratory,smids,resnet50,equal_mean_of_7_device_corruptions,3,0.19,0.017042606516290727,0.007176852663296417,5,0.07361097241674798,0.007595995401749421,0.11976190476190474,0.01101110035672
secondary/exploratory,smids,resnet50,equal_mean_of_7_device_corruptions,3,0.2,0.019999999999999997,0.005976143046671967,5,0.07361097241674798,0.007595995401749421,0.11976190476190474,0.01101110035672
secondary/exploratory,smids,resnet50,equal_mean_of_7_device_corruptions,3,0.21,0.02222222222222222,0.005869468982106477,5,0.07361097241674798,0.007595995401749421,0.11976190476190474,0.01101110035672
secondary/exploratory,smids,resnet50,equal_mean_of_7_device_corruptions,3,0.22,0.023376623376623377,0.0035566399837997807,5,0.07361097241674798,0.007595995401749421,0.11976190476190474,0.01101110035672
secondary/exploratory,smids,resnet50,equal_mean_of_7_device_corruptions,3,0.23,0.02567287784679089,0.004035939687291498,5,0.07361097241674798,0.007595995401749421,0.11976190476190474,0.01101110035672
secondary/exploratory,smids,resnet50,equal_mean_of_7_device_corruptions,3,0.24,0.026587301587301587,0.0030090775571633126,5,0.07361097241674798,0.007595995401749421,0.11976190476190474,0.01101110035672
secondary/exploratory,smids,resnet50,equal_mean_of_7_device_corruptions,3,0.25,0.028190476190476193,0.0045475567185955515,5,0.07361097241674798,0.007595995401749421,0.11976190476190474,0.01101110035672
secondary/exploratory,smids,resnet50,equal_mean_of_7_device_corruptions,3,0.26,0.030036630036630034,0.004410840505052122,5,0.07361097241674798,0.007595995401749421,0.11976190476190474,0.01101110035672
secondary/exploratory,smids,resnet50,equal_mean_of_7_device_corruptions,3,0.27,0.031040564373897704,0.004599084589208218,5,0.07361097241674798,0.007595995401749421,0.11976190476190474,0.01101110035672
secondary/exploratory,smids,resnet50,equal_mean_of_7_device_corruptions,3,0.28,0.03333333333333333,0.00443483156816507,5,0.07361097241674798,0.007595995401749421,0.11976190476190474,0.01101110035672
secondary/exploratory,smids,resnet50,equal_mean_of_7_device_corruptions,3,0.29,0.03415435139573071,0.00455646532857524,5,0.07361097241674798,0.007595995401749421,0.11976190476190474,0.01101110035672
secondary/exploratory,smids,resnet50,equal_mean_of_7_device_corruptions,3,0.3,0.0365079365079365,0.005143444998736399,5,0.07361097241674798,0.007595995401749421,0.11976190476190474,0.01101110035672
secondary/exploratory,smids,resnet50,equal_mean_of_7_device_corruptions,3,0.31,0.04055299539170507,0.007172115225762675,5,0.07361097241674798,0.007595995401749421,0.11976190476190474,0.01101110035672
secondary/exploratory,smids,resnet50,equal_mean_of_7_device_corruptions,3,0.32,0.04196428571428572,0.006932032558840542,5,0.07361097241674798,0.007595995401749421,0.11976190476190474,0.01101110035672
secondary/exploratory,smids,resnet50,equal_mean_of_7_device_corruptions,3,0.33,0.04415584415584416,0.006965378577862727,5,0.07361097241674798,0.007595995401749421,0.11976190476190474,0.01101110035672
secondary/exploratory,smids,resnet50,equal_mean_of_7_device_corruptions,3,0.34,0.04677871148459384,0.008379986163390248,5,0.07361097241674798,0.007595995401749421,0.11976190476190474,0.01101110035672
secondary/exploratory,smids,resnet50,equal_mean_of_7_device_corruptions,3,0.35000000000000003,0.04897959183673469,0.008331597764568635,5,0.07361097241674798,0.007595995401749421,0.11976190476190474,0.01101110035672
secondary/exploratory,smids,resnet50,equal_mean_of_7_device_corruptions,3,0.36,0.05105820105820106,0.009145177787007202,5,0.07361097241674798,0.007595995401749421,0.11976190476190474,0.01101110035672
secondary/exploratory,smids,resnet50,equal_mean_of_7_device_corruptions,3,0.37,0.051994851994852,0.007700527825818065,5,0.07361097241674798,0.007595995401749421,0.11976190476190474,0.01101110035672
secondary/exploratory,smids,resnet50,equal_mean_of_7_device_corruptions,3,0.38,0.053634085213032576,0.008188626191831848,5,0.07361097241674798,0.007595995401749421,0.11976190476190474,0.01101110035672
secondary/exploratory,smids,resnet50,equal_mean_of_7_device_corruptions,3,0.39,0.055189255189255194,0.007693276679864891,5,0.07361097241674798,0.007595995401749421,0.11976190476190474,0.01101110035672
secondary/exploratory,smids,resnet50,equal_mean_of_7_device_corruptions,3,0.4,0.05714285714285715,0.008247860988423226,5,0.07361097241674798,0.007595995401749421,0.11976190476190474,0.01101110035672
secondary/exploratory,smids,resnet50,equal_mean_of_7_device_corruptions,3,0.41000000000000003,0.059001161440185856,0.008351069924389108,5,0.07361097241674798,0.007595995401749421,0.11976190476190474,0.01101110035672
secondary/exploratory,smids,resnet50,equal_mean_of_7_device_corruptions,3,0.42,0.06145124716553287,0.009363184953316362,5,0.07361097241674798,0.007595995401749421,0.11976190476190474,0.01101110035672
secondary/exploratory,smids,resnet50,equal_mean_of_7_device_corruptions,3,0.43,0.06267995570321153,0.009481220284830122,5,0.07361097241674798,0.007595995401749421,0.11976190476190474,0.01101110035672
secondary/exploratory,smids,resnet50,equal_mean_of_7_device_corruptions,3,0.44,0.06493506493506493,0.008825490492586626,5,0.07361097241674798,0.007595995401749421,0.11976190476190474,0.01101110035672
secondary/exploratory,smids,resnet50,equal_mean_of_7_device_corruptions,3,0.45,0.06603174603174602,0.008285112859709374,5,0.07361097241674798,0.007595995401749421,0.11976190476190474,0.01101110035672
secondary/exploratory,smids,resnet50,equal_mean_of_7_device_corruptions,3,0.46,0.06687370600414079,0.008679616487061942,5,0.07361097241674798,0.007595995401749421,0.11976190476190474,0.01101110035672
secondary/exploratory,smids,resnet50,equal_mean_of_7_device_corruptions,3,0.47000000000000003,0.06889564336372848,0.007716082174127567,5,0.07361097241674798,0.007595995401749421,0.11976190476190474,0.01101110035672
secondary/exploratory,smids,resnet50,equal_mean_of_7_device_corruptions,3,0.48,0.07123015873015873,0.007503043809995651,5,0.07361097241674798,0.007595995401749421,0.11976190476190474,0.01101110035672
secondary/exploratory,smids,resnet50,equal_mean_of_7_device_corruptions,3,0.49,0.07346938775510203,0.008376817080470342,5,0.07361097241674798,0.007595995401749421,0.11976190476190474,0.01101110035672
secondary/exploratory,smids,resnet50,equal_mean_of_7_device_corruptions,3,0.5,0.07504761904761906,0.009791476695218956,5,0.07361097241674798,0.007595995401749421,0.11976190476190474,0.01101110035672
secondary/exploratory,smids,resnet50,equal_mean_of_7_device_corruptions,3,0.51,0.07787114845938375,0.00962669387023866,5,0.07361097241674798,0.007595995401749421,0.11976190476190474,0.01101110035672
secondary/exploratory,smids,resnet50,equal_mean_of_7_device_corruptions,3,0.52,0.07967032967032968,0.01007326007326007,5,0.07361097241674798,0.007595995401749421,0.11976190476190474,0.01101110035672
secondary/exploratory,smids,resnet50,equal_mean_of_7_device_corruptions,3,0.53,0.08212039532794249,0.010392807720338721,5,0.07361097241674798,0.007595995401749421,0.11976190476190474,0.01101110035672
secondary/exploratory,smids,resnet50,equal_mean_of_7_device_corruptions,3,0.54,0.08359788359788359,0.011351367904783798,5,0.07361097241674798,0.007595995401749421,0.11976190476190474,0.01101110035672
secondary/exploratory,smids,resnet50,equal_mean_of_7_device_corruptions,3,0.55,0.08484848484848485,0.011728326566358502,5,0.07361097241674798,0.007595995401749421,0.11976190476190474,0.01101110035672
secondary/exploratory,smids,resnet50,equal_mean_of_7_device_corruptions,3,0.56,0.08622448979591837,0.011761160137428646,5,0.07361097241674798,0.007595995401749421,0.11976190476190474,0.01101110035672
secondary/exploratory,smids,resnet50,equal_mean_of_7_device_corruptions,3,0.5700000000000001,0.08888888888888888,0.011897064741131407,5,0.07361097241674798,0.007595995401749421,0.11976190476190474,0.01101110035672
secondary/exploratory,smids,resnet50,equal_mean_of_7_device_corruptions,3,0.58,0.08932676518883416,0.01152938566932148,5,0.07361097241674798,0.007595995401749421,0.11976190476190474,0.01101110035672
secondary/exploratory,smids,resnet50,equal_mean_of_7_device_corruptions,3,0.59,0.09168684422921711,0.012819979150645538,5,0.07361097241674798,0.007595995401749421,0.11976190476190474,0.01101110035672
secondary/exploratory,smids,resnet50,equal_mean_of_7_device_corruptions,3,0.6,0.09285714285714286,0.013125266197254943,5,0.07361097241674798,0.007595995401749421,0.11976190476190474,0.01101110035672
secondary/exploratory,smids,resnet50,equal_mean_of_7_device_corruptions,3,0.61,0.09430132708821233,0.013055608051284483,5,0.07361097241674798,0.007595995401749421,0.11976190476190474,0.01101110035672
secondary/exploratory,smids,resnet50,equal_mean_of_7_device_corruptions,3,0.62,0.09585253456221199,0.013162578947013937,5,0.07361097241674798,0.007595995401749421,0.11976190476190474,0.01101110035672
secondary/exploratory,smids,resnet50,equal_mean_of_7_device_corruptions,3,0.63,0.09599395313681028,0.012971279139630016,5,0.07361097241674798,0.007595995401749421,0.11976190476190474,0.01101110035672
secondary/exploratory,smids,resnet50,equal_mean_of_7_device_corruptions,3,0.64,0.096875,0.012476948700151536,5,0.07361097241674798,0.007595995401749421,0.11976190476190474,0.01101110035672
secondary/exploratory,smids,resnet50,equal_mean_of_7_device_corruptions,3,0.65,0.09758241758241758,0.011634290128120324,5,0.07361097241674798,0.007595995401749421,0.11976190476190474,0.01101110035672
secondary/exploratory,smids,resnet50,equal_mean_of_7_device_corruptions,3,0.66,0.0987012987012987,0.011355330343584264,5,0.07361097241674798,0.007595995401749421,0.11976190476190474,0.01101110035672
secondary/exploratory,smids,resnet50,equal_mean_of_7_device_corruptions,3,0.67,0.09992892679459844,0.011835342689903211,5,0.07361097241674798,0.007595995401749421,0.11976190476190474,0.01101110035672
secondary/exploratory,smids,resnet50,equal_mean_of_7_device_corruptions,3,0.68,0.10140056022408964,0.012021588570169313,5,0.07361097241674798,0.007595995401749421,0.11976190476190474,0.01101110035672
secondary/exploratory,smids,resnet50,equal_mean_of_7_device_corruptions,3,0.6900000000000001,0.1036576949620428,0.01184736264886252,5,0.07361097241674798,0.007595995401749421,0.11976190476190474,0.01101110035672
secondary/exploratory,smids,resnet50,equal_mean_of_7_device_corruptions,3,0.7000000000000001,0.10394557823129254,0.011825782719705498,5,0.07361097241674798,0.007595995401749421,0.11976190476190474,0.01101110035672
secondary/exploratory,smids,resnet50,equal_mean_of_7_device_corruptions,3,0.71,0.10596914822266934,0.012238958813477304,5,0.07361097241674798,0.007595995401749421,0.11976190476190474,0.01101110035672
secondary/exploratory,smids,resnet50,equal_mean_of_7_device_corruptions,3,0.72,0.10859788359788358,0.011080756597121348,5,0.07361097241674798,0.007595995401749421,0.11976190476190474,0.01101110035672
secondary/exploratory,smids,resnet50,equal_mean_of_7_device_corruptions,3,0.73,0.1101108936725375,0.011074008011956165,5,0.07361097241674798,0.007595995401749421,0.11976190476190474,0.01101110035672
secondary/exploratory,smids,resnet50,equal_mean_of_7_device_corruptions,3,0.74,0.11196911196911197,0.01077743515086501,5,0.07361097241674798,0.007595995401749421,0.11976190476190474,0.01101110035672
secondary/exploratory,smids,resnet50,equal_mean_of_7_device_corruptions,3,0.75,0.11314285714285713,0.011493641915631299,5,0.07361097241674798,0.007595995401749421,0.11976190476190474,0.01101110035672
secondary/exploratory,smids,resnet50,equal_mean_of_7_device_corruptions,3,0.76,0.1144110275689223,0.011160975352000932,5,0.07361097241674798,0.007595995401749421,0.11976190476190474,0.01101110035672
secondary/exploratory,smids,resnet50,equal_mean_of_7_device_corruptions,3,0.77,0.1150278293135436,0.011191688973935594,5,0.07361097241674798,0.007595995401749421,0.11976190476190474,0.01101110035672
secondary/exploratory,smids,resnet50,equal_mean_of_7_device_corruptions,3,0.78,0.11660561660561661,0.011510810521956537,5,0.07361097241674798,0.007595995401749421,0.11976190476190474,0.01101110035672
secondary/exploratory,smids,resnet50,equal_mean_of_7_device_corruptions,3,0.79,0.11766124171187464,0.010961518254381821,5,0.07361097241674798,0.007595995401749421,0.11976190476190474,0.01101110035672
secondary/exploratory,smids,resnet50,equal_mean_of_7_device_corruptions,3,0.8,0.11976190476190476,0.011011100356720016,5,0.07361097241674798,0.007595995401749421,0.11976190476190474,0.01101110035672
secondary/exploratory,smids,resnet50,equal_mean_of_7_device_corruptions,3,0.81,0.12145796590241034,0.010781001837108495,5,0.07361097241674798,0.007595995401749421,0.11976190476190474,0.01101110035672
secondary/exploratory,smids,resnet50,equal_mean_of_7_device_corruptions,3,0.8200000000000001,0.12229965156794427,0.010845637658470379,5,0.07361097241674798,0.007595995401749421,0.11976190476190474,0.01101110035672
secondary/exploratory,smids,resnet50,equal_mean_of_7_device_corruptions,3,0.8300000000000001,0.12438324727481356,0.011194225501899541,5,0.07361097241674798,0.007595995401749421,0.11976190476190474,0.01101110035672
secondary/exploratory,smids,resnet50,equal_mean_of_7_device_corruptions,3,0.84,0.12653061224489795,0.012028297594749377,5,0.07361097241674798,0.007595995401749421,0.11976190476190474,0.01101110035672
secondary/exploratory,smids,resnet50,equal_mean_of_7_device_corruptions,3,0.85,0.12851540616246498,0.011795344923683629,5,0.07361097241674798,0.007595995401749421,0.11976190476190474,0.01101110035672
secondary/exploratory,smids,resnet50,equal_mean_of_7_device_corruptions,3,0.86,0.13078626799557033,0.011993922982557971,5,0.07361097241674798,0.007595995401749421,0.11976190476190474,0.01101110035672
secondary/exploratory,smids,resnet50,equal_mean_of_7_device_corruptions,3,0.87,0.13322386425834704,0.01229152975244215,5,0.07361097241674798,0.007595995401749421,0.11976190476190474,0.01101110035672
secondary/exploratory,smids,resnet50,equal_mean_of_7_device_corruptions,3,0.88,0.13463203463203463,0.012629225585143995,5,0.07361097241674798,0.007595995401749421,0.11976190476190474,0.01101110035672
secondary/exploratory,smids,resnet50,equal_mean_of_7_device_corruptions,3,0.89,0.13697164258962014,0.013295637923797952,5,0.07361097241674798,0.007595995401749421,0.11976190476190474,0.01101110035672
secondary/exploratory,smids,resnet50,equal_mean_of_7_device_corruptions,3,0.9,0.1398941798941799,0.013283479485604596,5,0.07361097241674798,0.007595995401749421,0.11976190476190474,0.01101110035672
secondary/exploratory,smids,resnet50,equal_mean_of_7_device_corruptions,3,0.91,0.14222919937205653,0.012963353814636355,5,0.07361097241674798,0.007595995401749421,0.11976190476190474,0.01101110035672
secondary/exploratory,smids,resnet50,equal_mean_of_7_device_corruptions,3,0.92,0.1451345755693582,0.013877042300983609,5,0.07361097241674798,0.007595995401749421,0.11976190476190474,0.01101110035672
secondary/exploratory,smids,resnet50,equal_mean_of_7_device_corruptions,3,0.93,0.14818228366615466,0.013703933178004113,5,0.07361097241674798,0.007595995401749421,0.11976190476190474,0.01101110035672
secondary/exploratory,smids,resnet50,equal_mean_of_7_device_corruptions,3,0.9400000000000001,0.1512664640324215,0.013652458772933557,5,0.07361097241674798,0.007595995401749421,0.11976190476190474,0.01101110035672
secondary/exploratory,smids,resnet50,equal_mean_of_7_device_corruptions,3,0.9500000000000001,0.1543859649122807,0.013407935714381206,5,0.07361097241674798,0.007595995401749421,0.11976190476190474,0.01101110035672
secondary/exploratory,smids,resnet50,equal_mean_of_7_device_corruptions,3,0.96,0.15674603174603174,0.013424968851909094,5,0.07361097241674798,0.007595995401749421,0.11976190476190474,0.01101110035672
secondary/exploratory,smids,resnet50,equal_mean_of_7_device_corruptions,3,0.97,0.15994108983799707,0.014280567998108588,5,0.07361097241674798,0.007595995401749421,0.11976190476190474,0.01101110035672
secondary/exploratory,smids,resnet50,equal_mean_of_7_device_corruptions,3,0.98,0.1629737609329446,0.014884199681388757,5,0.07361097241674798,0.007595995401749421,0.11976190476190474,0.01101110035672
secondary/exploratory,smids,resnet50,equal_mean_of_7_device_corruptions,3,0.99,0.16613756613756614,0.014639334784068286,5,0.07361097241674798,0.007595995401749421,0.11976190476190474,0.01101110035672
secondary/exploratory,smids,resnet50,equal_mean_of_7_device_corruptions,3,1.0,0.1700952380952381,0.015018507101425086,5,0.07361097241674798,0.007595995401749421,0.11976190476190474,0.01101110035672
secondary/exploratory,smids,resnet50,equal_mean_of_7_device_corruptions,4,0.0,0.0,0.0,5,0.14341859583698874,0.012336444892289713,0.21428571428571427,0.01889353600964748
secondary/exploratory,smids,resnet50,equal_mean_of_7_device_corruptions,4,0.01,0.0,0.0,5,0.14341859583698874,0.012336444892289713,0.21428571428571427,0.01889353600964748
secondary/exploratory,smids,resnet50,equal_mean_of_7_device_corruptions,4,0.02,0.014285714285714285,0.013041013273932527,5,0.14341859583698874,0.012336444892289713,0.21428571428571427,0.01889353600964748
secondary/exploratory,smids,resnet50,equal_mean_of_7_device_corruptions,4,0.03,0.012698412698412698,0.013280317881493262,5,0.14341859583698874,0.012336444892289713,0.21428571428571427,0.01889353600964748
secondary/exploratory,smids,resnet50,equal_mean_of_7_device_corruptions,4,0.04,0.02142857142857143,0.017657615445465864,5,0.14341859583698874,0.012336444892289713,0.21428571428571427,0.01889353600964748
secondary/exploratory,smids,resnet50,equal_mean_of_7_device_corruptions,4,0.05,0.02476190476190476,0.01974899176507402,5,0.14341859583698874,0.012336444892289713,0.21428571428571427,0.01889353600964748
secondary/exploratory,smids,resnet50,equal_mean_of_7_device_corruptions,4,0.06,0.02857142857142857,0.014417382638559486,5,0.14341859583698874,0.012336444892289713,0.21428571428571427,0.01889353600964748
secondary/exploratory,smids,resnet50,equal_mean_of_7_device_corruptions,4,0.07,0.029931972789115645,0.014106422689338585,5,0.14341859583698874,0.012336444892289713,0.21428571428571427,0.01889353600964748
secondary/exploratory,smids,resnet50,equal_mean_of_7_device_corruptions,4,0.08,0.0369047619047619,0.013573516965465928,5,0.14341859583698874,0.012336444892289713,0.21428571428571427,0.01889353600964748
secondary/exploratory,smids,resnet50,equal_mean_of_7_device_corruptions,4,0.09,0.042328042328042326,0.015425798663611906,5,0.14341859583698874,0.012336444892289713,0.21428571428571427,0.01889353600964748
secondary/exploratory,smids,resnet50,equal_mean_of_7_device_corruptions,4,0.1,0.047619047619047616,0.014285714285714285,5,0.14341859583698874,0.012336444892289713,0.21428571428571427,0.01889353600964748
secondary/exploratory,smids,resnet50,equal_mean_of_7_device_corruptions,4,0.11,0.04935064935064935,0.01355192713636236,5,0.14341859583698874,0.012336444892289713,0.21428571428571427,0.01889353600964748
secondary/exploratory,smids,resnet50,equal_mean_of_7_device_corruptions,4,0.12,0.051587301587301584,0.016835875742536848,5,0.14341859583698874,0.012336444892289713,0.21428571428571427,0.01889353600964748
secondary/exploratory,smids,resnet50,equal_mean_of_7_device_corruptions,4,0.13,0.05421245421245421,0.015410757485686906,5,0.14341859583698874,0.012336444892289713,0.21428571428571427,0.01889353600964748
secondary/exploratory,smids,resnet50,equal_mean_of_7_device_corruptions,4,0.14,0.055782312925170066,0.016062202657302852,5,0.14341859583698874,0.012336444892289713,0.21428571428571427,0.01889353600964748
secondary/exploratory,smids,resnet50,equal_mean_of_7_device_corruptions,4,0.15,0.0584126984126984,0.01732996071613483,5,0.14341859583698874,0.012336444892289713,0.21428571428571427,0.01889353600964748
secondary/exploratory,smids,resnet50,equal_mean_of_7_device_corruptions,4,0.16,0.060119047619047614,0.01714864320343801,5,0.14341859583698874,0.012336444892289713,0.21428571428571427,0.01889353600964748
secondary/exploratory,smids,resnet50,equal_mean_of_7_device_corruptions,4,0.17,0.06498599439775911,0.016017903031367842,5,0.14341859583698874,0.012336444892289713,0.21428571428571427,0.01889353600964748
secondary/exploratory,smids,resnet50,equal_mean_of_7_device_corruptions,4,0.18,0.06931216931216931,0.013923489277186002,5,0.14341859583698874,0.012336444892289713,0.21428571428571427,0.01889353600964748
secondary/exploratory,smids,resnet50,equal_mean_of_7_device_corruptions,4,0.19,0.07067669172932331,0.011940981703831172,5,0.14341859583698874,0.012336444892289713,0.21428571428571427,0.01889353600964748
secondary/exploratory,smids,resnet50,equal_mean_of_7_device_corruptions,4,0.2,0.07142857142857142,0.012140522651411398,5,0.14341859583698874,0.012336444892289713,0.21428571428571427,0.01889353600964748
secondary/exploratory,smids,resnet50,equal_mean_of_7_device_corruptions,4,0.21,0.07392290249433106,0.013280317881493262,5,0.14341859583698874,0.012336444892289713,0.21428571428571427,0.01889353600964748
secondary/exploratory,smids,resnet50,equal_mean_of_7_device_corruptions,4,0.22,0.07532467532467532,0.01209025112014627,5,0.14341859583698874,0.012336444892289713,0.21428571428571427,0.01889353600964748
secondary/exploratory,smids,resnet50,equal_mean_of_7_device_corruptions,4,0.23,0.07908902691511387,0.01049589387630358,5,0.14341859583698874,0.012336444892289713,0.21428571428571427,0.01889353600964748
secondary/exploratory,smids,resnet50,equal_mean_of_7_device_corruptions,4,0.24,0.08055555555555556,0.01017530270234768,5,0.14341859583698874,0.012336444892289713,0.21428571428571427,0.01889353600964748
secondary/exploratory,smids,resnet50,equal_mean_of_7_device_corruptions,4,0.25,0.08419047619047619,0.008125992002933919,5,0.14341859583698874,0.012336444892289713,0.21428571428571427,0.01889353600964748
secondary/exploratory,smids,resnet50,equal_mean_of_7_device_corruptions,4,0.26,0.08681318681318681,0.009481449894172007,5,0.14341859583698874,0.012336444892289713,0.21428571428571427,0.01889353600964748
secondary/exploratory,smids,resnet50,equal_mean_of_7_device_corruptions,4,0.27,0.08783068783068784,0.011112510759804845,5,0.14341859583698874,0.012336444892289713,0.21428571428571427,0.01889353600964748
secondary/exploratory,smids,resnet50,equal_mean_of_7_device_corruptions,4,0.28,0.09047619047619046,0.010982234211539417,5,0.14341859583698874,0.012336444892289713,0.21428571428571427,0.01889353600964748
secondary/exploratory,smids,resnet50,equal_mean_of_7_device_corruptions,4,0.29,0.09326765188834155,0.01116101508569224,5,0.14341859583698874,0.012336444892289713,0.21428571428571427,0.01889353600964748
secondary/exploratory,smids,resnet50,equal_mean_of_7_device_corruptions,4,0.3,0.09555555555555555,0.01119019475048544,5,0.14341859583698874,0.012336444892289713,0.21428571428571427,0.01889353600964748
secondary/exploratory,smids,resnet50,equal_mean_of_7_device_corruptions,4,0.31,0.0989247311827957,0.01131928321163782,5,0.14341859583698874,0.012336444892289713,0.21428571428571427,0.01889353600964748
secondary/exploratory,smids,resnet50,equal_mean_of_7_device_corruptions,4,0.32,0.10208333333333333,0.011745587655161377,5,0.14341859583698874,0.012336444892289713,0.21428571428571427,0.01889353600964748
secondary/exploratory,smids,resnet50,equal_mean_of_7_device_corruptions,4,0.33,0.10620490620490619,0.011389660756520124,5,0.14341859583698874,0.012336444892289713,0.21428571428571427,0.01889353600964748
secondary/exploratory,smids,resnet50,equal_mean_of_7_device_corruptions,4,0.34,0.10812324929971988,0.01185936309804849,5,0.14341859583698874,0.012336444892289713,0.21428571428571427,0.01889353600964748
secondary/exploratory,smids,resnet50,equal_mean_of_7_device_corruptions,4,0.35000000000000003,0.1104761904761905,0.012885725706178578,5,0.14341859583698874,0.012336444892289713,0.21428571428571427,0.01889353600964748
secondary/exploratory,smids,resnet50,equal_mean_of_7_device_corruptions,4,0.36,0.11507936507936507,0.012824549887344784,5,0.14341859583698874,0.012336444892289713,0.21428571428571427,0.01889353600964748
secondary/exploratory,smids,resnet50,equal_mean_of_7_device_corruptions,4,0.37,0.11685971685971686,0.013356320529338075,5,0.14341859583698874,0.012336444892289713,0.21428571428571427,0.01889353600964748
secondary/exploratory,smids,resnet50,equal_mean_of_7_device_corruptions,4,0.38,0.11879699248120298,0.01318472023815803,5,0.14341859583698874,0.012336444892289713,0.21428571428571427,0.01889353600964748
secondary/exploratory,smids,resnet50,equal_mean_of_7_device_corruptions,4,0.39,0.12014652014652014,0.012910319792807138,5,0.14341859583698874,0.012336444892289713,0.21428571428571427,0.01889353600964748
secondary/exploratory,smids,resnet50,equal_mean_of_7_device_corruptions,4,0.4,0.12404761904761905,0.012915432242967158,5,0.14341859583698874,0.012336444892289713,0.21428571428571427,0.01889353600964748
secondary/exploratory,smids,resnet50,equal_mean_of_7_device_corruptions,4,0.41000000000000003,0.12590011614401858,0.012659165243613199,5,0.14341859583698874,0.012336444892289713,0.21428571428571427,0.01889353600964748
secondary/exploratory,smids,resnet50,equal_mean_of_7_device_corruptions,4,0.42,0.12902494331065759,0.012736822376402373,5,0.14341859583698874,0.012336444892289713,0.21428571428571427,0.01889353600964748
secondary/exploratory,smids,resnet50,equal_mean_of_7_device_corruptions,4,0.43,0.13178294573643412,0.011798048589514134,5,0.14341859583698874,0.012336444892289713,0.21428571428571427,0.01889353600964748
secondary/exploratory,smids,resnet50,equal_mean_of_7_device_corruptions,4,0.44,0.13333333333333336,0.012768728314937333,5,0.14341859583698874,0.012336444892289713,0.21428571428571427,0.01889353600964748
secondary/exploratory,smids,resnet50,equal_mean_of_7_device_corruptions,4,0.45,0.13671957671957674,0.011625772670452719,5,0.14341859583698874,0.012336444892289713,0.21428571428571427,0.01889353600964748
secondary/exploratory,smids,resnet50,equal_mean_of_7_device_corruptions,4,0.46,0.14037267080745341,0.011163817568979637,5,0.14341859583698874,0.012336444892289713,0.21428571428571427,0.01889353600964748
secondary/exploratory,smids,resnet50,equal_mean_of_7_device_corruptions,4,0.47000000000000003,0.14285714285714288,0.011075588201152706,5,0.14341859583698874,0.012336444892289713,0.21428571428571427,0.01889353600964748
secondary/exploratory,smids,resnet50,equal_mean_of_7_device_corruptions,4,0.48,0.14503968253968252,0.011363350050219326,5,0.14341859583698874,0.012336444892289713,0.21428571428571427,0.01889353600964748
secondary/exploratory,smids,resnet50,equal_mean_of_7_device_corruptions,4,0.49,0.14713313896987365,0.012071676491238408,5,0.14341859583698874,0.012336444892289713,0.21428571428571427,0.01889353600964748
secondary/exploratory,smids,resnet50,equal_mean_of_7_device_corruptions,4,0.5,0.15066666666666667,0.012677760984604752,5,0.14341859583698874,0.012336444892289713,0.21428571428571427,0.01889353600964748
secondary/exploratory,smids,resnet50,equal_mean_of_7_device_corruptions,4,0.51,0.15331465919701215,0.013933834173262626,5,0.14341859583698874,0.012336444892289713,0.21428571428571427,0.01889353600964748
secondary/exploratory,smids,resnet50,equal_mean_of_7_device_corruptions,4,0.52,0.15586080586080586,0.013181724699960862,5,0.14341859583698874,0.012336444892289713,0.21428571428571427,0.01889353600964748
secondary/exploratory,smids,resnet50,equal_mean_of_7_device_corruptions,4,0.53,0.15795148247978436,0.014025960136866585,5,0.14341859583698874,0.012336444892289713,0.21428571428571427,0.01889353600964748
secondary/exploratory,smids,resnet50,equal_mean_of_7_device_corruptions,4,0.54,0.15925925925925927,0.013726621309362056,5,0.14341859583698874,0.012336444892289713,0.21428571428571427,0.01889353600964748
secondary/exploratory,smids,resnet50,equal_mean_of_7_device_corruptions,4,0.55,0.16207792207792207,0.014888250866633247,5,0.14341859583698874,0.012336444892289713,0.21428571428571427,0.01889353600964748
secondary/exploratory,smids,resnet50,equal_mean_of_7_device_corruptions,4,0.56,0.16360544217687073,0.01458773311785285,5,0.14341859583698874,0.012336444892289713,0.21428571428571427,0.01889353600964748
secondary/exploratory,smids,resnet50,equal_mean_of_7_device_corruptions,4,0.5700000000000001,0.16591478696741854,0.015056147470100374,5,0.14341859583698874,0.012336444892289713,0.21428571428571427,0.01889353600964748
secondary/exploratory,smids,resnet50,equal_mean_of_7_device_corruptions,4,0.58,0.16748768472906403,0.015049509671447758,5,0.14341859583698874,0.012336444892289713,0.21428571428571427,0.01889353600964748
secondary/exploratory,smids,resnet50,equal_mean_of_7_device_corruptions,4,0.59,0.1694915254237288,0.016172288062561647,5,0.14341859583698874,0.012336444892289713,0.21428571428571427,0.01889353600964748
secondary/exploratory,smids,resnet50,equal_mean_of_7_device_corruptions,4,0.6,0.17190476190476192,0.015729510021380948,5,0.14341859583698874,0.012336444892289713,0.21428571428571427,0.01889353600964748
secondary/exploratory,smids,resnet50,equal_mean_of_7_device_corruptions,4,0.61,0.17501951600312254,0.015528656932370339,5,0.14341859583698874,0.012336444892289713,0.21428571428571427,0.01889353600964748
secondary/exploratory,smids,resnet50,equal_mean_of_7_device_corruptions,4,0.62,0.17864823348694317,0.015950663195801545,5,0.14341859583698874,0.012336444892289713,0.21428571428571427,0.01889353600964748
secondary/exploratory,smids,resnet50,equal_mean_of_7_device_corruptions,4,0.63,0.18065003779289493,0.015755603617290885,5,0.14341859583698874,0.012336444892289713,0.21428571428571427,0.01889353600964748
secondary/exploratory,smids,resnet50,equal_mean_of_7_device_corruptions,4,0.64,0.18154761904761904,0.014982909647025481,5,0.14341859583698874,0.012336444892289713,0.21428571428571427,0.01889353600964748
secondary/exploratory,smids,resnet50,equal_mean_of_7_device_corruptions,4,0.65,0.18388278388278387,0.01610888895772602,5,0.14341859583698874,0.012336444892289713,0.21428571428571427,0.01889353600964748
secondary/exploratory,smids,resnet50,equal_mean_of_7_device_corruptions,4,0.66,0.18528138528138527,0.01611225971999481,5,0.14341859583698874,0.012336444892289713,0.21428571428571427,0.01889353600964748
secondary/exploratory,smids,resnet50,equal_mean_of_7_device_corruptions,4,0.67,0.18706467661691542,0.016077318337276405,5,0.14341859583698874,0.012336444892289713,0.21428571428571427,0.01889353600964748
secondary/exploratory,smids,resnet50,equal_mean_of_7_device_corruptions,4,0.68,0.18865546218487395,0.01647221975951027,5,0.14341859583698874,0.012336444892289713,0.21428571428571427,0.01889353600964748
secondary/exploratory,smids,resnet50,equal_mean_of_7_device_corruptions,4,0.6900000000000001,0.19061421670117323,0.016341687172398447,5,0.14341859583698874,0.012336444892289713,0.21428571428571427,0.01889353600964748
secondary/exploratory,smids,resnet50,equal_mean_of_7_device_corruptions,4,0.7000000000000001,0.19292517006802723,0.016929074073445943,5,0.14341859583698874,0.012336444892289713,0.21428571428571427,0.01889353600964748
secondary/exploratory,smids,resnet50,equal_mean_of_7_device_corruptions,4,0.71,0.19503688799463448,0.01643808313406617,5,0.14341859583698874,0.012336444892289713,0.21428571428571427,0.01889353600964748
secondary/exploratory,smids,resnet50,equal_mean_of_7_device_corruptions,4,0.72,0.19656084656084655,0.01515690636045633,5,0.14341859583698874,0.012336444892289713,0.21428571428571427,0.01889353600964748
secondary/exploratory,smids,resnet50,equal_mean_of_7_device_corruptions,4,0.73,0.1994781474233529,0.016034233568431592,5,0.14341859583698874,0.012336444892289713,0.21428571428571427,0.01889353600964748
secondary/exploratory,smids,resnet50,equal_mean_of_7_device_corruptions,4,0.74,0.20051480051480053,0.016283236716400414,5,0.14341859583698874,0.012336444892289713,0.21428571428571427,0.01889353600964748
secondary/exploratory,smids,resnet50,equal_mean_of_7_device_corruptions,4,0.75,0.20253968253968252,0.017042622897104186,5,0.14341859583698874,0.012336444892289713,0.21428571428571427,0.01889353600964748
secondary/exploratory,smids,resnet50,equal_mean_of_7_device_corruptions,4,0.76,0.2045112781954887,0.01770867799693183,5,0.14341859583698874,0.012336444892289713,0.21428571428571427,0.01889353600964748
secondary/exploratory,smids,resnet50,equal_mean_of_7_device_corruptions,4,0.77,0.2064316635745207,0.01788853868882983,5,0.14341859583698874,0.012336444892289713,0.21428571428571427,0.01889353600964748
secondary/exploratory,smids,resnet50,equal_mean_of_7_device_corruptions,4,0.78,0.2094017094017094,0.018197629500352728,5,0.14341859583698874,0.012336444892289713,0.21428571428571427,0.01889353600964748
secondary/exploratory,smids,resnet50,equal_mean_of_7_device_corruptions,4,0.79,0.2115732368896926,0.018047986644460355,5,0.14341859583698874,0.012336444892289713,0.21428571428571427,0.01889353600964748
secondary/exploratory,smids,resnet50,equal_mean_of_7_device_corruptions,4,0.8,0.21428571428571427,0.018893536009647476,5,0.14341859583698874,0.012336444892289713,0.21428571428571427,0.01889353600964748
secondary/exploratory,smids,resnet50,equal_mean_of_7_device_corruptions,4,0.81,0.21622574955908286,0.019146613511192512,5,0.14341859583698874,0.012336444892289713,0.21428571428571427,0.01889353600964748
secondary/exploratory,smids,resnet50,equal_mean_of_7_device_corruptions,4,0.8200000000000001,0.2186991869918699,0.018922922617337683,5,0.14341859583698874,0.012336444892289713,0.21428571428571427,0.01889353600964748
secondary/exploratory,smids,resnet50,equal_mean_of_7_device_corruptions,4,0.8300000000000001,0.21996557659208263,0.01812730109473542,5,0.14341859583698874,0.012336444892289713,0.21428571428571427,0.01889353600964748
secondary/exploratory,smids,resnet50,equal_mean_of_7_device_corruptions,4,0.84,0.22222222222222224,0.01881027213496264,5,0.14341859583698874,0.012336444892289713,0.21428571428571427,0.01889353600964748
secondary/exploratory,smids,resnet50,equal_mean_of_7_device_corruptions,4,0.85,0.22375350140056022,0.01761189863558738,5,0.14341859583698874,0.012336444892289713,0.21428571428571427,0.01889353600964748
secondary/exploratory,smids,resnet50,equal_mean_of_7_device_corruptions,4,0.86,0.22580287929125137,0.017104168257382833,5,0.14341859583698874,0.012336444892289713,0.21428571428571427,0.01889353600964748
secondary/exploratory,smids,resnet50,equal_mean_of_7_device_corruptions,4,0.87,0.2274767378215654,0.01744907524478518,5,0.14341859583698874,0.012336444892289713,0.21428571428571427,0.01889353600964748
secondary/exploratory,smids,resnet50,equal_mean_of_7_device_corruptions,4,0.88,0.2301948051948052,0.01700718923493994,5,0.14341859583698874,0.012336444892289713,0.21428571428571427,0.01889353600964748
secondary/exploratory,smids,resnet50,equal_mean_of_7_device_corruptions,4,0.89,0.23274478330658105,0.017108910599592797,5,0.14341859583698874,0.012336444892289713,0.21428571428571427,0.01889353600964748
secondary/exploratory,smids,resnet50,equal_mean_of_7_device_corruptions,4,0.9,0.23439153439153443,0.017042458633234284,5,0.14341859583698874,0.012336444892289713,0.21428571428571427,0.01889353600964748
secondary/exploratory,smids,resnet50,equal_mean_of_7_device_corruptions,4,0.91,0.23725798011512297,0.017095529929461,5,0.14341859583698874,0.012336444892289713,0.21428571428571427,0.01889353600964748
secondary/exploratory,smids,resnet50,equal_mean_of_7_device_corruptions,4,0.92,0.23902691511387167,0.017792890075318295,5,0.14341859583698874,0.012336444892289713,0.21428571428571427,0.01889353600964748
secondary/exploratory,smids,resnet50,equal_mean_of_7_device_corruptions,4,0.93,0.24229390681003588,0.017270767421929675,5,0.14341859583698874,0.012336444892289713,0.21428571428571427,0.01889353600964748
secondary/exploratory,smids,resnet50,equal_mean_of_7_device_corruptions,4,0.9400000000000001,0.24508611955420473,0.0169891323345287,5,0.14341859583698874,0.012336444892289713,0.21428571428571427,0.01889353600964748
secondary/exploratory,smids,resnet50,equal_mean_of_7_device_corruptions,4,0.9500000000000001,0.2480200501253133,0.017106617222195898,5,0.14341859583698874,0.012336444892289713,0.21428571428571427,0.01889353600964748
secondary/exploratory,smids,resnet50,equal_mean_of_7_device_corruptions,4,0.96,0.25009920634920635,0.01754929192524158,5,0.14341859583698874,0.012336444892289713,0.21428571428571427,0.01889353600964748
secondary/exploratory,smids,resnet50,equal_mean_of_7_device_corruptions,4,0.97,0.25301914580265095,0.016940584238526415,5,0.14341859583698874,0.012336444892289713,0.21428571428571427,0.01889353600964748
secondary/exploratory,smids,resnet50,equal_mean_of_7_device_corruptions,4,0.98,0.2560738581146744,0.016649020115657734,5,0.14341859583698874,0.012336444892289713,0.21428571428571427,0.01889353600964748
secondary/exploratory,smids,resnet50,equal_mean_of_7_device_corruptions,4,0.99,0.2595478595478595,0.01675442815262416,5,0.14341859583698874,0.012336444892289713,0.21428571428571427,0.01889353600964748
secondary/exploratory,smids,resnet50,equal_mean_of_7_device_corruptions,4,1.0,0.2635238095238095,0.016234533892383465,5,0.14341859583698874,0.012336444892289713,0.21428571428571427,0.01889353600964748
secondary/exploratory,smids,resnet50,equal_mean_of_7_device_corruptions,5,0.0,0.0,0.0,5,0.2572523317786108,0.022447676778998348,0.3273809523809524,0.024968091882338502
secondary/exploratory,smids,resnet50,equal_mean_of_7_device_corruptions,5,0.01,0.09523809523809523,0.047619047619047616,5,0.2572523317786108,0.022447676778998348,0.3273809523809524,0.024968091882338502
secondary/exploratory,smids,resnet50,equal_mean_of_7_device_corruptions,5,0.02,0.09523809523809523,0.03764616262105214,5,0.2572523317786108,0.022447676778998348,0.3273809523809524,0.024968091882338502
secondary/exploratory,smids,resnet50,equal_mean_of_7_device_corruptions,5,0.03,0.11746031746031745,0.028834765277118948,5,0.2572523317786108,0.022447676778998348,0.3273809523809524,0.024968091882338502
secondary/exploratory,smids,resnet50,equal_mean_of_7_device_corruptions,5,0.04,0.1357142857142857,0.034297286406876036,5,0.2572523317786108,0.022447676778998348,0.3273809523809524,0.024968091882338502
secondary/exploratory,smids,resnet50,equal_mean_of_7_device_corruptions,5,0.05,0.13142857142857142,0.03588846415507957,5,0.2572523317786108,0.022447676778998348,0.3273809523809524,0.024968091882338502
secondary/exploratory,smids,resnet50,equal_mean_of_7_device_corruptions,5,0.06,0.13968253968253969,0.04222043199450916,5,0.2572523317786108,0.022447676778998348,0.3273809523809524,0.024968091882338502
secondary/exploratory,smids,resnet50,equal_mean_of_7_device_corruptions,5,0.07,0.1414965986394558,0.03949095312571426,5,0.2572523317786108,0.022447676778998348,0.3273809523809524,0.024968091882338502
secondary/exploratory,smids,resnet50,equal_mean_of_7_device_corruptions,5,0.08,0.14404761904761904,0.030467818790642226,5,0.2572523317786108,0.022447676778998348,0.3273809523809524,0.024968091882338502
secondary/exploratory,smids,resnet50,equal_mean_of_7_device_corruptions,5,0.09,0.15026455026455027,0.03400268574192514,5,0.2572523317786108,0.022447676778998348,0.3273809523809524,0.024968091882338502
secondary/exploratory,smids,resnet50,equal_mean_of_7_device_corruptions,5,0.1,0.15238095238095237,0.03483033056744713,5,0.2572523317786108,0.022447676778998348,0.3273809523809524,0.024968091882338502
secondary/exploratory,smids,resnet50,equal_mean_of_7_device_corruptions,5,0.11,0.15670995670995672,0.03288334028542501,5,0.2572523317786108,0.022447676778998348,0.3273809523809524,0.024968091882338502
secondary/exploratory,smids,resnet50,equal_mean_of_7_device_corruptions,5,0.12,0.15873015873015875,0.031746031746031744,5,0.2572523317786108,0.022447676778998348,0.3273809523809524,0.024968091882338502
secondary/exploratory,smids,resnet50,equal_mean_of_7_device_corruptions,5,0.13,0.16263736263736264,0.03323053019792448,5,0.2572523317786108,0.022447676778998348,0.3273809523809524,0.024968091882338502
secondary/exploratory,smids,resnet50,equal_mean_of_7_device_corruptions,5,0.14,0.17074829931972788,0.032034244021690084,5,0.2572523317786108,0.022447676778998348,0.3273809523809524,0.024968091882338502
secondary/exploratory,smids,resnet50,equal_mean_of_7_device_corruptions,5,0.15,0.1726984126984127,0.031475033797956666,5,0.2572523317786108,0.022447676778998348,0.3273809523809524,0.024968091882338502
secondary/exploratory,smids,resnet50,equal_mean_of_7_device_corruptions,5,0.16,0.175,0.033234867321770556,5,0.2572523317786108,0.022447676778998348,0.3273809523809524,0.024968091882338502
secondary/exploratory,smids,resnet50,equal_mean_of_7_device_corruptions,5,0.17,0.17983193277310924,0.029002082029232018,5,0.2572523317786108,0.022447676778998348,0.3273809523809524,0.024968091882338502
secondary/exploratory,smids,resnet50,equal_mean_of_7_device_corruptions,5,0.18,0.182010582010582,0.026149023900849874,5,0.2572523317786108,0.022447676778998348,0.3273809523809524,0.024968091882338502
secondary/exploratory,smids,resnet50,equal_mean_of_7_device_corruptions,5,0.19,0.18596491228070175,0.027591697131875457,5,0.2572523317786108,0.022447676778998348,0.3273809523809524,0.024968091882338502
secondary/exploratory,smids,resnet50,equal_mean_of_7_device_corruptions,5,0.2,0.1919047619047619,0.026384562242276324,5,0.2572523317786108,0.022447676778998348,0.3273809523809524,0.024968091882338502
secondary/exploratory,smids,resnet50,equal_mean_of_7_device_corruptions,5,0.21,0.19501133786848074,0.028048337589235778,5,0.2572523317786108,0.022447676778998348,0.3273809523809524,0.024968091882338502
secondary/exploratory,smids,resnet50,equal_mean_of_7_device_corruptions,5,0.22,0.19696969696969696,0.030877364973348708,5,0.2572523317786108,0.022447676778998348,0.3273809523809524,0.024968091882338502
secondary/exploratory,smids,resnet50,equal_mean_of_7_device_corruptions,5,0.23,0.19917184265010351,0.030230579293488997,5,0.2572523317786108,0.022447676778998348,0.3273809523809524,0.024968091882338502
secondary/exploratory,smids,resnet50,equal_mean_of_7_device_corruptions,5,0.24,0.20277777777777778,0.028143846391265298,5,0.2572523317786108,0.022447676778998348,0.3273809523809524,0.024968091882338502
secondary/exploratory,smids,resnet50,equal_mean_of_7_device_corruptions,5,0.25,0.20457142857142857,0.02874865667767757,5,0.2572523317786108,0.022447676778998348,0.3273809523809524,0.024968091882338502
secondary/exploratory,smids,resnet50,equal_mean_of_7_device_corruptions,5,0.26,0.20586080586080585,0.0279446609857299,5,0.2572523317786108,0.022447676778998348,0.3273809523809524,0.024968091882338502
secondary/exploratory,smids,resnet50,equal_mean_of_7_device_corruptions,5,0.27,0.20846560846560847,0.02893706427089056,5,0.2572523317786108,0.022447676778998348,0.3273809523809524,0.024968091882338502
secondary/exploratory,smids,resnet50,equal_mean_of_7_device_corruptions,5,0.28,0.2119047619047619,0.02857446533910164,5,0.2572523317786108,0.022447676778998348,0.3273809523809524,0.024968091882338502
secondary/exploratory,smids,resnet50,equal_mean_of_7_device_corruptions,5,0.29,0.21412151067323482,0.028312626642973807,5,0.2572523317786108,0.022447676778998348,0.3273809523809524,0.024968091882338502
secondary/exploratory,smids,resnet50,equal_mean_of_7_device_corruptions,5,0.3,0.21841269841269845,0.029130335865281173,5,0.2572523317786108,0.022447676778998348,0.3273809523809524,0.024968091882338502
secondary/exploratory,smids,resnet50,equal_mean_of_7_device_corruptions,5,0.31,0.22242703533026115,0.030109094288176014,5,0.2572523317786108,0.022447676778998348,0.3273809523809524,0.024968091882338502
secondary/exploratory,smids,resnet50,equal_mean_of_7_device_corruptions,5,0.32,0.2261904761904762,0.02844948555700173,5,0.2572523317786108,0.022447676778998348,0.3273809523809524,0.024968091882338502
secondary/exploratory,smids,resnet50,equal_mean_of_7_device_corruptions,5,0.33,0.2277056277056277,0.02763262990422206,5,0.2572523317786108,0.022447676778998348,0.3273809523809524,0.024968091882338502
secondary/exploratory,smids,resnet50,equal_mean_of_7_device_corruptions,5,0.34,0.22857142857142856,0.028641370973689455,5,0.2572523317786108,0.022447676778998348,0.3273809523809524,0.024968091882338502
secondary/exploratory,smids,resnet50,equal_mean_of_7_device_corruptions,5,0.35000000000000003,0.23074829931972793,0.028173451114111094,5,0.2572523317786108,0.022447676778998348,0.3273809523809524,0.024968091882338502
secondary/exploratory,smids,resnet50,equal_mean_of_7_device_corruptions,5,0.36,0.23465608465608465,0.026891244855131325,5,0.2572523317786108,0.022447676778998348,0.3273809523809524,0.024968091882338502
secondary/exploratory,smids,resnet50,equal_mean_of_7_device_corruptions,5,0.37,0.23809523809523814,0.026202410645434167,5,0.2572523317786108,0.022447676778998348,0.3273809523809524,0.024968091882338502
secondary/exploratory,smids,resnet50,equal_mean_of_7_device_corruptions,5,0.38,0.24035087719298245,0.026514940435887827,5,0.2572523317786108,0.022447676778998348,0.3273809523809524,0.024968091882338502
secondary/exploratory,smids,resnet50,equal_mean_of_7_device_corruptions,5,0.39,0.24126984126984125,0.024520550112388472,5,0.2572523317786108,0.022447676778998348,0.3273809523809524,0.024968091882338502
secondary/exploratory,smids,resnet50,equal_mean_of_7_device_corruptions,5,0.4,0.24214285714285713,0.024245999272573263,5,0.2572523317786108,0.022447676778998348,0.3273809523809524,0.024968091882338502
secondary/exploratory,smids,resnet50,equal_mean_of_7_device_corruptions,5,0.41000000000000003,0.243205574912892,0.024823321732669084,5,0.2572523317786108,0.022447676778998348,0.3273809523809524,0.024968091882338502
secondary/exploratory,smids,resnet50,equal_mean_of_7_device_corruptions,5,0.42,0.245124716553288,0.02569722326015346,5,0.2572523317786108,0.022447676778998348,0.3273809523809524,0.024968091882338502
secondary/exploratory,smids,resnet50,equal_mean_of_7_device_corruptions,5,0.43,0.24739756367663346,0.025333057977608764,5,0.2572523317786108,0.022447676778998348,0.3273809523809524,0.024968091882338502
secondary/exploratory,smids,resnet50,equal_mean_of_7_device_corruptions,5,0.44,0.2502164502164502,0.024059101221110164,5,0.2572523317786108,0.022447676778998348,0.3273809523809524,0.024968091882338502
secondary/exploratory,smids,resnet50,equal_mean_of_7_device_corruptions,5,0.45,0.25312169312169314,0.023031375913653594,5,0.2572523317786108,0.022447676778998348,0.3273809523809524,0.024968091882338502
secondary/exploratory,smids,resnet50,equal_mean_of_7_device_corruptions,5,0.46,0.2542443064182195,0.02339636121990335,5,0.2572523317786108,0.022447676778998348,0.3273809523809524,0.024968091882338502
secondary/exploratory,smids,resnet50,equal_mean_of_7_device_corruptions,5,0.47000000000000003,0.2573454913880446,0.023214669174041743,5,0.2572523317786108,0.022447676778998348,0.3273809523809524,0.024968091882338502
secondary/exploratory,smids,resnet50,equal_mean_of_7_device_corruptions,5,0.48,0.26011904761904764,0.023927041331479056,5,0.2572523317786108,0.022447676778998348,0.3273809523809524,0.024968091882338502
secondary/exploratory,smids,resnet50,equal_mean_of_7_device_corruptions,5,0.49,0.2629737609329446,0.024320686583131728,5,0.2572523317786108,0.022447676778998348,0.3273809523809524,0.024968091882338502
secondary/exploratory,smids,resnet50,equal_mean_of_7_device_corruptions,5,0.5,0.2657142857142857,0.02398979374820952,5,0.2572523317786108,0.022447676778998348,0.3273809523809524,0.024968091882338502
secondary/exploratory,smids,resnet50,equal_mean_of_7_device_corruptions,5,0.51,0.269094304388422,0.025428729891502227,5,0.2572523317786108,0.022447676778998348,0.3273809523809524,0.024968091882338502
secondary/exploratory,smids,resnet50,equal_mean_of_7_device_corruptions,5,0.52,0.2706959706959707,0.02675027397775301,5,0.2572523317786108,0.022447676778998348,0.3273809523809524,0.024968091882338502
secondary/exploratory,smids,resnet50,equal_mean_of_7_device_corruptions,5,0.53,0.27205750224618147,0.025676517105447376,5,0.2572523317786108,0.022447676778998348,0.3273809523809524,0.024968091882338502
secondary/exploratory,smids,resnet50,equal_mean_of_7_device_corruptions,5,0.54,0.2747795414462081,0.025287278436675005,5,0.2572523317786108,0.022447676778998348,0.3273809523809524,0.024968091882338502
secondary/exploratory,smids,resnet50,equal_mean_of_7_device_corruptions,5,0.55,0.27740259740259743,0.025898881199299412,5,0.2572523317786108,0.022447676778998348,0.3273809523809524,0.024968091882338502
secondary/exploratory,smids,resnet50,equal_mean_of_7_device_corruptions,5,0.56,0.279421768707483,0.02671205182693478,5,0.2572523317786108,0.022447676778998348,0.3273809523809524,0.024968091882338502
secondary/exploratory,smids,resnet50,equal_mean_of_7_device_corruptions,5,0.5700000000000001,0.2820384294068505,0.025508427788624957,5,0.2572523317786108,0.022447676778998348,0.3273809523809524,0.024968091882338502
secondary/exploratory,smids,resnet50,equal_mean_of_7_device_corruptions,5,0.58,0.28423645320197044,0.026814756603846766,5,0.2572523317786108,0.022447676778998348,0.3273809523809524,0.024968091882338502
secondary/exploratory,smids,resnet50,equal_mean_of_7_device_corruptions,5,0.59,0.28619854721549637,0.026163071355643584,5,0.2572523317786108,0.022447676778998348,0.3273809523809524,0.024968091882338502
secondary/exploratory,smids,resnet50,equal_mean_of_7_device_corruptions,5,0.6,0.2892063492063492,0.025456279614894543,5,0.2572523317786108,0.022447676778998348,0.3273809523809524,0.024968091882338502
secondary/exploratory,smids,resnet50,equal_mean_of_7_device_corruptions,5,0.61,0.2908665105386417,0.025841428545053006,5,0.2572523317786108,0.022447676778998348,0.3273809523809524,0.024968091882338502
secondary/exploratory,smids,resnet50,equal_mean_of_7_device_corruptions,5,0.62,0.29293394777265747,0.024908960216454046,5,0.2572523317786108,0.022447676778998348,0.3273809523809524,0.024968091882338502
secondary/exploratory,smids,resnet50,equal_mean_of_7_device_corruptions,5,0.63,0.29372637944066515,0.024918102656555752,5,0.2572523317786108,0.022447676778998348,0.3273809523809524,0.024968091882338502
secondary/exploratory,smids,resnet50,equal_mean_of_7_device_corruptions,5,0.64,0.2956845238095238,0.025147268549576805,5,0.2572523317786108,0.022447676778998348,0.3273809523809524,0.024968091882338502
secondary/exploratory,smids,resnet50,equal_mean_of_7_device_corruptions,5,0.65,0.2978754578754579,0.024040022625047553,5,0.2572523317786108,0.022447676778998348,0.3273809523809524,0.024968091882338502
secondary/exploratory,smids,resnet50,equal_mean_of_7_device_corruptions,5,0.66,0.30014430014430016,0.022517296586330785,5,0.2572523317786108,0.022447676778998348,0.3273809523809524,0.024968091882338502
secondary/exploratory,smids,resnet50,equal_mean_of_7_device_corruptions,5,0.67,0.3029140014214641,0.022280061258785025,5,0.2572523317786108,0.022447676778998348,0.3273809523809524,0.024968091882338502
secondary/exploratory,smids,resnet50,equal_mean_of_7_device_corruptions,5,0.68,0.3047619047619048,0.0225311793301851,5,0.2572523317786108,0.022447676778998348,0.3273809523809524,0.024968091882338502
secondary/exploratory,smids,resnet50,equal_mean_of_7_device_corruptions,5,0.6900000000000001,0.3071083505866115,0.02344922982475087,5,0.2572523317786108,0.022447676778998348,0.3273809523809524,0.024968091882338502
secondary/exploratory,smids,resnet50,equal_mean_of_7_device_corruptions,5,0.7000000000000001,0.308843537414966,0.0239934586238754,5,0.2572523317786108,0.022447676778998348,0.3273809523809524,0.024968091882338502
secondary/exploratory,smids,resnet50,equal_mean_of_7_device_corruptions,5,0.71,0.31106639839034206,0.02488525026824344,5,0.2572523317786108,0.022447676778998348,0.3273809523809524,0.024968091882338502
secondary/exploratory,smids,resnet50,equal_mean_of_7_device_corruptions,5,0.72,0.3136243386243386,0.025402336262767854,5,0.2572523317786108,0.022447676778998348,0.3273809523809524,0.024968091882338502
secondary/exploratory,smids,resnet50,equal_mean_of_7_device_corruptions,5,0.73,0.31598173515981737,0.025488772486160695,5,0.2572523317786108,0.022447676778998348,0.3273809523809524,0.024968091882338502
secondary/exploratory,smids,resnet50,equal_mean_of_7_device_corruptions,5,0.74,0.3173745173745174,0.024916025823073458,5,0.2572523317786108,0.022447676778998348,0.3273809523809524,0.024968091882338502
secondary/exploratory,smids,resnet50,equal_mean_of_7_device_corruptions,5,0.75,0.3186031746031746,0.02559604403800646,5,0.2572523317786108,0.022447676778998348,0.3273809523809524,0.024968091882338502
secondary/exploratory,smids,resnet50,equal_mean_of_7_device_corruptions,5,0.76,0.32055137844611525,0.02474976999142976,5,0.2572523317786108,0.022447676778998348,0.3273809523809524,0.024968091882338502
secondary/exploratory,smids,resnet50,equal_mean_of_7_device_corruptions,5,0.77,0.3212121212121212,0.025274770491314692,5,0.2572523317786108,0.022447676778998348,0.3273809523809524,0.024968091882338502
secondary/exploratory,smids,resnet50,equal_mean_of_7_device_corruptions,5,0.78,0.3231990231990232,0.024842199303184008,5,0.2572523317786108,0.022447676778998348,0.3273809523809524,0.024968091882338502
secondary/exploratory,smids,resnet50,equal_mean_of_7_device_corruptions,5,0.79,0.3251356238698011,0.025044464453297766,5,0.2572523317786108,0.022447676778998348,0.3273809523809524,0.024968091882338502
secondary/exploratory,smids,resnet50,equal_mean_of_7_device_corruptions,5,0.8,0.3273809523809524,0.024968091882338516,5,0.2572523317786108,0.022447676778998348,0.3273809523809524,0.024968091882338502
secondary/exploratory,smids,resnet50,equal_mean_of_7_device_corruptions,5,0.81,0.32863021751910637,0.024491083296817387,5,0.2572523317786108,0.022447676778998348,0.3273809523809524,0.024968091882338502
secondary/exploratory,smids,resnet50,equal_mean_of_7_device_corruptions,5,0.8200000000000001,0.3300813008130082,0.024721903001822088,5,0.2572523317786108,0.022447676778998348,0.3273809523809524,0.024968091882338502
secondary/exploratory,smids,resnet50,equal_mean_of_7_device_corruptions,5,0.8300000000000001,0.33218588640275387,0.024435501364368156,5,0.2572523317786108,0.022447676778998348,0.3273809523809524,0.024968091882338502
secondary/exploratory,smids,resnet50,equal_mean_of_7_device_corruptions,5,0.84,0.3334467120181406,0.024669310360000765,5,0.2572523317786108,0.022447676778998348,0.3273809523809524,0.024968091882338502
secondary/exploratory,smids,resnet50,equal_mean_of_7_device_corruptions,5,0.85,0.3362464985994398,0.023450581567029456,5,0.2572523317786108,0.022447676778998348,0.3273809523809524,0.024968091882338502
secondary/exploratory,smids,resnet50,equal_mean_of_7_device_corruptions,5,0.86,0.3370985603543743,0.02337875535067272,5,0.2572523317786108,0.022447676778998348,0.3273809523809524,0.024968091882338502
secondary/exploratory,smids,resnet50,equal_mean_of_7_device_corruptions,5,0.87,0.3391351943076081,0.023381323393272032,5,0.2572523317786108,0.022447676778998348,0.3273809523809524,0.024968091882338502
secondary/exploratory,smids,resnet50,equal_mean_of_7_device_corruptions,5,0.88,0.34025974025974026,0.023064266163941843,5,0.2572523317786108,0.022447676778998348,0.3273809523809524,0.024968091882338502
secondary/exploratory,smids,resnet50,equal_mean_of_7_device_corruptions,5,0.89,0.34114499732477255,0.023989496611082593,5,0.2572523317786108,0.022447676778998348,0.3273809523809524,0.024968091882338502
secondary/exploratory,smids,resnet50,equal_mean_of_7_device_corruptions,5,0.9,0.34412698412698417,0.0236224277416744,5,0.2572523317786108,0.022447676778998348,0.3273809523809524,0.024968091882338502
secondary/exploratory,smids,resnet50,equal_mean_of_7_device_corruptions,5,0.91,0.3463108320251177,0.023534504020829298,5,0.2572523317786108,0.022447676778998348,0.3273809523809524,0.024968091882338502
secondary/exploratory,smids,resnet50,equal_mean_of_7_device_corruptions,5,0.92,0.34886128364389235,0.02405301278448423,5,0.2572523317786108,0.022447676778998348,0.3273809523809524,0.024968091882338502
secondary/exploratory,smids,resnet50,equal_mean_of_7_device_corruptions,5,0.93,0.34961597542242706,0.024199710959650397,5,0.2572523317786108,0.022447676778998348,0.3273809523809524,0.024968091882338502
secondary/exploratory,smids,resnet50,equal_mean_of_7_device_corruptions,5,0.9400000000000001,0.35217831813576495,0.024852142242231742,5,0.2572523317786108,0.022447676778998348,0.3273809523809524,0.024968091882338502
secondary/exploratory,smids,resnet50,equal_mean_of_7_device_corruptions,5,0.9500000000000001,0.35408521303258145,0.02409823635550967,5,0.2572523317786108,0.022447676778998348,0.3273809523809524,0.024968091882338502
secondary/exploratory,smids,resnet50,equal_mean_of_7_device_corruptions,5,0.96,0.3563492063492063,0.024218340446516395,5,0.2572523317786108,0.022447676778998348,0.3273809523809524,0.024968091882338502
secondary/exploratory,smids,resnet50,equal_mean_of_7_device_corruptions,5,0.97,0.3583701521845852,0.02446476526649572,5,0.2572523317786108,0.022447676778998348,0.3273809523809524,0.024968091882338502
secondary/exploratory,smids,resnet50,equal_mean_of_7_device_corruptions,5,0.98,0.3608357628765792,0.023951895787977462,5,0.2572523317786108,0.022447676778998348,0.3273809523809524,0.024968091882338502
secondary/exploratory,smids,resnet50,equal_mean_of_7_device_corruptions,5,0.99,0.36382876382876383,0.023707517824357753,5,0.2572523317786108,0.022447676778998348,0.3273809523809524,0.024968091882338502
secondary/exploratory,smids,resnet50,equal_mean_of_7_device_corruptions,5,1.0,0.3664761904761905,0.023342078050373978,5,0.2572523317786108,0.022447676778998348,0.3273809523809524,0.024968091882338502
secondary/exploratory,smids,xception,clean,0,0.0,0.0,0.0,3,0.027695790408186302,0.008334448992480306,0.052777777777777764,0.01683938285136407
secondary/exploratory,smids,xception,clean,0,0.01,0.0,0.0,3,0.027695790408186302,0.008334448992480306,0.052777777777777764,0.01683938285136407
secondary/exploratory,smids,xception,clean,0,0.02,0.0,0.0,3,0.027695790408186302,0.008334448992480306,0.052777777777777764,0.01683938285136407
secondary/exploratory,smids,xception,clean,0,0.03,0.0,0.0,3,0.027695790408186302,0.008334448992480306,0.052777777777777764,0.01683938285136407
secondary/exploratory,smids,xception,clean,0,0.04,0.0,0.0,3,0.027695790408186302,0.008334448992480306,0.052777777777777764,0.01683938285136407
secondary/exploratory,smids,xception,clean,0,0.05,0.0,0.0,3,0.027695790408186302,0.008334448992480306,0.052777777777777764,0.01683938285136407
secondary/exploratory,smids,xception,clean,0,0.06,0.0,0.0,3,0.027695790408186302,0.008334448992480306,0.052777777777777764,0.01683938285136407
secondary/exploratory,smids,xception,clean,0,0.07,0.0,0.0,3,0.027695790408186302,0.008334448992480306,0.052777777777777764,0.01683938285136407
secondary/exploratory,smids,xception,clean,0,0.08,0.0,0.0,3,0.027695790408186302,0.008334448992480306,0.052777777777777764,0.01683938285136407
secondary/exploratory,smids,xception,clean,0,0.09,0.0,0.0,3,0.027695790408186302,0.008334448992480306,0.052777777777777764,0.01683938285136407
secondary/exploratory,smids,xception,clean,0,0.1,0.0,0.0,3,0.027695790408186302,0.008334448992480306,0.052777777777777764,0.01683938285136407
secondary/exploratory,smids,xception,clean,0,0.11,0.0,0.0,3,0.027695790408186302,0.008334448992480306,0.052777777777777764,0.01683938285136407
secondary/exploratory,smids,xception,clean,0,0.12,0.0,0.0,3,0.027695790408186302,0.008334448992480306,0.052777777777777764,0.01683938285136407
secondary/exploratory,smids,xception,clean,0,0.13,0.0,0.0,3,0.027695790408186302,0.008334448992480306,0.052777777777777764,0.01683938285136407
secondary/exploratory,smids,xception,clean,0,0.14,0.0,0.0,3,0.027695790408186302,0.008334448992480306,0.052777777777777764,0.01683938285136407
secondary/exploratory,smids,xception,clean,0,0.15,0.0,0.0,3,0.027695790408186302,0.008334448992480306,0.052777777777777764,0.01683938285136407
secondary/exploratory,smids,xception,clean,0,0.16,0.0,0.0,3,0.027695790408186302,0.008334448992480306,0.052777777777777764,0.01683938285136407
secondary/exploratory,smids,xception,clean,0,0.17,0.0,0.0,3,0.027695790408186302,0.008334448992480306,0.052777777777777764,0.01683938285136407
secondary/exploratory,smids,xception,clean,0,0.18,0.0,0.0,3,0.027695790408186302,0.008334448992480306,0.052777777777777764,0.01683938285136407
secondary/exploratory,smids,xception,clean,0,0.19,0.0,0.0,3,0.027695790408186302,0.008334448992480306,0.052777777777777764,0.01683938285136407
secondary/exploratory,smids,xception,clean,0,0.2,0.0,0.0,3,0.027695790408186302,0.008334448992480306,0.052777777777777764,0.01683938285136407
secondary/exploratory,smids,xception,clean,0,0.21,0.0,0.0,3,0.027695790408186302,0.008334448992480306,0.052777777777777764,0.01683938285136407
secondary/exploratory,smids,xception,clean,0,0.22,0.0,0.0,3,0.027695790408186302,0.008334448992480306,0.052777777777777764,0.01683938285136407
secondary/exploratory,smids,xception,clean,0,0.23,0.0,0.0,3,0.027695790408186302,0.008334448992480306,0.052777777777777764,0.01683938285136407
secondary/exploratory,smids,xception,clean,0,0.24,0.0,0.0,3,0.027695790408186302,0.008334448992480306,0.052777777777777764,0.01683938285136407
secondary/exploratory,smids,xception,clean,0,0.25,0.0,0.0,3,0.027695790408186302,0.008334448992480306,0.052777777777777764,0.01683938285136407
secondary/exploratory,smids,xception,clean,0,0.26,0.0,0.0,3,0.027695790408186302,0.008334448992480306,0.052777777777777764,0.01683938285136407
secondary/exploratory,smids,xception,clean,0,0.27,0.004115226337448559,0.007127781101106491,3,0.027695790408186302,0.008334448992480306,0.052777777777777764,0.01683938285136407
secondary/exploratory,smids,xception,clean,0,0.28,0.003968253968253968,0.006873217490352687,3,0.027695790408186302,0.008334448992480306,0.052777777777777764,0.01683938285136407
secondary/exploratory,smids,xception,clean,0,0.29,0.0038314176245210726,0.006636209990685354,3,0.027695790408186302,0.008334448992480306,0.052777777777777764,0.01683938285136407
secondary/exploratory,smids,xception,clean,0,0.3,0.003703703703703704,0.006415002990995842,3,0.027695790408186302,0.008334448992480306,0.052777777777777764,0.01683938285136407
secondary/exploratory,smids,xception,clean,0,0.31,0.003584229390681004,0.006208067410641138,3,0.027695790408186302,0.008334448992480306,0.052777777777777764,0.01683938285136407
secondary/exploratory,smids,xception,clean,0,0.32,0.003472222222222222,0.006014065304058602,3,0.027695790408186302,0.008334448992480306,0.052777777777777764,0.01683938285136407
secondary/exploratory,smids,xception,clean,0,0.33,0.0033670033670033673,0.005831820900905311,3,0.027695790408186302,0.008334448992480306,0.052777777777777764,0.01683938285136407
secondary/exploratory,smids,xception,clean,0,0.34,0.0032679738562091504,0.005660296756761037,3,0.027695790408186302,0.008334448992480306,0.052777777777777764,0.01683938285136407
secondary/exploratory,smids,xception,clean,0,0.35000000000000003,0.006349206349206348,0.00549857399228215,3,0.027695790408186302,0.008334448992480306,0.052777777777777764,0.01683938285136407
secondary/exploratory,smids,xception,clean,0,0.36,0.006172839506172839,0.005345835825829868,3,0.027695790408186302,0.008334448992480306,0.052777777777777764,0.01683938285136407
secondary/exploratory,smids,xception,clean,0,0.37,0.009009009009009009,0.0,3,0.027695790408186302,0.008334448992480306,0.052777777777777764,0.01683938285136407
secondary/exploratory,smids,xception,clean,0,0.38,0.008771929824561403,0.0,3,0.027695790408186302,0.008334448992480306,0.052777777777777764,0.01683938285136407
secondary/exploratory,smids,xception,clean,0,0.39,0.011396011396011397,0.004934617685381417,3,0.027695790408186302,0.008334448992480306,0.052777777777777764,0.01683938285136407
secondary/exploratory,smids,xception,clean,0,0.4,0.011111111111111112,0.004811252243246882,3,0.027695790408186302,0.008334448992480306,0.052777777777777764,0.01683938285136407
secondary/exploratory,smids,xception,clean,0,0.41000000000000003,0.010840108401084009,0.004693904627557932,3,0.027695790408186302,0.008334448992480306,0.052777777777777764,0.01683938285136407
secondary/exploratory,smids,xception,clean,0,0.42,0.010582010582010581,0.004582144993568458,3,0.027695790408186302,0.008334448992480306,0.052777777777777764,0.01683938285136407
secondary/exploratory,smids,xception,clean,0,0.43,0.012919896640826873,0.004475583482090122,3,0.027695790408186302,0.008334448992480306,0.052777777777777764,0.01683938285136407
secondary/exploratory,smids,xception,clean,0,0.44,0.017676767676767676,0.0043738656756789835,3,0.027695790408186302,0.008334448992480306,0.052777777777777764,0.01683938285136407
secondary/exploratory,smids,xception,clean,0,0.45,0.017283950617283952,0.004276668660663894,3,0.027695790408186302,0.008334448992480306,0.052777777777777764,0.01683938285136407
secondary/exploratory,smids,xception,clean,0,0.46,0.016908212560386476,0.004183697602823375,3,0.027695790408186302,0.008334448992480306,0.052777777777777764,0.01683938285136407
secondary/exploratory,smids,xception,clean,0,0.47000000000000003,0.01891252955082742,0.008189365520420221,3,0.027695790408186302,0.008334448992480306,0.052777777777777764,0.01683938285136407
secondary/exploratory,smids,xception,clean,0,0.48,0.018518518518518517,0.008018753738744801,3,0.027695790408186302,0.008334448992480306,0.052777777777777764,0.01683938285136407
secondary/exploratory,smids,xception,clean,0,0.49,0.018140589569160998,0.007855105703260213,3,0.027695790408186302,0.008334448992480306,0.052777777777777764,0.01683938285136407
secondary/exploratory,smids,xception,clean,0,0.5,0.02,0.006666666666666667,3,0.027695790408186302,0.008334448992480306,0.052777777777777764,0.01683938285136407
secondary/exploratory,smids,xception,clean,0,0.51,0.02178649237472767,0.003773531171174025,3,0.027695790408186302,0.008334448992480306,0.052777777777777764,0.01683938285136407
secondary/exploratory,smids,xception,clean,0,0.52,0.023504273504273504,0.007401926528072123,3,0.027695790408186302,0.008334448992480306,0.052777777777777764,0.01683938285136407
secondary/exploratory,smids,xception,clean,0,0.53,0.023060796645702306,0.0072622675369764245,3,0.027695790408186302,0.008334448992480306,0.052777777777777764,0.01683938285136407
secondary/exploratory,smids,xception,clean,0,0.54,0.022633744855967076,0.00712778110110649,3,0.027695790408186302,0.008334448992480306,0.052777777777777764,0.01683938285136407
secondary/exploratory,smids,xception,clean,0,0.55,0.024242424242424242,0.0060606060606060615,3,0.027695790408186302,0.008334448992480306,0.052777777777777764,0.01683938285136407
secondary/exploratory,smids,xception,clean,0,0.56,0.025793650793650796,0.006873217490352687,3,0.027695790408186302,0.008334448992480306,0.052777777777777764,0.01683938285136407
secondary/exploratory,smids,xception,clean,0,0.5700000000000001,0.02923976608187134,0.011695906432748534,3,0.027695790408186302,0.008334448992480306,0.052777777777777764,0.01683938285136407
secondary/exploratory,smids,xception,clean,0,0.58,0.02873563218390805,0.011494252873563218,3,0.027695790408186302,0.008334448992480306,0.052777777777777764,0.01683938285136407
secondary/exploratory,smids,xception,clean,0,0.59,0.028248587570621472,0.01129943502824859,3,0.027695790408186302,0.008334448992480306,0.052777777777777764,0.01683938285136407
secondary/exploratory,smids,xception,clean,0,0.6,0.02962962962962963,0.013981174880131017,3,0.027695790408186302,0.008334448992480306,0.052777777777777764,0.01683938285136407
secondary/exploratory,smids,xception,clean,0,0.61,0.029143897996357013,0.013751975291932148,3,0.027695790408186302,0.008334448992480306,0.052777777777777764,0.01683938285136407
secondary/exploratory,smids,xception,clean,0,0.62,0.028673835125448032,0.013530169238836471,3,0.027695790408186302,0.008334448992480306,0.052777777777777764,0.01683938285136407
secondary/exploratory,smids,xception,clean,0,0.63,0.02821869488536155,0.013315404647743825,3,0.027695790408186302,0.008334448992480306,0.052777777777777764,0.01683938285136407
secondary/exploratory,smids,xception,clean,0,0.64,0.03298611111111111,0.013107351450122831,3,0.027695790408186302,0.008334448992480306,0.052777777777777764,0.01683938285136407
secondary/exploratory,smids,xception,clean,0,0.65,0.034188034188034185,0.01566692545284048,3,0.027695790408186302,0.008334448992480306,0.052777777777777764,0.01683938285136407
secondary/exploratory,smids,xception,clean,0,0.66,0.03367003367003367,0.015429547794464106,3,0.027695790408186302,0.008334448992480306,0.052777777777777764,0.01683938285136407
secondary/exploratory,smids,xception,clean,0,0.67,0.03648424543946932,0.01519925603633778,3,0.027695790408186302,0.008334448992480306,0.052777777777777764,0.01683938285136407
secondary/exploratory,smids,xception,clean,0,0.68,0.03758169934640523,0.01233633077658619,3,0.027695790408186302,0.008334448992480306,0.052777777777777764,0.01683938285136407
secondary/exploratory,smids,xception,clean,0,0.6900000000000001,0.03703703703703703,0.012157543374026969,3,0.027695790408186302,0.008334448992480306,0.052777777777777764,0.01683938285136407
secondary/exploratory,smids,xception,clean,0,0.7000000000000001,0.0365079365079365,0.011983864182969442,3,0.027695790408186302,0.008334448992480306,0.052777777777777764,0.01683938285136407
secondary/exploratory,smids,xception,clean,0,0.71,0.037558685446009384,0.012421367657580238,3,0.027695790408186302,0.008334448992480306,0.052777777777777764,0.01683938285136407
secondary/exploratory,smids,xception,clean,0,0.72,0.038580246913580245,0.014143752144925432,3,0.027695790408186302,0.008334448992480306,0.052777777777777764,0.01683938285136407
secondary/exploratory,smids,xception,clean,0,0.73,0.0395738203957382,0.014678311660567663,3,0.027695790408186302,0.008334448992480306,0.052777777777777764,0.01683938285136407
secondary/exploratory,smids,xception,clean,0,0.74,0.04354354354354354,0.015819299929208316,3,0.027695790408186302,0.008334448992480306,0.052777777777777764,0.01683938285136407
secondary/exploratory,smids,xception,clean,0,0.75,0.045925925925925926,0.020041110012546194,3,0.027695790408186302,0.008334448992480306,0.052777777777777764,0.01683938285136407
secondary/exploratory,smids,xception,clean,0,0.76,0.045321637426900575,0.01977741119659164,3,0.027695790408186302,0.008334448992480306,0.052777777777777764,0.01683938285136407
secondary/exploratory,smids,xception,clean,0,0.77,0.046176046176046176,0.02178884396903535,3,0.027695790408186302,0.008334448992480306,0.052777777777777764,0.01683938285136407
secondary/exploratory,smids,xception,clean,0,0.78,0.04985754985754986,0.01927029808898673,3,0.027695790408186302,0.008334448992480306,0.052777777777777764,0.01683938285136407
secondary/exploratory,smids,xception,clean,0,0.79,0.0520393811533052,0.019026370265075504,3,0.027695790408186302,0.008334448992480306,0.052777777777777764,0.01683938285136407
secondary/exploratory,smids,xception,clean,0,0.8,0.05277777777777778,0.016839382851364083,3,0.027695790408186302,0.008334448992480306,0.052777777777777764,0.01683938285136407
secondary/exploratory,smids,xception,clean,0,0.81,0.056241426611796985,0.020712851674268177,3,0.027695790408186302,0.008334448992480306,0.052777777777777764,0.01683938285136407
secondary/exploratory,smids,xception,clean,0,0.8200000000000001,0.055555555555555546,0.020460255922142952,3,0.027695790408186302,0.008334448992480306,0.052777777777777764,0.01683938285136407
secondary/exploratory,smids,xception,clean,0,0.8300000000000001,0.05622489959839361,0.018403918453637987,3,0.027695790408186302,0.008334448992480306,0.052777777777777764,0.01683938285136407
secondary/exploratory,smids,xception,clean,0,0.84,0.06084656084656084,0.024246432248443597,3,0.027695790408186302,0.008334448992480306,0.052777777777777764,0.01683938285136407
secondary/exploratory,smids,xception,clean,0,0.85,0.06143790849673203,0.02229898314932285,3,0.027695790408186302,0.008334448992480306,0.052777777777777764,0.01683938285136407
secondary/exploratory,smids,xception,clean,0,0.86,0.06330749354005168,0.022711105725125257,3,0.027695790408186302,0.008334448992480306,0.052777777777777764,0.01683938285136407
secondary/exploratory,smids,xception,clean,0,0.87,0.06641123882503193,0.02245005853288243,3,0.027695790408186302,0.008334448992480306,0.052777777777777764,0.01683938285136407
secondary/exploratory,smids,xception,clean,0,0.88,0.06818181818181819,0.019682395540555425,3,0.027695790408186302,0.008334448992480306,0.052777777777777764,0.01683938285136407
secondary/exploratory,smids,xception,clean,0,0.89,0.06991260923845194,0.017298884470101146,3,0.027695790408186302,0.008334448992480306,0.052777777777777764,0.01683938285136407
secondary/exploratory,smids,xception,clean,0,0.9,0.07037037037037037,0.016144070161261757,3,0.027695790408186302,0.008334448992480306,0.052777777777777764,0.01683938285136407
secondary/exploratory,smids,xception,clean,0,0.91,0.07203907203907205,0.013867908048352317,3,0.027695790408186302,0.008334448992480306,0.052777777777777764,0.01683938285136407
secondary/exploratory,smids,xception,clean,0,0.92,0.0748792270531401,0.013717169917391967,3,0.027695790408186302,0.008334448992480306,0.052777777777777764,0.01683938285136407
secondary/exploratory,smids,xception,clean,0,0.93,0.08004778972520908,0.014922336913735713,3,0.027695790408186302,0.008334448992480306,0.052777777777777764,0.01683938285136407
secondary/exploratory,smids,xception,clean,0,0.9400000000000001,0.08274231678487005,0.01599024735043573,3,0.027695790408186302,0.008334448992480306,0.052777777777777764,0.01683938285136407
secondary/exploratory,smids,xception,clean,0,0.9500000000000001,0.0877192982456141,0.014035087719298248,3,0.027695790408186302,0.008334448992480306,0.052777777777777764,0.01683938285136407
secondary/exploratory,smids,xception,clean,0,0.96,0.0925925925925926,0.016409082035599334,3,0.027695790408186302,0.008334448992480306,0.052777777777777764,0.01683938285136407
secondary/exploratory,smids,xception,clean,0,0.97,0.09851088201603665,0.017296298820780643,3,0.027695790408186302,0.008334448992480306,0.052777777777777764,0.01683938285136407
secondary/exploratory,smids,xception,clean,0,0.98,0.10430839002267574,0.017119805975670633,3,0.027695790408186302,0.008334448992480306,0.052777777777777764,0.01683938285136407
secondary/exploratory,smids,xception,clean,0,0.99,0.10662177328843996,0.01854400857672088,3,0.027695790408186302,0.008334448992480306,0.052777777777777764,0.01683938285136407
secondary/exploratory,smids,xception,clean,0,1.0,0.11222222222222222,0.021688023662159037,3,0.027695790408186302,0.008334448992480306,0.052777777777777764,0.01683938285136407
secondary/exploratory,smids,xception,equal_mean_of_7_device_corruptions,1,0.0,0.0,0.0,3,0.03301832928775997,0.009414688505617688,0.06091269841269837,0.019473779297325345
secondary/exploratory,smids,xception,equal_mean_of_7_device_corruptions,1,0.01,0.0,0.0,3,0.03301832928775997,0.009414688505617688,0.06091269841269837,0.019473779297325345
secondary/exploratory,smids,xception,equal_mean_of_7_device_corruptions,1,0.02,0.0,0.0,3,0.03301832928775997,0.009414688505617688,0.06091269841269837,0.019473779297325345
secondary/exploratory,smids,xception,equal_mean_of_7_device_corruptions,1,0.03,0.0,0.0,3,0.03301832928775997,0.009414688505617688,0.06091269841269837,0.019473779297325345
secondary/exploratory,smids,xception,equal_mean_of_7_device_corruptions,1,0.04,0.0,0.0,3,0.03301832928775997,0.009414688505617688,0.06091269841269837,0.019473779297325345
secondary/exploratory,smids,xception,equal_mean_of_7_device_corruptions,1,0.05,0.0,0.0,3,0.03301832928775997,0.009414688505617688,0.06091269841269837,0.019473779297325345
secondary/exploratory,smids,xception,equal_mean_of_7_device_corruptions,1,0.06,0.0,0.0,3,0.03301832928775997,0.009414688505617688,0.06091269841269837,0.019473779297325345
secondary/exploratory,smids,xception,equal_mean_of_7_device_corruptions,1,0.07,0.0,0.0,3,0.03301832928775997,0.009414688505617688,0.06091269841269837,0.019473779297325345
secondary/exploratory,smids,xception,equal_mean_of_7_device_corruptions,1,0.08,0.0,0.0,3,0.03301832928775997,0.009414688505617688,0.06091269841269837,0.019473779297325345
secondary/exploratory,smids,xception,equal_mean_of_7_device_corruptions,1,0.09,0.0,0.0,3,0.03301832928775997,0.009414688505617688,0.06091269841269837,0.019473779297325345
secondary/exploratory,smids,xception,equal_mean_of_7_device_corruptions,1,0.1,0.0,0.0,3,0.03301832928775997,0.009414688505617688,0.06091269841269837,0.019473779297325345
secondary/exploratory,smids,xception,equal_mean_of_7_device_corruptions,1,0.11,0.0,0.0,3,0.03301832928775997,0.009414688505617688,0.06091269841269837,0.019473779297325345
secondary/exploratory,smids,xception,equal_mean_of_7_device_corruptions,1,0.12,0.0013227513227513227,0.002291072496784229,3,0.03301832928775997,0.009414688505617688,0.06091269841269837,0.019473779297325345
secondary/exploratory,smids,xception,equal_mean_of_7_device_corruptions,1,0.13,0.001221001221001221,0.00211483615087775,3,0.03301832928775997,0.009414688505617688,0.06091269841269837,0.019473779297325345
secondary/exploratory,smids,xception,equal_mean_of_7_device_corruptions,1,0.14,0.0022675736961451248,0.0019637764258150533,3,0.03301832928775997,0.009414688505617688,0.06091269841269837,0.019473779297325345
secondary/exploratory,smids,xception,equal_mean_of_7_device_corruptions,1,0.15,0.0021164021164021165,0.0018328579974273831,3,0.03301832928775997,0.009414688505617688,0.06091269841269837,0.019473779297325345
secondary/exploratory,smids,xception,equal_mean_of_7_device_corruptions,1,0.16,0.001984126984126984,0.0017183043725881718,3,0.03301832928775997,0.009414688505617688,0.06091269841269837,0.019473779297325345
secondary/exploratory,smids,xception,equal_mean_of_7_device_corruptions,1,0.17,0.0018674136321195146,0.0016172276447888676,3,0.03301832928775997,0.009414688505617688,0.06091269841269837,0.019473779297325345
secondary/exploratory,smids,xception,equal_mean_of_7_device_corruptions,1,0.18,0.001763668430335097,0.0015273816645228193,3,0.03301832928775997,0.009414688505617688,0.06091269841269837,0.019473779297325345
secondary/exploratory,smids,xception,equal_mean_of_7_device_corruptions,1,0.19,0.002506265664160401,0.0,3,0.03301832928775997,0.009414688505617688,0.06091269841269837,0.019473779297325345
secondary/exploratory,smids,xception,equal_mean_of_7_device_corruptions,1,0.2,0.0023809523809523807,0.0,3,0.03301832928775997,0.009414688505617688,0.06091269841269837,0.019473779297325345
secondary/exploratory,smids,xception,equal_mean_of_7_device_corruptions,1,0.21,0.0022675736961451248,0.0,3,0.03301832928775997,0.009414688505617688,0.06091269841269837,0.019473779297325345
secondary/exploratory,smids,xception,equal_mean_of_7_device_corruptions,1,0.22,0.0021645021645021645,0.0,3,0.03301832928775997,0.009414688505617688,0.06091269841269837,0.019473779297325345
secondary/exploratory,smids,xception,equal_mean_of_7_device_corruptions,1,0.23,0.002070393374741201,0.0,3,0.03301832928775997,0.009414688505617688,0.06091269841269837,0.019473779297325345
secondary/exploratory,smids,xception,equal_mean_of_7_device_corruptions,1,0.24,0.001984126984126984,0.0,3,0.03301832928775997,0.009414688505617688,0.06091269841269837,0.019473779297325345
secondary/exploratory,smids,xception,equal_mean_of_7_device_corruptions,1,0.25,0.001904761904761905,0.0,3,0.03301832928775997,0.009414688505617688,0.06091269841269837,0.019473779297325345
secondary/exploratory,smids,xception,equal_mean_of_7_device_corruptions,1,0.26,0.002442002442002442,0.001057418075438875,3,0.03301832928775997,0.009414688505617688,0.06091269841269837,0.019473779297325345
secondary/exploratory,smids,xception,equal_mean_of_7_device_corruptions,1,0.27,0.002939447383891828,0.002036508886030426,3,0.03301832928775997,0.009414688505617688,0.06091269841269837,0.019473779297325345
secondary/exploratory,smids,xception,equal_mean_of_7_device_corruptions,1,0.28,0.0028344671201814054,0.0019637764258150533,3,0.03301832928775997,0.009414688505617688,0.06091269841269837,0.019473779297325345
secondary/exploratory,smids,xception,equal_mean_of_7_device_corruptions,1,0.29,0.002736726874657909,0.0018960599973386724,3,0.03301832928775997,0.009414688505617688,0.06091269841269837,0.019473779297325345
secondary/exploratory,smids,xception,equal_mean_of_7_device_corruptions,1,0.3,0.005291005291005291,0.005102460720102093,3,0.03301832928775997,0.009414688505617688,0.06091269841269837,0.019473779297325345
secondary/exploratory,smids,xception,equal_mean_of_7_device_corruptions,1,0.31,0.005120327700972863,0.004937865213002025,3,0.03301832928775997,0.009414688505617688,0.06091269841269837,0.019473779297325345
secondary/exploratory,smids,xception,equal_mean_of_7_device_corruptions,1,0.32,0.006448412698412699,0.004783556925095711,3,0.03301832928775997,0.009414688505617688,0.06091269841269837,0.019473779297325345
secondary/exploratory,smids,xception,equal_mean_of_7_device_corruptions,1,0.33,0.006253006253006253,0.004638600654638267,3,0.03301832928775997,0.009414688505617688,0.06091269841269837,0.019473779297325345
secondary/exploratory,smids,xception,equal_mean_of_7_device_corruptions,1,0.34,0.008870214752567693,0.008206534001515846,3,0.03301832928775997,0.009414688505617688,0.06091269841269837,0.019473779297325345
secondary/exploratory,smids,xception,equal_mean_of_7_device_corruptions,1,0.35000000000000003,0.009977324263038571,0.00926103304157015,3,0.03301832928775997,0.009414688505617688,0.06091269841269837,0.019473779297325345
secondary/exploratory,smids,xception,equal_mean_of_7_device_corruptions,1,0.36,0.01146384479717813,0.009750151846338612,3,0.03301832928775997,0.009414688505617688,0.06091269841269837,0.019473779297325345
secondary/exploratory,smids,xception,equal_mean_of_7_device_corruptions,1,0.37,0.012441012441012441,0.009486634228870007,3,0.03301832928775997,0.009414688505617688,0.06091269841269837,0.019473779297325345
secondary/exploratory,smids,xception,equal_mean_of_7_device_corruptions,1,0.38,0.012531328320802004,0.00994643350024282,3,0.03301832928775997,0.009414688505617688,0.06091269841269837,0.019473779297325345
secondary/exploratory,smids,xception,equal_mean_of_7_device_corruptions,1,0.39,0.013024013024013023,0.008832940339524096,3,0.03301832928775997,0.009414688505617688,0.06091269841269837,0.019473779297325345
secondary/exploratory,smids,xception,equal_mean_of_7_device_corruptions,1,0.4,0.013888888888888888,0.009695866446722712,3,0.03301832928775997,0.009414688505617688,0.06091269841269837,0.019473779297325345
secondary/exploratory,smids,xception,equal_mean_of_7_device_corruptions,1,0.41000000000000003,0.015485869144405738,0.011749121878043747,3,0.03301832928775997,0.009414688505617688,0.06091269841269837,0.019473779297325345
secondary/exploratory,smids,xception,equal_mean_of_7_device_corruptions,1,0.42,0.017384731670445953,0.009508500094791476,3,0.03301832928775997,0.009414688505617688,0.06091269841269837,0.019473779297325345
secondary/exploratory,smids,xception,equal_mean_of_7_device_corruptions,1,0.43,0.017718715393133997,0.008789871465330869,3,0.03301832928775997,0.009414688505617688,0.06091269841269837,0.019473779297325345
secondary/exploratory,smids,xception,equal_mean_of_7_device_corruptions,1,0.44,0.0183982683982684,0.007575757575757575,3,0.03301832928775997,0.009414688505617688,0.06091269841269837,0.019473779297325345
secondary/exploratory,smids,xception,equal_mean_of_7_device_corruptions,1,0.45,0.01869488536155203,0.00861854795264241,3,0.03301832928775997,0.009414688505617688,0.06091269841269837,0.019473779297325345
secondary/exploratory,smids,xception,equal_mean_of_7_device_corruptions,1,0.46,0.019668737060041408,0.00902463549387303,3,0.03301832928775997,0.009414688505617688,0.06091269841269837,0.019473779297325345
secondary/exploratory,smids,xception,equal_mean_of_7_device_corruptions,1,0.47000000000000003,0.020601148260722724,0.008496957531515787,3,0.03301832928775997,0.009414688505617688,0.06091269841269837,0.019473779297325345
secondary/exploratory,smids,xception,equal_mean_of_7_device_corruptions,1,0.48,0.022156084656084655,0.009164289987136918,3,0.03301832928775997,0.009414688505617688,0.06091269841269837,0.019473779297325345
secondary/exploratory,smids,xception,equal_mean_of_7_device_corruptions,1,0.49,0.02299967606090055,0.009538342639673115,3,0.03301832928775997,0.009414688505617688,0.06091269841269837,0.019473779297325345
secondary/exploratory,smids,xception,equal_mean_of_7_device_corruptions,1,0.5,0.024126984126984125,0.008849117374454827,3,0.03301832928775997,0.009414688505617688,0.06091269841269837,0.019473779297325345
secondary/exploratory,smids,xception,equal_mean_of_7_device_corruptions,1,0.51,0.024898848428260192,0.007547062342348048,3,0.03301832928775997,0.009414688505617688,0.06091269841269837,0.019473779297325345
secondary/exploratory,smids,xception,equal_mean_of_7_device_corruptions,1,0.52,0.026251526251526252,0.008207771465048076,3,0.03301832928775997,0.009414688505617688,0.06091269841269837,0.019473779297325345
secondary/exploratory,smids,xception,equal_mean_of_7_device_corruptions,1,0.53,0.026654687032045526,0.008052907852500003,3,0.03301832928775997,0.009414688505617688,0.06091269841269837,0.019473779297325345
secondary/exploratory,smids,xception,equal_mean_of_7_device_corruptions,1,0.54,0.027336860670194002,0.007636908322614102,3,0.03301832928775997,0.009414688505617688,0.06091269841269837,0.019473779297325345
secondary/exploratory,smids,xception,equal_mean_of_7_device_corruptions,1,0.55,0.029148629148629146,0.008497796169890597,3,0.03301832928775997,0.009414688505617688,0.06091269841269837,0.019473779297325345
secondary/exploratory,smids,xception,equal_mean_of_7_device_corruptions,1,0.56,0.0300453514739229,0.007900997655763237,3,0.03301832928775997,0.009414688505617688,0.06091269841269837,0.019473779297325345
secondary/exploratory,smids,xception,equal_mean_of_7_device_corruptions,1,0.5700000000000001,0.03091060985797828,0.008722060575530967,3,0.03301832928775997,0.009414688505617688,0.06091269841269837,0.019473779297325345
secondary/exploratory,smids,xception,equal_mean_of_7_device_corruptions,1,0.58,0.03229337712096333,0.0104283299853627,3,0.03301832928775997,0.009414688505617688,0.06091269841269837,0.019473779297325345
secondary/exploratory,smids,xception,equal_mean_of_7_device_corruptions,1,0.59,0.03282216841538876,0.010717559476482163,3,0.03301832928775997,0.009414688505617688,0.06091269841269837,0.019473779297325345
secondary/exploratory,smids,xception,equal_mean_of_7_device_corruptions,1,0.6,0.033068783068783074,0.009923280070640769,3,0.03301832928775997,0.009414688505617688,0.06091269841269837,0.019473779297325345
secondary/exploratory,smids,xception,equal_mean_of_7_device_corruptions,1,0.61,0.03434816549570648,0.010928961748633878,3,0.03301832928775997,0.009414688505617688,0.06091269841269837,0.019473779297325345
secondary/exploratory,smids,xception,equal_mean_of_7_device_corruptions,1,0.62,0.034050179211469536,0.010596109619341976,3,0.03301832928775997,0.009414688505617688,0.06091269841269837,0.019473779297325345
secondary/exploratory,smids,xception,equal_mean_of_7_device_corruptions,1,0.63,0.035777273872511964,0.010591005067767044,3,0.03301832928775997,0.009414688505617688,0.06091269841269837,0.019473779297325345
secondary/exploratory,smids,xception,equal_mean_of_7_device_corruptions,1,0.64,0.03670634920634921,0.011865946144747702,3,0.03301832928775997,0.009414688505617688,0.06091269841269837,0.019473779297325345
secondary/exploratory,smids,xception,equal_mean_of_7_device_corruptions,1,0.65,0.03809523809523809,0.013207147529172122,3,0.03301832928775997,0.009414688505617688,0.06091269841269837,0.019473779297325345
secondary/exploratory,smids,xception,equal_mean_of_7_device_corruptions,1,0.66,0.03944203944203944,0.011906583736879807,3,0.03301832928775997,0.009414688505617688,0.06091269841269837,0.019473779297325345
secondary/exploratory,smids,xception,equal_mean_of_7_device_corruptions,1,0.67,0.04003790570954751,0.013207637872320642,3,0.03301832928775997,0.009414688505617688,0.06091269841269837,0.019473779297325345
secondary/exploratory,smids,xception,equal_mean_of_7_device_corruptions,1,0.68,0.04248366013071895,0.013906042024842653,3,0.03301832928775997,0.009414688505617688,0.06091269841269837,0.019473779297325345
secondary/exploratory,smids,xception,equal_mean_of_7_device_corruptions,1,0.6900000000000001,0.04370830457786978,0.014165911496057646,3,0.03301832928775997,0.009414688505617688,0.06091269841269837,0.019473779297325345
secondary/exploratory,smids,xception,equal_mean_of_7_device_corruptions,1,0.7000000000000001,0.044444444444444474,0.015577092513011861,3,0.03301832928775997,0.009414688505617688,0.06091269841269837,0.019473779297325345
secondary/exploratory,smids,xception,equal_mean_of_7_device_corruptions,1,0.71,0.04515984797674938,0.014881680519242229,3,0.03301832928775997,0.009414688505617688,0.06091269841269837,0.019473779297325345
secondary/exploratory,smids,xception,equal_mean_of_7_device_corruptions,1,0.72,0.04673721340388007,0.01568357708274463,3,0.03301832928775997,0.009414688505617688,0.06091269841269837,0.019473779297325345
secondary/exploratory,smids,xception,equal_mean_of_7_device_corruptions,1,0.73,0.0487062404870624,0.016762525655323362,3,0.03301832928775997,0.009414688505617688,0.06091269841269837,0.019473779297325345
secondary/exploratory,smids,xception,equal_mean_of_7_device_corruptions,1,0.74,0.049764049764049766,0.016586013232280834,3,0.03301832928775997,0.009414688505617688,0.06091269841269837,0.019473779297325345
secondary/exploratory,smids,xception,equal_mean_of_7_device_corruptions,1,0.75,0.05185185185185185,0.018151772818955823,3,0.03301832928775997,0.009414688505617688,0.06091269841269837,0.019473779297325345
secondary/exploratory,smids,xception,equal_mean_of_7_device_corruptions,1,0.76,0.053675856307435245,0.018946080987763743,3,0.03301832928775997,0.009414688505617688,0.06091269841269837,0.019473779297325345
secondary/exploratory,smids,xception,equal_mean_of_7_device_corruptions,1,0.77,0.05504019789734075,0.01882911236566274,3,0.03301832928775997,0.009414688505617688,0.06091269841269837,0.019473779297325345
secondary/exploratory,smids,xception,equal_mean_of_7_device_corruptions,1,0.78,0.05698005698005698,0.018760688065113208,3,0.03301832928775997,0.009414688505617688,0.06091269841269837,0.019473779297325345
secondary/exploratory,smids,xception,equal_mean_of_7_device_corruptions,1,0.79,0.058870805706248745,0.019338893977120297,3,0.03301832928775997,0.009414688505617688,0.06091269841269837,0.019473779297325345
secondary/exploratory,smids,xception,equal_mean_of_7_device_corruptions,1,0.8,0.06091269841269842,0.01947377929732535,3,0.03301832928775997,0.009414688505617688,0.06091269841269837,0.019473779297325345
secondary/exploratory,smids,xception,equal_mean_of_7_device_corruptions,1,0.81,0.06349206349206349,0.018922371474933666,3,0.03301832928775997,0.009414688505617688,0.06091269841269837,0.019473779297325345
secondary/exploratory,smids,xception,equal_mean_of_7_device_corruptions,1,0.8200000000000001,0.06542779713511422,0.0192632245714238,3,0.03301832928775997,0.009414688505617688,0.06091269841269837,0.019473779297325345
secondary/exploratory,smids,xception,equal_mean_of_7_device_corruptions,1,0.8300000000000001,0.06750812774909164,0.018433703095966186,3,0.03301832928775997,0.009414688505617688,0.06091269841269837,0.019473779297325345
secondary/exploratory,smids,xception,equal_mean_of_7_device_corruptions,1,0.84,0.07048374905517762,0.018143541898836196,3,0.03301832928775997,0.009414688505617688,0.06091269841269837,0.019473779297325345
secondary/exploratory,smids,xception,equal_mean_of_7_device_corruptions,1,0.85,0.07357609710550887,0.018751473843181585,3,0.03301832928775997,0.009414688505617688,0.06091269841269837,0.019473779297325345
secondary/exploratory,smids,xception,equal_mean_of_7_device_corruptions,1,0.86,0.07659653008490218,0.018417269910805053,3,0.03301832928775997,0.009414688505617688,0.06091269841269837,0.019473779297325345
secondary/exploratory,smids,xception,equal_mean_of_7_device_corruptions,1,0.87,0.07936507936507936,0.017642869689421123,3,0.03301832928775997,0.009414688505617688,0.06091269841269837,0.019473779297325345
secondary/exploratory,smids,xception,equal_mean_of_7_device_corruptions,1,0.88,0.08152958152958152,0.017570616575506116,3,0.03301832928775997,0.009414688505617688,0.06091269841269837,0.019473779297325345
secondary/exploratory,smids,xception,equal_mean_of_7_device_corruptions,1,0.89,0.08435883716782593,0.017331950224014757,3,0.03301832928775997,0.009414688505617688,0.06091269841269837,0.019473779297325345
secondary/exploratory,smids,xception,equal_mean_of_7_device_corruptions,1,0.9,0.08800705467372134,0.017788587458556247,3,0.03301832928775997,0.009414688505617688,0.06091269841269837,0.019473779297325345
secondary/exploratory,smids,xception,equal_mean_of_7_device_corruptions,1,0.91,0.09070294784580497,0.0189710808161809,3,0.03301832928775997,0.009414688505617688,0.06091269841269837,0.019473779297325345
secondary/exploratory,smids,xception,equal_mean_of_7_device_corruptions,1,0.92,0.09385783298826778,0.02026140242462967,3,0.03301832928775997,0.009414688505617688,0.06091269841269837,0.019473779297325345
secondary/exploratory,smids,xception,equal_mean_of_7_device_corruptions,1,0.93,0.09592080559822495,0.021580424808419183,3,0.03301832928775997,0.009414688505617688,0.06091269841269837,0.019473779297325345
secondary/exploratory,smids,xception,equal_mean_of_7_device_corruptions,1,0.9400000000000001,0.09996622762580214,0.020492207290061473,3,0.03301832928775997,0.009414688505617688,0.06091269841269837,0.019473779297325345
secondary/exploratory,smids,xception,equal_mean_of_7_device_corruptions,1,0.9500000000000001,0.10342522974101927,0.02075413965472717,3,0.03301832928775997,0.009414688505617688,0.06091269841269837,0.019473779297325345
secondary/exploratory,smids,xception,equal_mean_of_7_device_corruptions,1,0.96,0.10730820105820105,0.021657528428353192,3,0.03301832928775997,0.009414688505617688,0.06091269841269837,0.019473779297325345
secondary/exploratory,smids,xception,equal_mean_of_7_device_corruptions,1,0.97,0.11111111111111112,0.020438546877428892,3,0.03301832928775997,0.009414688505617688,0.06091269841269837,0.019473779297325345
secondary/exploratory,smids,xception,equal_mean_of_7_device_corruptions,1,0.98,0.11580822805312602,0.019414062379910047,3,0.03301832928775997,0.009414688505617688,0.06091269841269837,0.019473779297325345
secondary/exploratory,smids,xception,equal_mean_of_7_device_corruptions,1,0.99,0.12008978675645343,0.01937383320419024,3,0.03301832928775997,0.009414688505617688,0.06091269841269837,0.019473779297325345
secondary/exploratory,smids,xception,equal_mean_of_7_device_corruptions,1,1.0,0.1246031746031746,0.019750905334359563,3,0.03301832928775997,0.009414688505617688,0.06091269841269837,0.019473779297325345
secondary/exploratory,smids,xception,equal_mean_of_7_device_corruptions,2,0.0,0.0,0.0,3,0.051760974900715934,0.010594579736716682,0.09067460317460313,0.016648941822062044
secondary/exploratory,smids,xception,equal_mean_of_7_device_corruptions,2,0.01,0.0,0.0,3,0.051760974900715934,0.010594579736716682,0.09067460317460313,0.016648941822062044
secondary/exploratory,smids,xception,equal_mean_of_7_device_corruptions,2,0.02,0.0,0.0,3,0.051760974900715934,0.010594579736716682,0.09067460317460313,0.016648941822062044
secondary/exploratory,smids,xception,equal_mean_of_7_device_corruptions,2,0.03,0.0,0.0,3,0.051760974900715934,0.010594579736716682,0.09067460317460313,0.016648941822062044
secondary/exploratory,smids,xception,equal_mean_of_7_device_corruptions,2,0.04,0.0,0.0,3,0.051760974900715934,0.010594579736716682,0.09067460317460313,0.016648941822062044
secondary/exploratory,smids,xception,equal_mean_of_7_device_corruptions,2,0.05,0.0,0.0,3,0.051760974900715934,0.010594579736716682,0.09067460317460313,0.016648941822062044
secondary/exploratory,smids,xception,equal_mean_of_7_device_corruptions,2,0.06,0.0,0.0,3,0.051760974900715934,0.010594579736716682,0.09067460317460313,0.016648941822062044
secondary/exploratory,smids,xception,equal_mean_of_7_device_corruptions,2,0.07,0.0,0.0,3,0.051760974900715934,0.010594579736716682,0.09067460317460313,0.016648941822062044
secondary/exploratory,smids,xception,equal_mean_of_7_device_corruptions,2,0.08,0.0,0.0,3,0.051760974900715934,0.010594579736716682,0.09067460317460313,0.016648941822062044
secondary/exploratory,smids,xception,equal_mean_of_7_device_corruptions,2,0.09,0.0,0.0,3,0.051760974900715934,0.010594579736716682,0.09067460317460313,0.016648941822062044
secondary/exploratory,smids,xception,equal_mean_of_7_device_corruptions,2,0.1,0.0,0.0,3,0.051760974900715934,0.010594579736716682,0.09067460317460313,0.016648941822062044
secondary/exploratory,smids,xception,equal_mean_of_7_device_corruptions,2,0.11,0.0,0.0,3,0.051760974900715934,0.010594579736716682,0.09067460317460313,0.016648941822062044
secondary/exploratory,smids,xception,equal_mean_of_7_device_corruptions,2,0.12,0.0,0.0,3,0.051760974900715934,0.010594579736716682,0.09067460317460313,0.016648941822062044
secondary/exploratory,smids,xception,equal_mean_of_7_device_corruptions,2,0.13,0.002442002442002442,0.0042296723017555,3,0.051760974900715934,0.010594579736716682,0.09067460317460313,0.016648941822062044
secondary/exploratory,smids,xception,equal_mean_of_7_device_corruptions,2,0.14,0.0022675736961451248,0.0039275528516301075,3,0.051760974900715934,0.010594579736716682,0.09067460317460313,0.016648941822062044
secondary/exploratory,smids,xception,equal_mean_of_7_device_corruptions,2,0.15,0.003174603174603174,0.005498573992282149,3,0.051760974900715934,0.010594579736716682,0.09067460317460313,0.016648941822062044
secondary/exploratory,smids,xception,equal_mean_of_7_device_corruptions,2,0.16,0.002976190476190476,0.005154913117764516,3,0.051760974900715934,0.010594579736716682,0.09067460317460313,0.016648941822062044
secondary/exploratory,smids,xception,equal_mean_of_7_device_corruptions,2,0.17,0.0028011204481792717,0.004851682934366603,3,0.051760974900715934,0.010594579736716682,0.09067460317460313,0.016648941822062044
secondary/exploratory,smids,xception,equal_mean_of_7_device_corruptions,2,0.18,0.0026455026455026454,0.004582144993568458,3,0.051760974900715934,0.010594579736716682,0.09067460317460313,0.016648941822062044
secondary/exploratory,smids,xception,equal_mean_of_7_device_corruptions,2,0.19,0.004177109440267335,0.005217208018712112,3,0.051760974900715934,0.010594579736716682,0.09067460317460313,0.016648941822062044
secondary/exploratory,smids,xception,equal_mean_of_7_device_corruptions,2,0.2,0.003968253968253968,0.004956347617776506,3,0.051760974900715934,0.010594579736716682,0.09067460317460313,0.016648941822062044
secondary/exploratory,smids,xception,equal_mean_of_7_device_corruptions,2,0.21,0.0045351473922902496,0.0045351473922902496,3,0.051760974900715934,0.010594579736716682,0.09067460317460313,0.016648941822062044
secondary/exploratory,smids,xception,equal_mean_of_7_device_corruptions,2,0.22,0.005772005772005772,0.004998703629347409,3,0.051760974900715934,0.010594579736716682,0.09067460317460313,0.016648941822062044
secondary/exploratory,smids,xception,equal_mean_of_7_device_corruptions,2,0.23,0.007591442374051069,0.006655383547959251,3,0.051760974900715934,0.010594579736716682,0.09067460317460313,0.016648941822062044
secondary/exploratory,smids,xception,equal_mean_of_7_device_corruptions,2,0.24,0.009259259259259259,0.004993276742903934,3,0.051760974900715934,0.010594579736716682,0.09067460317460313,0.016648941822062044
secondary/exploratory,smids,xception,equal_mean_of_7_device_corruptions,2,0.25,0.0126984126984127,0.007698003589195011,3,0.051760974900715934,0.010594579736716682,0.09067460317460313,0.016648941822062044
secondary/exploratory,smids,xception,equal_mean_of_7_device_corruptions,2,0.26,0.013431013431013432,0.005287090377194376,3,0.051760974900715934,0.010594579736716682,0.09067460317460313,0.016648941822062044
secondary/exploratory,smids,xception,equal_mean_of_7_device_corruptions,2,0.27,0.014697236919459141,0.005091272215076065,3,0.051760974900715934,0.010594579736716682,0.09067460317460313,0.016648941822062044
secondary/exploratory,smids,xception,equal_mean_of_7_device_corruptions,2,0.28,0.016439909297052153,0.005466922200109384,3,0.051760974900715934,0.010594579736716682,0.09067460317460313,0.016648941822062044
secondary/exploratory,smids,xception,equal_mean_of_7_device_corruptions,2,0.29,0.0180623973727422,0.005688179992016015,3,0.051760974900715934,0.010594579736716682,0.09067460317460313,0.016648941822062044
secondary/exploratory,smids,xception,equal_mean_of_7_device_corruptions,2,0.3,0.021164021164021163,0.006009426820952671,3,0.051760974900715934,0.010594579736716682,0.09067460317460313,0.016648941822062044
secondary/exploratory,smids,xception,equal_mean_of_7_device_corruptions,2,0.31,0.024065540194572455,0.006208067410641139,3,0.051760974900715934,0.010594579736716682,0.09067460317460313,0.016648941822062044
secondary/exploratory,smids,xception,equal_mean_of_7_device_corruptions,2,0.32,0.02628968253968254,0.006710193084557882,3,0.051760974900715934,0.010594579736716682,0.09067460317460313,0.016648941822062044
secondary/exploratory,smids,xception,equal_mean_of_7_device_corruptions,2,0.33,0.02693602693602694,0.005067654522776689,3,0.051760974900715934,0.010594579736716682,0.09067460317460313,0.016648941822062044
secondary/exploratory,smids,xception,equal_mean_of_7_device_corruptions,2,0.34,0.028478057889822595,0.006618789392510655,3,0.051760974900715934,0.010594579736716682,0.09067460317460313,0.016648941822062044
secondary/exploratory,smids,xception,equal_mean_of_7_device_corruptions,2,0.35000000000000003,0.029478458049886618,0.006711405254852036,3,0.051760974900715934,0.010594579736716682,0.09067460317460313,0.016648941822062044
secondary/exploratory,smids,xception,equal_mean_of_7_device_corruptions,2,0.36,0.029541446208112873,0.0062510788707045096,3,0.051760974900715934,0.010594579736716682,0.09067460317460313,0.016648941822062044
secondary/exploratory,smids,xception,equal_mean_of_7_device_corruptions,2,0.37,0.030459030459030464,0.0066043776569458,3,0.051760974900715934,0.010594579736716682,0.09067460317460313,0.016648941822062044
secondary/exploratory,smids,xception,equal_mean_of_7_device_corruptions,2,0.38,0.03132832080200501,0.006630955666828551,3,0.051760974900715934,0.010594579736716682,0.09067460317460313,0.016648941822062044
secondary/exploratory,smids,xception,equal_mean_of_7_device_corruptions,2,0.39,0.034595034595034595,0.009325550864786,3,0.051760974900715934,0.010594579736716682,0.09067460317460313,0.016648941822062044
secondary/exploratory,smids,xception,equal_mean_of_7_device_corruptions,2,0.4,0.03611111111111111,0.010263902505061557,3,0.051760974900715934,0.010594579736716682,0.09067460317460313,0.016648941822062044
secondary/exploratory,smids,xception,equal_mean_of_7_device_corruptions,2,0.41000000000000003,0.036004645760743324,0.009923349297697469,3,0.051760974900715934,0.010594579736716682,0.09067460317460313,0.016648941822062044
secondary/exploratory,smids,xception,equal_mean_of_7_device_corruptions,2,0.42,0.037037037037037035,0.009642744385618343,3,0.051760974900715934,0.010594579736716682,0.09067460317460313,0.016648941822062044
secondary/exploratory,smids,xception,equal_mean_of_7_device_corruptions,2,0.43,0.04060538944259875,0.010525343247975823,3,0.051760974900715934,0.010594579736716682,0.09067460317460313,0.016648941822062044
secondary/exploratory,smids,xception,equal_mean_of_7_device_corruptions,2,0.44,0.04148629148629149,0.01192114837074914,3,0.051760974900715934,0.010594579736716682,0.09067460317460313,0.016648941822062044
secondary/exploratory,smids,xception,equal_mean_of_7_device_corruptions,2,0.45,0.041975308641975316,0.012355753007504048,3,0.051760974900715934,0.010594579736716682,0.09067460317460313,0.016648941822062044
secondary/exploratory,smids,xception,equal_mean_of_7_device_corruptions,2,0.46,0.04209799861973775,0.012087149681253963,3,0.051760974900715934,0.010594579736716682,0.09067460317460313,0.016648941822062044
secondary/exploratory,smids,xception,equal_mean_of_7_device_corruptions,2,0.47000000000000003,0.042215467747382655,0.011829976283780493,3,0.051760974900715934,0.010594579736716682,0.09067460317460313,0.016648941822062044
secondary/exploratory,smids,xception,equal_mean_of_7_device_corruptions,2,0.48,0.04265873015873015,0.013010790722821427,3,0.051760974900715934,0.010594579736716682,0.09067460317460313,0.016648941822062044
secondary/exploratory,smids,xception,equal_mean_of_7_device_corruptions,2,0.49,0.04470359572400389,0.012176835846590543,3,0.051760974900715934,0.010594579736716682,0.09067460317460313,0.016648941822062044
secondary/exploratory,smids,xception,equal_mean_of_7_device_corruptions,2,0.5,0.04698412698412698,0.01300037792345604,3,0.051760974900715934,0.010594579736716682,0.09067460317460313,0.016648941822062044
secondary/exploratory,smids,xception,equal_mean_of_7_device_corruptions,2,0.51,0.04730781201369436,0.012949047035614517,3,0.051760974900715934,0.010594579736716682,0.09067460317460313,0.016648941822062044
secondary/exploratory,smids,xception,equal_mean_of_7_device_corruptions,2,0.52,0.04975579975579975,0.011951631227382105,3,0.051760974900715934,0.010594579736716682,0.09067460317460313,0.016648941822062044
secondary/exploratory,smids,xception,equal_mean_of_7_device_corruptions,2,0.53,0.05031446540880503,0.011885675251862494,3,0.051760974900715934,0.010594579736716682,0.09067460317460313,0.016648941822062044
secondary/exploratory,smids,xception,equal_mean_of_7_device_corruptions,2,0.54,0.05173427395649618,0.013499074077842484,3,0.051760974900715934,0.010594579736716682,0.09067460317460313,0.016648941822062044
secondary/exploratory,smids,xception,equal_mean_of_7_device_corruptions,2,0.55,0.0533910533910534,0.013915801963914799,3,0.051760974900715934,0.010594579736716682,0.09067460317460313,0.016648941822062044
secondary/exploratory,smids,xception,equal_mean_of_7_device_corruptions,2,0.56,0.054138321995464846,0.015123947360492173,3,0.051760974900715934,0.010594579736716682,0.09067460317460313,0.016648941822062044
secondary/exploratory,smids,xception,equal_mean_of_7_device_corruptions,2,0.5700000000000001,0.05541631857421331,0.014283841384831132,3,0.051760974900715934,0.010594579736716682,0.09067460317460313,0.016648941822062044
secondary/exploratory,smids,xception,equal_mean_of_7_device_corruptions,2,0.58,0.056376573617952924,0.01519068318158502,3,0.051760974900715934,0.010594579736716682,0.09067460317460313,0.016648941822062044
secondary/exploratory,smids,xception,equal_mean_of_7_device_corruptions,2,0.59,0.05622814097390368,0.015657233819694874,3,0.051760974900715934,0.010594579736716682,0.09067460317460313,0.016648941822062044
secondary/exploratory,smids,xception,equal_mean_of_7_device_corruptions,2,0.6,0.05687830687830688,0.014748528957424714,3,0.051760974900715934,0.010594579736716682,0.09067460317460313,0.016648941822062044
secondary/exploratory,smids,xception,equal_mean_of_7_device_corruptions,2,0.61,0.05802758261774655,0.016118533089720093,3,0.051760974900715934,0.010594579736716682,0.09067460317460313,0.016648941822062044
secondary/exploratory,smids,xception,equal_mean_of_7_device_corruptions,2,0.62,0.05811571940604199,0.016407035299551575,3,0.051760974900715934,0.010594579736716682,0.09067460317460313,0.016648941822062044
secondary/exploratory,smids,xception,equal_mean_of_7_device_corruptions,2,0.63,0.05845301083396321,0.016305053854737652,3,0.051760974900715934,0.010594579736716682,0.09067460317460313,0.016648941822062044
secondary/exploratory,smids,xception,equal_mean_of_7_device_corruptions,2,0.64,0.06001984126984126,0.016391579009780055,3,0.051760974900715934,0.010594579736716682,0.09067460317460313,0.016648941822062044
secondary/exploratory,smids,xception,equal_mean_of_7_device_corruptions,2,0.65,0.06153846153846154,0.016641489658022784,3,0.051760974900715934,0.010594579736716682,0.09067460317460313,0.016648941822062044
secondary/exploratory,smids,xception,equal_mean_of_7_device_corruptions,2,0.66,0.06325156325156325,0.016090167083865063,3,0.051760974900715934,0.010594579736716682,0.09067460317460313,0.016648941822062044
secondary/exploratory,smids,xception,equal_mean_of_7_device_corruptions,2,0.67,0.06420279554607912,0.01559297102288968,3,0.051760974900715934,0.010594579736716682,0.09067460317460313,0.016648941822062044
secondary/exploratory,smids,xception,equal_mean_of_7_device_corruptions,2,0.68,0.06629318394024276,0.01525153709049453,3,0.051760974900715934,0.010594579736716682,0.09067460317460313,0.016648941822062044
secondary/exploratory,smids,xception,equal_mean_of_7_device_corruptions,2,0.6900000000000001,0.06717276282493674,0.01580284747696858,3,0.051760974900715934,0.010594579736716682,0.09067460317460313,0.016648941822062044
secondary/exploratory,smids,xception,equal_mean_of_7_device_corruptions,2,0.7000000000000001,0.0687074829931973,0.016718647248223792,3,0.051760974900715934,0.010594579736716682,0.09067460317460313,0.016648941822062044
secondary/exploratory,smids,xception,equal_mean_of_7_device_corruptions,2,0.71,0.06952828079588642,0.014957056725846402,3,0.051760974900715934,0.010594579736716682,0.09067460317460313,0.016648941822062044
secondary/exploratory,smids,xception,equal_mean_of_7_device_corruptions,2,0.72,0.0718694885361552,0.014645153157180221,3,0.051760974900715934,0.010594579736716682,0.09067460317460313,0.016648941822062044
secondary/exploratory,smids,xception,equal_mean_of_7_device_corruptions,2,0.73,0.07349423787779952,0.015454973380227754,3,0.051760974900715934,0.010594579736716682,0.09067460317460313,0.016648941822062044
secondary/exploratory,smids,xception,equal_mean_of_7_device_corruptions,2,0.74,0.07657657657657657,0.016241221961549503,3,0.051760974900715934,0.010594579736716682,0.09067460317460313,0.016648941822062044
secondary/exploratory,smids,xception,equal_mean_of_7_device_corruptions,2,0.75,0.07894179894179894,0.018006838748280025,3,0.051760974900715934,0.010594579736716682,0.09067460317460313,0.016648941822062044
secondary/exploratory,smids,xception,equal_mean_of_7_device_corruptions,2,0.76,0.0816624895572264,0.01782505287665151,3,0.051760974900715934,0.010594579736716682,0.09067460317460313,0.016648941822062044
secondary/exploratory,smids,xception,equal_mean_of_7_device_corruptions,2,0.77,0.08390022675736962,0.0164824238364384,3,0.051760974900715934,0.010594579736716682,0.09067460317460313,0.016648941822062044
secondary/exploratory,smids,xception,equal_mean_of_7_device_corruptions,2,0.78,0.08628408628408629,0.015351794230803665,3,0.051760974900715934,0.010594579736716682,0.09067460317460313,0.016648941822062044
secondary/exploratory,smids,xception,equal_mean_of_7_device_corruptions,2,0.79,0.08800482218203737,0.01584501437986126,3,0.051760974900715934,0.010594579736716682,0.09067460317460313,0.016648941822062044
secondary/exploratory,smids,xception,equal_mean_of_7_device_corruptions,2,0.8,0.09067460317460317,0.016648941822062044,3,0.051760974900715934,0.010594579736716682,0.09067460317460313,0.016648941822062044
secondary/exploratory,smids,xception,equal_mean_of_7_device_corruptions,2,0.81,0.09327846364883402,0.016060612572732006,3,0.051760974900715934,0.010594579736716682,0.09067460317460313,0.016648941822062044
secondary/exploratory,smids,xception,equal_mean_of_7_device_corruptions,2,0.8200000000000001,0.09465737514518006,0.017020152020618892,3,0.051760974900715934,0.010594579736716682,0.09067460317460313,0.016648941822062044
secondary/exploratory,smids,xception,equal_mean_of_7_device_corruptions,2,0.8300000000000001,0.09848919487473708,0.018699630163961957,3,0.051760974900715934,0.010594579736716682,0.09067460317460313,0.016648941822062044
secondary/exploratory,smids,xception,equal_mean_of_7_device_corruptions,2,0.84,0.10185185185185186,0.017677018091737492,3,0.051760974900715934,0.010594579736716682,0.09067460317460313,0.016648941822062044
secondary/exploratory,smids,xception,equal_mean_of_7_device_corruptions,2,0.85,0.10345471521942111,0.017369958475045355,3,0.051760974900715934,0.010594579736716682,0.09067460317460313,0.016648941822062044
secondary/exploratory,smids,xception,equal_mean_of_7_device_corruptions,2,0.86,0.10575858250276854,0.01743087069623166,3,0.051760974900715934,0.010594579736716682,0.09067460317460313,0.016648941822062044
secondary/exploratory,smids,xception,equal_mean_of_7_device_corruptions,2,0.87,0.10928662652800585,0.015828915326943246,3,0.051760974900715934,0.010594579736716682,0.09067460317460313,0.016648941822062044
secondary/exploratory,smids,xception,equal_mean_of_7_device_corruptions,2,0.88,0.11255411255411256,0.01613425488731122,3,0.051760974900715934,0.010594579736716682,0.09067460317460313,0.016648941822062044
secondary/exploratory,smids,xception,equal_mean_of_7_device_corruptions,2,0.89,0.11646156589976814,0.015893042396086465,3,0.051760974900715934,0.010594579736716682,0.09067460317460313,0.016648941822062044
secondary/exploratory,smids,xception,equal_mean_of_7_device_corruptions,2,0.9,0.11940035273368606,0.016900876695672144,3,0.051760974900715934,0.010594579736716682,0.09067460317460313,0.016648941822062044
secondary/exploratory,smids,xception,equal_mean_of_7_device_corruptions,2,0.91,0.12401883830455258,0.017504687267061992,3,0.051760974900715934,0.010594579736716682,0.09067460317460313,0.016648941822062044
secondary/exploratory,smids,xception,equal_mean_of_7_device_corruptions,2,0.92,0.1276742581090407,0.01830230475688794,3,0.051760974900715934,0.010594579736716682,0.09067460317460313,0.016648941822062044
secondary/exploratory,smids,xception,equal_mean_of_7_device_corruptions,2,0.93,0.1300563236047107,0.018736481785491036,3,0.051760974900715934,0.010594579736716682,0.09067460317460313,0.016648941822062044
secondary/exploratory,smids,xception,equal_mean_of_7_device_corruptions,2,0.9400000000000001,0.13255656872678154,0.018861954135299907,3,0.051760974900715934,0.010594579736716682,0.09067460317460313,0.016648941822062044
secondary/exploratory,smids,xception,equal_mean_of_7_device_corruptions,2,0.9500000000000001,0.1358395989974938,0.01915941338708409,3,0.051760974900715934,0.010594579736716682,0.09067460317460313,0.016648941822062044
secondary/exploratory,smids,xception,equal_mean_of_7_device_corruptions,2,0.96,0.13905423280423282,0.019631413346488415,3,0.051760974900715934,0.010594579736716682,0.09067460317460313,0.016648941822062044
secondary/exploratory,smids,xception,equal_mean_of_7_device_corruptions,2,0.97,0.14203894616265753,0.02026684938481089,3,0.051760974900715934,0.010594579736716682,0.09067460317460313,0.016648941822062044
secondary/exploratory,smids,xception,equal_mean_of_7_device_corruptions,2,0.98,0.1460965338516359,0.022023690034090593,3,0.051760974900715934,0.010594579736716682,0.09067460317460313,0.016648941822062044
secondary/exploratory,smids,xception,equal_mean_of_7_device_corruptions,2,0.99,0.14943081609748277,0.02264451637551715,3,0.051760974900715934,0.010594579736716682,0.09067460317460313,0.016648941822062044
secondary/exploratory,smids,xception,equal_mean_of_7_device_corruptions,2,1.0,0.15396825396825395,0.02216375528593711,3,0.051760974900715934,0.010594579736716682,0.09067460317460313,0.016648941822062044
secondary/exploratory,smids,xception,equal_mean_of_7_device_corruptions,3,0.0,0.0,0.0,3,0.1093633879862338,0.00892023587537542,0.15376984126984125,0.011077400676355442
secondary/exploratory,smids,xception,equal_mean_of_7_device_corruptions,3,0.01,0.015873015873015872,0.02749286996141075,3,0.1093633879862338,0.00892023587537542,0.15376984126984125,0.011077400676355442
secondary/exploratory,smids,xception,equal_mean_of_7_device_corruptions,3,0.02,0.031746031746031744,0.036369648372665396,3,0.1093633879862338,0.00892023587537542,0.15376984126984125,0.011077400676355442
secondary/exploratory,smids,xception,equal_mean_of_7_device_corruptions,3,0.03,0.037037037037037035,0.024246432248443597,3,0.1093633879862338,0.00892023587537542,0.15376984126984125,0.011077400676355442
secondary/exploratory,smids,xception,equal_mean_of_7_device_corruptions,3,0.04,0.04365079365079364,0.02478173808888253,3,0.1093633879862338,0.00892023587537542,0.15376984126984125,0.011077400676355442
secondary/exploratory,smids,xception,equal_mean_of_7_device_corruptions,3,0.05,0.044444444444444446,0.023967728365938887,3,0.1093633879862338,0.00892023587537542,0.15376984126984125,0.011077400676355442
secondary/exploratory,smids,xception,equal_mean_of_7_device_corruptions,3,0.06,0.05026455026455026,0.024246432248443597,3,0.1093633879862338,0.00892023587537542,0.15376984126984125,0.011077400676355442
secondary/exploratory,smids,xception,equal_mean_of_7_device_corruptions,3,0.07,0.05215419501133787,0.023890371321661538,3,0.1093633879862338,0.00892023587537542,0.15376984126984125,0.011077400676355442
secondary/exploratory,smids,xception,equal_mean_of_7_device_corruptions,3,0.08,0.05555555555555556,0.026840772338231518,3,0.1093633879862338,0.00892023587537542,0.15376984126984125,0.011077400676355442
secondary/exploratory,smids,xception,equal_mean_of_7_device_corruptions,3,0.09,0.054673721340388004,0.026630809295487657,3,0.1093633879862338,0.00892023587537542,0.15376984126984125,0.011077400676355442
secondary/exploratory,smids,xception,equal_mean_of_7_device_corruptions,3,0.1,0.05555555555555555,0.023489918391982126,3,0.1093633879862338,0.00892023587537542,0.15376984126984125,0.011077400676355442
secondary/exploratory,smids,xception,equal_mean_of_7_device_corruptions,3,0.11,0.05772005772005773,0.02461576061938237,3,0.1093633879862338,0.00892023587537542,0.15376984126984125,0.011077400676355442
secondary/exploratory,smids,xception,equal_mean_of_7_device_corruptions,3,0.12,0.05687830687830688,0.01997310697161574,3,0.1093633879862338,0.00892023587537542,0.15376984126984125,0.011077400676355442
secondary/exploratory,smids,xception,equal_mean_of_7_device_corruptions,3,0.13,0.0586080586080586,0.016785991556614793,3,0.1093633879862338,0.00892023587537542,0.15376984126984125,0.011077400676355442
secondary/exploratory,smids,xception,equal_mean_of_7_device_corruptions,3,0.14,0.05895691609977324,0.018733233154034364,3,0.1093633879862338,0.00892023587537542,0.15376984126984125,0.011077400676355442
secondary/exploratory,smids,xception,equal_mean_of_7_device_corruptions,3,0.15,0.06137566137566138,0.016290798220466307,3,0.1093633879862338,0.00892023587537542,0.15376984126984125,0.011077400676355442
secondary/exploratory,smids,xception,equal_mean_of_7_device_corruptions,3,0.16,0.0634920634920635,0.018184824186332698,3,0.1093633879862338,0.00892023587537542,0.15376984126984125,0.011077400676355442
secondary/exploratory,smids,xception,equal_mean_of_7_device_corruptions,3,0.17,0.06255835667600373,0.016413068003031696,3,0.1093633879862338,0.00892023587537542,0.15376984126984125,0.011077400676355442
secondary/exploratory,smids,xception,equal_mean_of_7_device_corruptions,3,0.18,0.06261022927689594,0.017008202400340306,3,0.1093633879862338,0.00892023587537542,0.15376984126984125,0.011077400676355442
secondary/exploratory,smids,xception,equal_mean_of_7_device_corruptions,3,0.19,0.06683375104427736,0.016113033852953977,3,0.1093633879862338,0.00892023587537542,0.15376984126984125,0.011077400676355442
secondary/exploratory,smids,xception,equal_mean_of_7_device_corruptions,3,0.2,0.06507936507936508,0.015853162186855705,3,0.1093633879862338,0.00892023587537542,0.15376984126984125,0.011077400676355442
secondary/exploratory,smids,xception,equal_mean_of_7_device_corruptions,3,0.21,0.06651549508692366,0.017019395690397125,3,0.1093633879862338,0.00892023587537542,0.15376984126984125,0.011077400676355442
secondary/exploratory,smids,xception,equal_mean_of_7_device_corruptions,3,0.22,0.06854256854256854,0.01565839423824726,3,0.1093633879862338,0.00892023587537542,0.15376984126984125,0.011077400676355442
secondary/exploratory,smids,xception,equal_mean_of_7_device_corruptions,3,0.23,0.06832298136645963,0.014929818946020655,3,0.1093633879862338,0.00892023587537542,0.15376984126984125,0.011077400676355442
secondary/exploratory,smids,xception,equal_mean_of_7_device_corruptions,3,0.24,0.06878306878306878,0.014625227769507925,3,0.1093633879862338,0.00892023587537542,0.15376984126984125,0.011077400676355442
secondary/exploratory,smids,xception,equal_mean_of_7_device_corruptions,3,0.25,0.0692063492063492,0.016641704662960204,3,0.1093633879862338,0.00892023587537542,0.15376984126984125,0.011077400676355442
secondary/exploratory,smids,xception,equal_mean_of_7_device_corruptions,3,0.26,0.07020757020757022,0.015576740930614261,3,0.1093633879862338,0.00892023587537542,0.15376984126984125,0.011077400676355442
secondary/exploratory,smids,xception,equal_mean_of_7_device_corruptions,3,0.27,0.07113462669018224,0.016003124736997297,3,0.1093633879862338,0.00892023587537542,0.15376984126984125,0.011077400676355442
secondary/exploratory,smids,xception,equal_mean_of_7_device_corruptions,3,0.28,0.07256235827664399,0.013640827001718793,3,0.1093633879862338,0.00892023587537542,0.15376984126984125,0.011077400676355442
secondary/exploratory,smids,xception,equal_mean_of_7_device_corruptions,3,0.29,0.07443897099069513,0.013170453656831931,3,0.1093633879862338,0.00892023587537542,0.15376984126984125,0.011077400676355442
secondary/exploratory,smids,xception,equal_mean_of_7_device_corruptions,3,0.3,0.07671957671957673,0.012123216124221792,3,0.1093633879862338,0.00892023587537542,0.15376984126984125,0.011077400676355442
secondary/exploratory,smids,xception,equal_mean_of_7_device_corruptions,3,0.31,0.07885304659498207,0.011732144636343677,3,0.1093633879862338,0.00892023587537542,0.15376984126984125,0.011077400676355442
secondary/exploratory,smids,xception,equal_mean_of_7_device_corruptions,3,0.32,0.08134920634920635,0.012028130608117204,3,0.1093633879862338,0.00892023587537542,0.15376984126984125,0.011077400676355442
secondary/exploratory,smids,xception,equal_mean_of_7_device_corruptions,3,0.33,0.08321308321308321,0.010237516427990732,3,0.1093633879862338,0.00892023587537542,0.15376984126984125,0.011077400676355442
secondary/exploratory,smids,xception,equal_mean_of_7_device_corruptions,3,0.34,0.08403361344537814,0.010938725036283837,3,0.1093633879862338,0.00892023587537542,0.15376984126984125,0.011077400676355442
secondary/exploratory,smids,xception,equal_mean_of_7_device_corruptions,3,0.35000000000000003,0.08662131519274378,0.010211637414238292,3,0.1093633879862338,0.00892023587537542,0.15376984126984125,0.011077400676355442
secondary/exploratory,smids,xception,equal_mean_of_7_device_corruptions,3,0.36,0.08818342151675485,0.011093250110590073,3,0.1093633879862338,0.00892023587537542,0.15376984126984125,0.011077400676355442
secondary/exploratory,smids,xception,equal_mean_of_7_device_corruptions,3,0.37,0.08923208923208921,0.010402707552966236,3,0.1093633879862338,0.00892023587537542,0.15376984126984125,0.011077400676355442
secondary/exploratory,smids,xception,equal_mean_of_7_device_corruptions,3,0.38,0.08939014202172096,0.011231687267960533,3,0.1093633879862338,0.00892023587537542,0.15376984126984125,0.011077400676355442
secondary/exploratory,smids,xception,equal_mean_of_7_device_corruptions,3,0.39,0.09035409035409035,0.0106444418645682,3,0.1093633879862338,0.00892023587537542,0.15376984126984125,0.011077400676355442
secondary/exploratory,smids,xception,equal_mean_of_7_device_corruptions,3,0.4,0.09047619047619047,0.011356419064487457,3,0.1093633879862338,0.00892023587537542,0.15376984126984125,0.011077400676355442
secondary/exploratory,smids,xception,equal_mean_of_7_device_corruptions,3,0.41000000000000003,0.09252806813782423,0.011863378587723239,3,0.1093633879862338,0.00892023587537542,0.15376984126984125,0.011077400676355442
secondary/exploratory,smids,xception,equal_mean_of_7_device_corruptions,3,0.42,0.09297052154195011,0.01307546779441133,3,0.1093633879862338,0.00892023587537542,0.15376984126984125,0.011077400676355442
secondary/exploratory,smids,xception,equal_mean_of_7_device_corruptions,3,0.43,0.09339239571797713,0.011092638760662027,3,0.1093633879862338,0.00892023587537542,0.15376984126984125,0.011077400676355442
secondary/exploratory,smids,xception,equal_mean_of_7_device_corruptions,3,0.44,0.09415584415584416,0.01032401733135223,3,0.1093633879862338,0.00892023587537542,0.15376984126984125,0.011077400676355442
secondary/exploratory,smids,xception,equal_mean_of_7_device_corruptions,3,0.45,0.09523809523809523,0.00916428998713692,3,0.1093633879862338,0.00892023587537542,0.15376984126984125,0.011077400676355442
secondary/exploratory,smids,xception,equal_mean_of_7_device_corruptions,3,0.46,0.09592822636300898,0.008681673999592214,3,0.1093633879862338,0.00892023587537542,0.15376984126984125,0.011077400676355442
secondary/exploratory,smids,xception,equal_mean_of_7_device_corruptions,3,0.47000000000000003,0.09625126646403243,0.008774320200450254,3,0.1093633879862338,0.00892023587537542,0.15376984126984125,0.011077400676355442
secondary/exploratory,smids,xception,equal_mean_of_7_device_corruptions,3,0.48,0.09887566137566138,0.010133302543680257,3,0.1093633879862338,0.00892023587537542,0.15376984126984125,0.011077400676355442
secondary/exploratory,smids,xception,equal_mean_of_7_device_corruptions,3,0.49,0.1004211208292841,0.010923041982563891,3,0.1093633879862338,0.00892023587537542,0.15376984126984125,0.011077400676355442
secondary/exploratory,smids,xception,equal_mean_of_7_device_corruptions,3,0.5,0.1015873015873016,0.012429696476477394,3,0.1093633879862338,0.00892023587537542,0.15376984126984125,0.011077400676355442
secondary/exploratory,smids,xception,equal_mean_of_7_device_corruptions,3,0.51,0.1020852785558668,0.010284912319862003,3,0.1093633879862338,0.00892023587537542,0.15376984126984125,0.011077400676355442
secondary/exploratory,smids,xception,equal_mean_of_7_device_corruptions,3,0.52,0.10347985347985349,0.010796544068270696,3,0.1093633879862338,0.00892023587537542,0.15376984126984125,0.011077400676355442
secondary/exploratory,smids,xception,equal_mean_of_7_device_corruptions,3,0.53,0.10601976639712489,0.011783357635762813,3,0.1093633879862338,0.00892023587537542,0.15376984126984125,0.011077400676355442
secondary/exploratory,smids,xception,equal_mean_of_7_device_corruptions,3,0.54,0.1078777189888301,0.011475144794793153,3,0.1093633879862338,0.00892023587537542,0.15376984126984125,0.011077400676355442
secondary/exploratory,smids,xception,equal_mean_of_7_device_corruptions,3,0.55,0.10851370851370852,0.012131514895805884,3,0.1093633879862338,0.00892023587537542,0.15376984126984125,0.011077400676355442
secondary/exploratory,smids,xception,equal_mean_of_7_device_corruptions,3,0.56,0.10997732426303854,0.011545018058059117,3,0.1093633879862338,0.00892023587537542,0.15376984126984125,0.011077400676355442
secondary/exploratory,smids,xception,equal_mean_of_7_device_corruptions,3,0.5700000000000001,0.11194653299916461,0.010128952091046091,3,0.1093633879862338,0.00892023587537542,0.15376984126984125,0.011077400676355442
secondary/exploratory,smids,xception,equal_mean_of_7_device_corruptions,3,0.58,0.11466885604816639,0.011086277559129214,3,0.1093633879862338,0.00892023587537542,0.15376984126984125,0.011077400676355442
secondary/exploratory,smids,xception,equal_mean_of_7_device_corruptions,3,0.59,0.11649179445789615,0.012922044615036668,3,0.1093633879862338,0.00892023587537542,0.15376984126984125,0.011077400676355442
secondary/exploratory,smids,xception,equal_mean_of_7_device_corruptions,3,0.6,0.11772486772486773,0.011913576983278001,3,0.1093633879862338,0.00892023587537542,0.15376984126984125,0.011077400676355442
secondary/exploratory,smids,xception,equal_mean_of_7_device_corruptions,3,0.61,0.11969815248503773,0.012522726427807405,3,0.1093633879862338,0.00892023587537542,0.15376984126984125,0.011077400676355442
secondary/exploratory,smids,xception,equal_mean_of_7_device_corruptions,3,0.62,0.1210957501280082,0.013442688779134756,3,0.1093633879862338,0.00892023587537542,0.15376984126984125,0.011077400676355442
secondary/exploratory,smids,xception,equal_mean_of_7_device_corruptions,3,0.63,0.12295288485764677,0.014526112678659173,3,0.1093633879862338,0.00892023587537542,0.15376984126984125,0.011077400676355442
secondary/exploratory,smids,xception,equal_mean_of_7_device_corruptions,3,0.64,0.125,0.01242804545274557,3,0.1093633879862338,0.00892023587537542,0.15376984126984125,0.011077400676355442
secondary/exploratory,smids,xception,equal_mean_of_7_device_corruptions,3,0.65,0.12576312576312576,0.013213918689590905,3,0.1093633879862338,0.00892023587537542,0.15376984126984125,0.011077400676355442
secondary/exploratory,smids,xception,equal_mean_of_7_device_corruptions,3,0.66,0.12794612794612795,0.013388326752974307,3,0.1093633879862338,0.00892023587537542,0.15376984126984125,0.011077400676355442
secondary/exploratory,smids,xception,equal_mean_of_7_device_corruptions,3,0.67,0.12935323383084577,0.01316294184609249,3,0.1093633879862338,0.00892023587537542,0.15376984126984125,0.011077400676355442
secondary/exploratory,smids,xception,equal_mean_of_7_device_corruptions,3,0.68,0.13095238095238096,0.01296936917188525,3,0.1093633879862338,0.00892023587537542,0.15376984126984125,0.011077400676355442
secondary/exploratory,smids,xception,equal_mean_of_7_device_corruptions,3,0.6900000000000001,0.1322751322751323,0.012447894417730556,3,0.1093633879862338,0.00892023587537542,0.15376984126984125,0.011077400676355442
secondary/exploratory,smids,xception,equal_mean_of_7_device_corruptions,3,0.7000000000000001,0.1337868480725624,0.012659886487263343,3,0.1093633879862338,0.00892023587537542,0.15376984126984125,0.011077400676355442
secondary/exploratory,smids,xception,equal_mean_of_7_device_corruptions,3,0.71,0.13637379834562932,0.012445486840793003,3,0.1093633879862338,0.00892023587537542,0.15376984126984125,0.011077400676355442
secondary/exploratory,smids,xception,equal_mean_of_7_device_corruptions,3,0.72,0.13910934744268078,0.012898238515264605,3,0.1093633879862338,0.00892023587537542,0.15376984126984125,0.011077400676355442
secondary/exploratory,smids,xception,equal_mean_of_7_device_corruptions,3,0.73,0.14046531854751035,0.012069309925094949,3,0.1093633879862338,0.00892023587537542,0.15376984126984125,0.011077400676355442
secondary/exploratory,smids,xception,equal_mean_of_7_device_corruptions,3,0.74,0.14242814242814242,0.012249070386331403,3,0.1093633879862338,0.00892023587537542,0.15376984126984125,0.011077400676355442
secondary/exploratory,smids,xception,equal_mean_of_7_device_corruptions,3,0.75,0.1439153439153439,0.012382308974654031,3,0.1093633879862338,0.00892023587537542,0.15376984126984125,0.011077400676355442
secondary/exploratory,smids,xception,equal_mean_of_7_device_corruptions,3,0.76,0.14619883040935674,0.010676172029350083,3,0.1093633879862338,0.00892023587537542,0.15376984126984125,0.011077400676355442
secondary/exploratory,smids,xception,equal_mean_of_7_device_corruptions,3,0.77,0.14780457637600494,0.01145346887906749,3,0.1093633879862338,0.00892023587537542,0.15376984126984125,0.011077400676355442
secondary/exploratory,smids,xception,equal_mean_of_7_device_corruptions,3,0.78,0.14997964997965,0.010994662319283756,3,0.1093633879862338,0.00892023587537542,0.15376984126984125,0.011077400676355442
secondary/exploratory,smids,xception,equal_mean_of_7_device_corruptions,3,0.79,0.1512959614225437,0.010900024906585384,3,0.1093633879862338,0.00892023587537542,0.15376984126984125,0.011077400676355442
secondary/exploratory,smids,xception,equal_mean_of_7_device_corruptions,3,0.8,0.15376984126984128,0.011077400676355462,3,0.1093633879862338,0.00892023587537542,0.15376984126984125,0.011077400676355442
secondary/exploratory,smids,xception,equal_mean_of_7_device_corruptions,3,0.81,0.15657456398197137,0.013990452085911449,3,0.1093633879862338,0.00892023587537542,0.15376984126984125,0.011077400676355442
secondary/exploratory,smids,xception,equal_mean_of_7_device_corruptions,3,0.8200000000000001,0.1585365853658537,0.014093683042406054,3,0.1093633879862338,0.00892023587537542,0.15376984126984125,0.011077400676355442
secondary/exploratory,smids,xception,equal_mean_of_7_device_corruptions,3,0.8300000000000001,0.16121629374641425,0.014883673862389958,3,0.1093633879862338,0.00892023587537542,0.15376984126984125,0.011077400676355442
secondary/exploratory,smids,xception,equal_mean_of_7_device_corruptions,3,0.84,0.16288737717309146,0.01585613506863052,3,0.1093633879862338,0.00892023587537542,0.15376984126984125,0.011077400676355442
secondary/exploratory,smids,xception,equal_mean_of_7_device_corruptions,3,0.85,0.16545284780578895,0.016527401902278614,3,0.1093633879862338,0.00892023587537542,0.15376984126984125,0.011077400676355442
secondary/exploratory,smids,xception,equal_mean_of_7_device_corruptions,3,0.86,0.16814322628276115,0.017530259327279883,3,0.1093633879862338,0.00892023587537542,0.15376984126984125,0.011077400676355442
secondary/exploratory,smids,xception,equal_mean_of_7_device_corruptions,3,0.87,0.17095420543696405,0.017517902523014255,3,0.1093633879862338,0.00892023587537542,0.15376984126984125,0.011077400676355442
secondary/exploratory,smids,xception,equal_mean_of_7_device_corruptions,3,0.88,0.17406204906204906,0.017386333601877215,3,0.1093633879862338,0.00892023587537542,0.15376984126984125,0.011077400676355442
secondary/exploratory,smids,xception,equal_mean_of_7_device_corruptions,3,0.89,0.1767433565186374,0.017124241792160006,3,0.1093633879862338,0.00892023587537542,0.15376984126984125,0.011077400676355442
secondary/exploratory,smids,xception,equal_mean_of_7_device_corruptions,3,0.9,0.1797178130511464,0.016900876695672144,3,0.1093633879862338,0.00892023587537542,0.15376984126984125,0.011077400676355442
secondary/exploratory,smids,xception,equal_mean_of_7_device_corruptions,3,0.91,0.18262689691261122,0.017998308238534638,3,0.1093633879862338,0.00892023587537542,0.15376984126984125,0.011077400676355442
secondary/exploratory,smids,xception,equal_mean_of_7_device_corruptions,3,0.92,0.18599033816425123,0.017608489747650887,3,0.1093633879862338,0.00892023587537542,0.15376984126984125,0.011077400676355442
secondary/exploratory,smids,xception,equal_mean_of_7_device_corruptions,3,0.93,0.18911076975593102,0.017031023788486373,3,0.1093633879862338,0.00892023587537542,0.15376984126984125,0.011077400676355442
secondary/exploratory,smids,xception,equal_mean_of_7_device_corruptions,3,0.9400000000000001,0.19300911854103345,0.017526690873359875,3,0.1093633879862338,0.00892023587537542,0.15376984126984125,0.011077400676355442
secondary/exploratory,smids,xception,equal_mean_of_7_device_corruptions,3,0.9500000000000001,0.1959899749373434,0.017820941187600182,3,0.1093633879862338,0.00892023587537542,0.15376984126984125,0.011077400676355442
secondary/exploratory,smids,xception,equal_mean_of_7_device_corruptions,3,0.96,0.19990079365079363,0.01782266291986277,3,0.1093633879862338,0.00892023587537542,0.15376984126984125,0.011077400676355442
secondary/exploratory,smids,xception,equal_mean_of_7_device_corruptions,3,0.97,0.20242186221567668,0.0170789618368701,3,0.1093633879862338,0.00892023587537542,0.15376984126984125,0.011077400676355442
secondary/exploratory,smids,xception,equal_mean_of_7_device_corruptions,3,0.98,0.20521541950113378,0.016778513137130104,3,0.1093633879862338,0.00892023587537542,0.15376984126984125,0.011077400676355442
secondary/exploratory,smids,xception,equal_mean_of_7_device_corruptions,3,0.99,0.20843354176687512,0.015838969224004906,3,0.1093633879862338,0.00892023587537542,0.15376984126984125,0.011077400676355442
secondary/exploratory,smids,xception,equal_mean_of_7_device_corruptions,3,1.0,0.2133333333333333,0.016605329308726362,3,0.1093633879862338,0.00892023587537542,0.15376984126984125,0.011077400676355442
secondary/exploratory,smids,xception,equal_mean_of_7_device_corruptions,4,0.0,0.0,0.0,3,0.16055386639142302,0.028356640762733917,0.22380952380952376,0.019750785741710786
secondary/exploratory,smids,xception,equal_mean_of_7_device_corruptions,4,0.01,0.031746031746031744,0.0549857399228215,3,0.16055386639142302,0.028356640762733917,0.22380952380952376,0.019750785741710786
secondary/exploratory,smids,xception,equal_mean_of_7_device_corruptions,4,0.02,0.047619047619047616,0.047619047619047616,3,0.16055386639142302,0.028356640762733917,0.22380952380952376,0.019750785741710786
secondary/exploratory,smids,xception,equal_mean_of_7_device_corruptions,4,0.03,0.0582010582010582,0.055744199750543594,3,0.16055386639142302,0.028356640762733917,0.22380952380952376,0.019750785741710786
secondary/exploratory,smids,xception,equal_mean_of_7_device_corruptions,4,0.04,0.059523809523809514,0.05455447255899809,3,0.16055386639142302,0.028356640762733917,0.22380952380952376,0.019750785741710786
secondary/exploratory,smids,xception,equal_mean_of_7_device_corruptions,4,0.05,0.053968253968253964,0.04294523574117042,3,0.16055386639142302,0.028356640762733917,0.22380952380952376,0.019750785741710786
secondary/exploratory,smids,xception,equal_mean_of_7_device_corruptions,4,0.06,0.0582010582010582,0.04512889446886768,3,0.16055386639142302,0.028356640762733917,0.22380952380952376,0.019750785741710786
secondary/exploratory,smids,xception,equal_mean_of_7_device_corruptions,4,0.07,0.058956916099773236,0.04826257744624209,3,0.16055386639142302,0.028356640762733917,0.22380952380952376,0.019750785741710786
secondary/exploratory,smids,xception,equal_mean_of_7_device_corruptions,4,0.08,0.061507936507936505,0.03963290546713925,3,0.16055386639142302,0.028356640762733917,0.22380952380952376,0.019750785741710786
secondary/exploratory,smids,xception,equal_mean_of_7_device_corruptions,4,0.09,0.06701940035273368,0.03232857633125813,3,0.16055386639142302,0.028356640762733917,0.22380952380952376,0.019750785741710786
secondary/exploratory,smids,xception,equal_mean_of_7_device_corruptions,4,0.1,0.07142857142857142,0.034338583575847514,3,0.16055386639142302,0.028356640762733917,0.22380952380952376,0.019750785741710786
secondary/exploratory,smids,xception,equal_mean_of_7_device_corruptions,4,0.11,0.07647907647907648,0.03681775129054278,3,0.16055386639142302,0.028356640762733917,0.22380952380952376,0.019750785741710786
secondary/exploratory,smids,xception,equal_mean_of_7_device_corruptions,4,0.12,0.08333333333333333,0.030993054269470844,3,0.16055386639142302,0.028356640762733917,0.22380952380952376,0.019750785741710786
secondary/exploratory,smids,xception,equal_mean_of_7_device_corruptions,4,0.13,0.08424908424908424,0.03494282789073062,3,0.16055386639142302,0.028356640762733917,0.22380952380952376,0.019750785741710786
secondary/exploratory,smids,xception,equal_mean_of_7_device_corruptions,4,0.14,0.08390022675736962,0.03746646630806873,3,0.16055386639142302,0.028356640762733917,0.22380952380952376,0.019750785741710786
secondary/exploratory,smids,xception,equal_mean_of_7_device_corruptions,4,0.15,0.0835978835978836,0.03679436751473801,3,0.16055386639142302,0.028356640762733917,0.22380952380952376,0.019750785741710786
secondary/exploratory,smids,xception,equal_mean_of_7_device_corruptions,4,0.16,0.08730158730158728,0.04233450058204735,3,0.16055386639142302,0.028356640762733917,0.22380952380952376,0.019750785741710786
secondary/exploratory,smids,xception,equal_mean_of_7_device_corruptions,4,0.17,0.09430438842203548,0.042879411776676125,3,0.16055386639142302,0.028356640762733917,0.22380952380952376,0.019750785741710786
secondary/exploratory,smids,xception,equal_mean_of_7_device_corruptions,4,0.18,0.0961199294532628,0.0376306671840421,3,0.16055386639142302,0.028356640762733917,0.22380952380952376,0.019750785741710786
secondary/exploratory,smids,xception,equal_mean_of_7_device_corruptions,4,0.19,0.09690893901420217,0.03852916477059385,3,0.16055386639142302,0.028356640762733917,0.22380952380952376,0.019750785741710786
secondary/exploratory,smids,xception,equal_mean_of_7_device_corruptions,4,0.2,0.09761904761904762,0.03933978962347216,3,0.16055386639142302,0.028356640762733917,0.22380952380952376,0.019750785741710786
secondary/exploratory,smids,xception,equal_mean_of_7_device_corruptions,4,0.21,0.0982615268329554,0.040074727564056126,3,0.16055386639142302,0.028356640762733917,0.22380952380952376,0.019750785741710786
secondary/exploratory,smids,xception,equal_mean_of_7_device_corruptions,4,0.22,0.10101010101010101,0.04097336468831366,3,0.16055386639142302,0.028356640762733917,0.22380952380952376,0.019750785741710786
secondary/exploratory,smids,xception,equal_mean_of_7_device_corruptions,4,0.23,0.10213940648723258,0.04016420849399989,3,0.16055386639142302,0.028356640762733917,0.22380952380952376,0.019750785741710786
secondary/exploratory,smids,xception,equal_mean_of_7_device_corruptions,4,0.24,0.10383597883597884,0.03869471554579386,3,0.16055386639142302,0.028356640762733917,0.22380952380952376,0.019750785741710786
secondary/exploratory,smids,xception,equal_mean_of_7_device_corruptions,4,0.25,0.10984126984126984,0.0375838694271714,3,0.16055386639142302,0.028356640762733917,0.22380952380952376,0.019750785741710786
secondary/exploratory,smids,xception,equal_mean_of_7_device_corruptions,4,0.26,0.1111111111111111,0.03763873661000818,3,0.16055386639142302,0.028356640762733917,0.22380952380952376,0.019750785741710786
secondary/exploratory,smids,xception,equal_mean_of_7_device_corruptions,4,0.27,0.1164021164021164,0.03819472280018998,3,0.16055386639142302,0.028356640762733917,0.22380952380952376,0.019750785741710786
secondary/exploratory,smids,xception,equal_mean_of_7_device_corruptions,4,0.28,0.11848072562358276,0.03495025542357902,3,0.16055386639142302,0.028356640762733917,0.22380952380952376,0.019750785741710786
secondary/exploratory,smids,xception,equal_mean_of_7_device_corruptions,4,0.29,0.11986863711001643,0.037552041464792366,3,0.16055386639142302,0.028356640762733917,0.22380952380952376,0.019750785741710786
secondary/exploratory,smids,xception,equal_mean_of_7_device_corruptions,4,0.3,0.12222222222222222,0.03577596085582427,3,0.16055386639142302,0.028356640762733917,0.22380952380952376,0.019750785741710786
secondary/exploratory,smids,xception,equal_mean_of_7_device_corruptions,4,0.31,0.12442396313364056,0.03462189760241058,3,0.16055386639142302,0.028356640762733917,0.22380952380952376,0.019750785741710786
secondary/exploratory,smids,xception,equal_mean_of_7_device_corruptions,4,0.32,0.12648809523809523,0.032226797362660285,3,0.16055386639142302,0.028356640762733917,0.22380952380952376,0.019750785741710786
secondary/exploratory,smids,xception,equal_mean_of_7_device_corruptions,4,0.33,0.1289081289081289,0.03418827444717048,3,0.16055386639142302,0.028356640762733917,0.22380952380952376,0.019750785741710786
secondary/exploratory,smids,xception,equal_mean_of_7_device_corruptions,4,0.34,0.13025210084033612,0.031567024284550826,3,0.16055386639142302,0.028356640762733917,0.22380952380952376,0.019750785741710786
secondary/exploratory,smids,xception,equal_mean_of_7_device_corruptions,4,0.35000000000000003,0.13378684807256236,0.03246354679033704,3,0.16055386639142302,0.028356640762733917,0.22380952380952376,0.019750785741710786
secondary/exploratory,smids,xception,equal_mean_of_7_device_corruptions,4,0.36,0.13447971781305115,0.03307760023546923,3,0.16055386639142302,0.028356640762733917,0.22380952380952376,0.019750785741710786
secondary/exploratory,smids,xception,equal_mean_of_7_device_corruptions,4,0.37,0.1377091377091377,0.032482443923099014,3,0.16055386639142302,0.028356640762733917,0.22380952380952376,0.019750785741710786
secondary/exploratory,smids,xception,equal_mean_of_7_device_corruptions,4,0.38,0.14118629908103594,0.03234766064586355,3,0.16055386639142302,0.028356640762733917,0.22380952380952376,0.019750785741710786
secondary/exploratory,smids,xception,equal_mean_of_7_device_corruptions,4,0.39,0.14285714285714288,0.03181639614357848,3,0.16055386639142302,0.028356640762733917,0.22380952380952376,0.019750785741710786
secondary/exploratory,smids,xception,equal_mean_of_7_device_corruptions,4,0.4,0.14523809523809525,0.03318419015420561,3,0.16055386639142302,0.028356640762733917,0.22380952380952376,0.019750785741710786
secondary/exploratory,smids,xception,equal_mean_of_7_device_corruptions,4,0.41000000000000003,0.1455671699574139,0.03360826080404291,3,0.16055386639142302,0.028356640762733917,0.22380952380952376,0.019750785741710786
secondary/exploratory,smids,xception,equal_mean_of_7_device_corruptions,4,0.42,0.1477702191987906,0.03274923897337858,3,0.16055386639142302,0.028356640762733917,0.22380952380952376,0.019750785741710786
secondary/exploratory,smids,xception,equal_mean_of_7_device_corruptions,4,0.43,0.14987080103359174,0.030050346236890808,3,0.16055386639142302,0.028356640762733917,0.22380952380952376,0.019750785741710786
secondary/exploratory,smids,xception,equal_mean_of_7_device_corruptions,4,0.44,0.15079365079365079,0.028435276188944522,3,0.16055386639142302,0.028356640762733917,0.22380952380952376,0.019750785741710786
secondary/exploratory,smids,xception,equal_mean_of_7_device_corruptions,4,0.45,0.15308641975308643,0.026270964629792493,3,0.16055386639142302,0.028356640762733917,0.22380952380952376,0.019750785741710786
secondary/exploratory,smids,xception,equal_mean_of_7_device_corruptions,4,0.46,0.1538992408557626,0.026601399409534883,3,0.16055386639142302,0.028356640762733917,0.22380952380952376,0.019750785741710786
secondary/exploratory,smids,xception,equal_mean_of_7_device_corruptions,4,0.47000000000000003,0.15467747382640998,0.026074810060057532,3,0.16055386639142302,0.028356640762733917,0.22380952380952376,0.019750785741710786
secondary/exploratory,smids,xception,equal_mean_of_7_device_corruptions,4,0.48,0.15641534391534392,0.024022143682095234,3,0.16055386639142302,0.028356640762733917,0.22380952380952376,0.019750785741710786
secondary/exploratory,smids,xception,equal_mean_of_7_device_corruptions,4,0.49,0.15905409782960803,0.023691887921252413,3,0.16055386639142302,0.028356640762733917,0.22380952380952376,0.019750785741710786
secondary/exploratory,smids,xception,equal_mean_of_7_device_corruptions,4,0.5,0.16253968253968254,0.023815872169537834,3,0.16055386639142302,0.028356640762733917,0.22380952380952376,0.019750785741710786
secondary/exploratory,smids,xception,equal_mean_of_7_device_corruptions,4,0.51,0.16370992841581078,0.02170408138389186,3,0.16055386639142302,0.028356640762733917,0.22380952380952376,0.019750785741710786
secondary/exploratory,smids,xception,equal_mean_of_7_device_corruptions,4,0.52,0.16636141636141635,0.01990222626703668,3,0.16055386639142302,0.028356640762733917,0.22380952380952376,0.019750785741710786
secondary/exploratory,smids,xception,equal_mean_of_7_device_corruptions,4,0.53,0.1680143755615454,0.01970504240742255,3,0.16055386639142302,0.028356640762733917,0.22380952380952376,0.019750785741710786
secondary/exploratory,smids,xception,equal_mean_of_7_device_corruptions,4,0.54,0.17048794826572602,0.021678299902989154,3,0.16055386639142302,0.028356640762733917,0.22380952380952376,0.019750785741710786
secondary/exploratory,smids,xception,equal_mean_of_7_device_corruptions,4,0.55,0.17200577200577202,0.023059144999062843,3,0.16055386639142302,0.028356640762733917,0.22380952380952376,0.019750785741710786
secondary/exploratory,smids,xception,equal_mean_of_7_device_corruptions,4,0.56,0.1737528344671202,0.02363170560895092,3,0.16055386639142302,0.028356640762733917,0.22380952380952376,0.019750785741710786
secondary/exploratory,smids,xception,equal_mean_of_7_device_corruptions,4,0.5700000000000001,0.17488164856585917,0.022013538483956246,3,0.16055386639142302,0.028356640762733917,0.22380952380952376,0.019750785741710786
secondary/exploratory,smids,xception,equal_mean_of_7_device_corruptions,4,0.58,0.17597153804050356,0.023600996893651218,3,0.16055386639142302,0.028356640762733917,0.22380952380952376,0.019750785741710786
secondary/exploratory,smids,xception,equal_mean_of_7_device_corruptions,4,0.59,0.17756255044390637,0.02486347344753731,3,0.16055386639142302,0.028356640762733917,0.22380952380952376,0.019750785741710786
secondary/exploratory,smids,xception,equal_mean_of_7_device_corruptions,4,0.6,0.17804232804232803,0.02386677420374927,3,0.16055386639142302,0.028356640762733917,0.22380952380952376,0.019750785741710786
secondary/exploratory,smids,xception,equal_mean_of_7_device_corruptions,4,0.61,0.18058808222742648,0.02567028353919025,3,0.16055386639142302,0.028356640762733917,0.22380952380952376,0.019750785741710786
secondary/exploratory,smids,xception,equal_mean_of_7_device_corruptions,4,0.62,0.18279569892473116,0.026572724872513345,3,0.16055386639142302,0.028356640762733917,0.22380952380952376,0.019750785741710786
secondary/exploratory,smids,xception,equal_mean_of_7_device_corruptions,4,0.63,0.1854371378180902,0.026620080438826275,3,0.16055386639142302,0.028356640762733917,0.22380952380952376,0.019750785741710786
secondary/exploratory,smids,xception,equal_mean_of_7_device_corruptions,4,0.64,0.1872519841269841,0.026299039963911846,3,0.16055386639142302,0.028356640762733917,0.22380952380952376,0.019750785741710786
secondary/exploratory,smids,xception,equal_mean_of_7_device_corruptions,4,0.65,0.18998778998778998,0.025051660274934613,3,0.16055386639142302,0.028356640762733917,0.22380952380952376,0.019750785741710786
secondary/exploratory,smids,xception,equal_mean_of_7_device_corruptions,4,0.66,0.19215969215969217,0.02526626438588803,3,0.16055386639142302,0.028356640762733917,0.22380952380952376,0.019750785741710786
secondary/exploratory,smids,xception,equal_mean_of_7_device_corruptions,4,0.67,0.1947405828002843,0.024630736959720612,3,0.16055386639142302,0.028356640762733917,0.22380952380952376,0.019750785741710786
secondary/exploratory,smids,xception,equal_mean_of_7_device_corruptions,4,0.68,0.1977124183006536,0.025790217819549772,3,0.16055386639142302,0.028356640762733917,0.22380952380952376,0.019750785741710786
secondary/exploratory,smids,xception,equal_mean_of_7_device_corruptions,4,0.6900000000000001,0.19967793880837362,0.02660662100138214,3,0.16055386639142302,0.028356640762733917,0.22380952380952376,0.019750785741710786
secondary/exploratory,smids,xception,equal_mean_of_7_device_corruptions,4,0.7000000000000001,0.20158730158730162,0.02629701216806295,3,0.16055386639142302,0.028356640762733917,0.22380952380952376,0.019750785741710786
secondary/exploratory,smids,xception,equal_mean_of_7_device_corruptions,4,0.71,0.2036664431030628,0.026695965742147065,3,0.16055386639142302,0.028356640762733917,0.22380952380952376,0.019750785741710786
secondary/exploratory,smids,xception,equal_mean_of_7_device_corruptions,4,0.72,0.20590828924162255,0.025872668727360975,3,0.16055386639142302,0.028356640762733917,0.22380952380952376,0.019750785741710786
secondary/exploratory,smids,xception,equal_mean_of_7_device_corruptions,4,0.73,0.20917590780604478,0.0241826497156547,3,0.16055386639142302,0.028356640762733917,0.22380952380952376,0.019750785741710786
secondary/exploratory,smids,xception,equal_mean_of_7_device_corruptions,4,0.74,0.2117117117117117,0.022133054725765555,3,0.16055386639142302,0.028356640762733917,0.22380952380952376,0.019750785741710786
secondary/exploratory,smids,xception,equal_mean_of_7_device_corruptions,4,0.75,0.2133333333333333,0.021220031704213837,3,0.16055386639142302,0.028356640762733917,0.22380952380952376,0.019750785741710786
secondary/exploratory,smids,xception,equal_mean_of_7_device_corruptions,4,0.76,0.21512113617376774,0.02121400044063988,3,0.16055386639142302,0.028356640762733917,0.22380952380952376,0.019750785741710786
secondary/exploratory,smids,xception,equal_mean_of_7_device_corruptions,4,0.77,0.21748093176664607,0.02121972250250714,3,0.16055386639142302,0.028356640762733917,0.22380952380952376,0.019750785741710786
secondary/exploratory,smids,xception,equal_mean_of_7_device_corruptions,4,0.78,0.22039072039072038,0.020394741255787642,3,0.16055386639142302,0.028356640762733917,0.22380952380952376,0.019750785741710786
secondary/exploratory,smids,xception,equal_mean_of_7_device_corruptions,4,0.79,0.223226843480008,0.019994739428566496,3,0.16055386639142302,0.028356640762733917,0.22380952380952376,0.019750785741710786
secondary/exploratory,smids,xception,equal_mean_of_7_device_corruptions,4,0.8,0.22380952380952382,0.019750785741710786,3,0.16055386639142302,0.028356640762733917,0.22380952380952376,0.019750785741710786
secondary/exploratory,smids,xception,equal_mean_of_7_device_corruptions,4,0.81,0.22692533803644918,0.020014161705525228,3,0.16055386639142302,0.028356640762733917,0.22380952380952376,0.019750785741710786
secondary/exploratory,smids,xception,equal_mean_of_7_device_corruptions,4,0.8200000000000001,0.22841656987998457,0.021355450103442034,3,0.16055386639142302,0.028356640762733917,0.22380952380952376,0.019750785741710786
secondary/exploratory,smids,xception,equal_mean_of_7_device_corruptions,4,0.8300000000000001,0.2314017976668579,0.020536842621776706,3,0.16055386639142302,0.028356640762733917,0.22380952380952376,0.019750785741710786
secondary/exploratory,smids,xception,equal_mean_of_7_device_corruptions,4,0.84,0.23299319727891155,0.021384734822970538,3,0.16055386639142302,0.028356640762733917,0.22380952380952376,0.019750785741710786
secondary/exploratory,smids,xception,equal_mean_of_7_device_corruptions,4,0.85,0.23510737628384684,0.019578476074070827,3,0.16055386639142302,0.028356640762733917,0.22380952380952376,0.019750785741710786
secondary/exploratory,smids,xception,equal_mean_of_7_device_corruptions,4,0.86,0.23643410852713176,0.01942724783261221,3,0.16055386639142302,0.028356640762733917,0.22380952380952376,0.019750785741710786
secondary/exploratory,smids,xception,equal_mean_of_7_device_corruptions,4,0.87,0.23809523809523805,0.019203946133386794,3,0.16055386639142302,0.028356640762733917,0.22380952380952376,0.019750785741710786
secondary/exploratory,smids,xception,equal_mean_of_7_device_corruptions,4,0.88,0.2400793650793651,0.018911028026091136,3,0.16055386639142302,0.028356640762733917,0.22380952380952376,0.019750785741710786
secondary/exploratory,smids,xception,equal_mean_of_7_device_corruptions,4,0.89,0.2429106474050294,0.01874187253947243,3,0.16055386639142302,0.028356640762733917,0.22380952380952376,0.019750785741710786
secondary/exploratory,smids,xception,equal_mean_of_7_device_corruptions,4,0.9,0.24479717813051147,0.018820912270834704,3,0.16055386639142302,0.028356640762733917,0.22380952380952376,0.019750785741710786
secondary/exploratory,smids,xception,equal_mean_of_7_device_corruptions,4,0.91,0.24751439037153322,0.01748903711885755,3,0.16055386639142302,0.028356640762733917,0.22380952380952376,0.019750785741710786
secondary/exploratory,smids,xception,equal_mean_of_7_device_corruptions,4,0.92,0.2505175983436853,0.01878389990851352,3,0.16055386639142302,0.028356640762733917,0.22380952380952376,0.019750785741710786
secondary/exploratory,smids,xception,equal_mean_of_7_device_corruptions,4,0.93,0.25345622119815664,0.01993642840136382,3,0.16055386639142302,0.028356640762733917,0.22380952380952376,0.019750785741710786
secondary/exploratory,smids,xception,equal_mean_of_7_device_corruptions,4,0.9400000000000001,0.25700776764606553,0.01955009204783019,3,0.16055386639142302,0.028356640762733917,0.22380952380952376,0.019750785741710786
secondary/exploratory,smids,xception,equal_mean_of_7_device_corruptions,4,0.9500000000000001,0.26048454469507104,0.019233581950323618,3,0.16055386639142302,0.028356640762733917,0.22380952380952376,0.019750785741710786
secondary/exploratory,smids,xception,equal_mean_of_7_device_corruptions,4,0.96,0.26372354497354494,0.01889049710262843,3,0.16055386639142302,0.028356640762733917,0.22380952380952376,0.019750785741710786
secondary/exploratory,smids,xception,equal_mean_of_7_device_corruptions,4,0.97,0.2667321224022255,0.01848183001603077,3,0.16055386639142302,0.028356640762733917,0.22380952380952376,0.019750785741710786
secondary/exploratory,smids,xception,equal_mean_of_7_device_corruptions,4,0.98,0.26951733074182055,0.018896370339361625,3,0.16055386639142302,0.028356640762733917,0.22380952380952376,0.019750785741710786
secondary/exploratory,smids,xception,equal_mean_of_7_device_corruptions,4,0.99,0.2727272727272727,0.019004084911148078,3,0.16055386639142302,0.028356640762733917,0.22380952380952376,0.019750785741710786
secondary/exploratory,smids,xception,equal_mean_of_7_device_corruptions,4,1.0,0.27650793650793654,0.018640490230659324,3,0.16055386639142302,0.028356640762733917,0.22380952380952376,0.019750785741710786
secondary/exploratory,smids,xception,equal_mean_of_7_device_corruptions,5,0.0,0.0,0.0,3,0.278861593898107,0.040468127516195065,0.3436507936507936,0.026979020291760934
secondary/exploratory,smids,xception,equal_mean_of_7_device_corruptions,5,0.01,0.15873015873015872,0.11983864182969443,3,0.278861593898107,0.040468127516195065,0.3436507936507936,0.026979020291760934
secondary/exploratory,smids,xception,equal_mean_of_7_device_corruptions,5,0.02,0.17460317460317462,0.09622504486493763,3,0.278861593898107,0.040468127516195065,0.3436507936507936,0.026979020291760934
secondary/exploratory,smids,xception,equal_mean_of_7_device_corruptions,5,0.03,0.1693121693121693,0.05574419975054359,3,0.278861593898107,0.040468127516195065,0.3436507936507936,0.026979020291760934
secondary/exploratory,smids,xception,equal_mean_of_7_device_corruptions,5,0.04,0.16666666666666666,0.059523809523809534,3,0.278861593898107,0.040468127516195065,0.3436507936507936,0.026979020291760934
secondary/exploratory,smids,xception,equal_mean_of_7_device_corruptions,5,0.05,0.18095238095238098,0.04761904761904763,3,0.278861593898107,0.040468127516195065,0.3436507936507936,0.026979020291760934
secondary/exploratory,smids,xception,equal_mean_of_7_device_corruptions,5,0.06,0.18253968253968256,0.052043162891285716,3,0.278861593898107,0.040468127516195065,0.3436507936507936,0.026979020291760934
secondary/exploratory,smids,xception,equal_mean_of_7_device_corruptions,5,0.07,0.18140589569160995,0.052839819490843716,3,0.278861593898107,0.040468127516195065,0.3436507936507936,0.026979020291760934
secondary/exploratory,smids,xception,equal_mean_of_7_device_corruptions,5,0.08,0.17460317460317462,0.054010545987365856,3,0.278861593898107,0.040468127516195065,0.3436507936507936,0.026979020291760934
secondary/exploratory,smids,xception,equal_mean_of_7_device_corruptions,5,0.09,0.17989417989417988,0.055239716978362705,3,0.278861593898107,0.040468127516195065,0.3436507936507936,0.026979020291760934
secondary/exploratory,smids,xception,equal_mean_of_7_device_corruptions,5,0.1,0.18253968253968256,0.05915760366217214,3,0.278861593898107,0.040468127516195065,0.3436507936507936,0.026979020291760934
secondary/exploratory,smids,xception,equal_mean_of_7_device_corruptions,5,0.11,0.18614718614718614,0.06377021585565469,3,0.278861593898107,0.040468127516195065,0.3436507936507936,0.026979020291760934
secondary/exploratory,smids,xception,equal_mean_of_7_device_corruptions,5,0.12,0.19047619047619047,0.05845603120101682,3,0.278861593898107,0.040468127516195065,0.3436507936507936,0.026979020291760934
secondary/exploratory,smids,xception,equal_mean_of_7_device_corruptions,5,0.13,0.19413919413919414,0.05710057607369925,3,0.278861593898107,0.040468127516195065,0.3436507936507936,0.026979020291760934
secondary/exploratory,smids,xception,equal_mean_of_7_device_corruptions,5,0.14,0.1984126984126984,0.05403062384328281,3,0.278861593898107,0.040468127516195065,0.3436507936507936,0.026979020291760934
secondary/exploratory,smids,xception,equal_mean_of_7_device_corruptions,5,0.15,0.20105820105820107,0.061585119690799835,3,0.278861593898107,0.040468127516195065,0.3436507936507936,0.026979020291760934
secondary/exploratory,smids,xception,equal_mean_of_7_device_corruptions,5,0.16,0.20734126984126985,0.05849810709446655,3,0.278861593898107,0.040468127516195065,0.3436507936507936,0.026979020291760934
secondary/exploratory,smids,xception,equal_mean_of_7_device_corruptions,5,0.17,0.21008403361344538,0.05822019521239925,3,0.278861593898107,0.040468127516195065,0.3436507936507936,0.026979020291760934
secondary/exploratory,smids,xception,equal_mean_of_7_device_corruptions,5,0.18,0.20987654320987656,0.05576512082455863,3,0.278861593898107,0.040468127516195065,0.3436507936507936,0.026979020291760934
secondary/exploratory,smids,xception,equal_mean_of_7_device_corruptions,5,0.19,0.21052631578947367,0.052332363453185704,3,0.278861593898107,0.040468127516195065,0.3436507936507936,0.026979020291760934
secondary/exploratory,smids,xception,equal_mean_of_7_device_corruptions,5,0.2,0.2111111111111111,0.05136091964242362,3,0.278861593898107,0.040468127516195065,0.3436507936507936,0.026979020291760934
secondary/exploratory,smids,xception,equal_mean_of_7_device_corruptions,5,0.21,0.21315192743764175,0.051108515508320386,3,0.278861593898107,0.040468127516195065,0.3436507936507936,0.026979020291760934
secondary/exploratory,smids,xception,equal_mean_of_7_device_corruptions,5,0.22,0.2178932178932179,0.04908856765706796,3,0.278861593898107,0.040468127516195065,0.3436507936507936,0.026979020291760934
secondary/exploratory,smids,xception,equal_mean_of_7_device_corruptions,5,0.23,0.2194616977225673,0.04680188221721457,3,0.278861593898107,0.040468127516195065,0.3436507936507936,0.026979020291760934
secondary/exploratory,smids,xception,equal_mean_of_7_device_corruptions,5,0.24,0.21825396825396826,0.04648958140420627,3,0.278861593898107,0.040468127516195065,0.3436507936507936,0.026979020291760934
secondary/exploratory,smids,xception,equal_mean_of_7_device_corruptions,5,0.25,0.2241269841269841,0.047287736333626484,3,0.278861593898107,0.040468127516195065,0.3436507936507936,0.026979020291760934
secondary/exploratory,smids,xception,equal_mean_of_7_device_corruptions,5,0.26,0.2301587301587302,0.04713523357010409,3,0.278861593898107,0.040468127516195065,0.3436507936507936,0.026979020291760934
secondary/exploratory,smids,xception,equal_mean_of_7_device_corruptions,5,0.27,0.23045267489711932,0.0473679884267694,3,0.278861593898107,0.040468127516195065,0.3436507936507936,0.026979020291760934
secondary/exploratory,smids,xception,equal_mean_of_7_device_corruptions,5,0.28,0.23185941043083902,0.0493588085057602,3,0.278861593898107,0.040468127516195065,0.3436507936507936,0.026979020291760934
secondary/exploratory,smids,xception,equal_mean_of_7_device_corruptions,5,0.29,0.23481116584564862,0.04879362219410058,3,0.278861593898107,0.040468127516195065,0.3436507936507936,0.026979020291760934
secondary/exploratory,smids,xception,equal_mean_of_7_device_corruptions,5,0.3,0.23862433862433863,0.04949565065686495,3,0.278861593898107,0.040468127516195065,0.3436507936507936,0.026979020291760934
secondary/exploratory,smids,xception,equal_mean_of_7_device_corruptions,5,0.31,0.2411674347158218,0.048112011561799756,3,0.278861593898107,0.040468127516195065,0.3436507936507936,0.026979020291760934
secondary/exploratory,smids,xception,equal_mean_of_7_device_corruptions,5,0.32,0.2470238095238095,0.04768875106833945,3,0.278861593898107,0.040468127516195065,0.3436507936507936,0.026979020291760934
secondary/exploratory,smids,xception,equal_mean_of_7_device_corruptions,5,0.33,0.25060125060125055,0.047076655057689536,3,0.278861593898107,0.040468127516195065,0.3436507936507936,0.026979020291760934
secondary/exploratory,smids,xception,equal_mean_of_7_device_corruptions,5,0.34,0.25396825396825395,0.046542732703518684,3,0.278861593898107,0.040468127516195065,0.3436507936507936,0.026979020291760934
secondary/exploratory,smids,xception,equal_mean_of_7_device_corruptions,5,0.35000000000000003,0.25623582766439906,0.04517198039827965,3,0.278861593898107,0.040468127516195065,0.3436507936507936,0.026979020291760934
secondary/exploratory,smids,xception,equal_mean_of_7_device_corruptions,5,0.36,0.25661375661375657,0.04471995106978031,3,0.278861593898107,0.040468127516195065,0.3436507936507936,0.026979020291760934
secondary/exploratory,smids,xception,equal_mean_of_7_device_corruptions,5,0.37,0.25954525954525953,0.041987286943344714,3,0.278861593898107,0.040468127516195065,0.3436507936507936,0.026979020291760934
secondary/exploratory,smids,xception,equal_mean_of_7_device_corruptions,5,0.38,0.2623224728487887,0.04388351182812132,3,0.278861593898107,0.040468127516195065,0.3436507936507936,0.026979020291760934
secondary/exploratory,smids,xception,equal_mean_of_7_device_corruptions,5,0.39,0.26495726495726496,0.04356425586058916,3,0.278861593898107,0.040468127516195065,0.3436507936507936,0.026979020291760934
secondary/exploratory,smids,xception,equal_mean_of_7_device_corruptions,5,0.4,0.2642857142857143,0.04522242836481567,3,0.278861593898107,0.040468127516195065,0.3436507936507936,0.026979020291760934
secondary/exploratory,smids,xception,equal_mean_of_7_device_corruptions,5,0.41000000000000003,0.26403406891211767,0.04593688035987979,3,0.278861593898107,0.040468127516195065,0.3436507936507936,0.026979020291760934
secondary/exploratory,smids,xception,equal_mean_of_7_device_corruptions,5,0.42,0.2649281934996221,0.045441143400592,3,0.278861593898107,0.040468127516195065,0.3436507936507936,0.026979020291760934
secondary/exploratory,smids,xception,equal_mean_of_7_device_corruptions,5,0.43,0.26762643041712814,0.04269434532779926,3,0.278861593898107,0.040468127516195065,0.3436507936507936,0.026979020291760934
secondary/exploratory,smids,xception,equal_mean_of_7_device_corruptions,5,0.44,0.2676767676767677,0.04098765523040543,3,0.278861593898107,0.040468127516195065,0.3436507936507936,0.026979020291760934
secondary/exploratory,smids,xception,equal_mean_of_7_device_corruptions,5,0.45,0.2712522045855379,0.041396269963777585,3,0.278861593898107,0.040468127516195065,0.3436507936507936,0.026979020291760934
secondary/exploratory,smids,xception,equal_mean_of_7_device_corruptions,5,0.46,0.27294685990338163,0.04148973962662746,3,0.278861593898107,0.040468127516195065,0.3436507936507936,0.026979020291760934
secondary/exploratory,smids,xception,equal_mean_of_7_device_corruptions,5,0.47000000000000003,0.27321850726106045,0.039828498447296384,3,0.278861593898107,0.040468127516195065,0.3436507936507936,0.026979020291760934
secondary/exploratory,smids,xception,equal_mean_of_7_device_corruptions,5,0.48,0.2744708994708995,0.03883435464720685,3,0.278861593898107,0.040468127516195065,0.3436507936507936,0.026979020291760934
secondary/exploratory,smids,xception,equal_mean_of_7_device_corruptions,5,0.49,0.27793974732750243,0.03915109247518695,3,0.278861593898107,0.040468127516195065,0.3436507936507936,0.026979020291760934
secondary/exploratory,smids,xception,equal_mean_of_7_device_corruptions,5,0.5,0.2806349206349206,0.03906310184721544,3,0.278861593898107,0.040468127516195065,0.3436507936507936,0.026979020291760934
secondary/exploratory,smids,xception,equal_mean_of_7_device_corruptions,5,0.51,0.2826019296607532,0.040239766844429446,3,0.278861593898107,0.040468127516195065,0.3436507936507936,0.026979020291760934
secondary/exploratory,smids,xception,equal_mean_of_7_device_corruptions,5,0.52,0.28540903540903545,0.03859575975351897,3,0.278861593898107,0.040468127516195065,0.3436507936507936,0.026979020291760934
secondary/exploratory,smids,xception,equal_mean_of_7_device_corruptions,5,0.53,0.2887091943695717,0.03773941425563449,3,0.278861593898107,0.040468127516195065,0.3436507936507936,0.026979020291760934
secondary/exploratory,smids,xception,equal_mean_of_7_device_corruptions,5,0.54,0.28953556731334507,0.037768181500084756,3,0.278861593898107,0.040468127516195065,0.3436507936507936,0.026979020291760934
secondary/exploratory,smids,xception,equal_mean_of_7_device_corruptions,5,0.55,0.2909090909090909,0.0368041754230862,3,0.278861593898107,0.040468127516195065,0.3436507936507936,0.026979020291760934
secondary/exploratory,smids,xception,equal_mean_of_7_device_corruptions,5,0.56,0.29365079365079366,0.03571765992051127,3,0.278861593898107,0.040468127516195065,0.3436507936507936,0.026979020291760934
secondary/exploratory,smids,xception,equal_mean_of_7_device_corruptions,5,0.5700000000000001,0.2946254525201894,0.03536838590132784,3,0.278861593898107,0.040468127516195065,0.3436507936507936,0.026979020291760934
secondary/exploratory,smids,xception,equal_mean_of_7_device_corruptions,5,0.58,0.2961138478379858,0.03484574502987847,3,0.278861593898107,0.040468127516195065,0.3436507936507936,0.026979020291760934
secondary/exploratory,smids,xception,equal_mean_of_7_device_corruptions,5,0.59,0.2991659940812483,0.03490504486943113,3,0.278861593898107,0.040468127516195065,0.3436507936507936,0.026979020291760934
secondary/exploratory,smids,xception,equal_mean_of_7_device_corruptions,5,0.6,0.3013227513227514,0.036415802767343415,3,0.278861593898107,0.040468127516195065,0.3436507936507936,0.026979020291760934
secondary/exploratory,smids,xception,equal_mean_of_7_device_corruptions,5,0.61,0.3031485818371064,0.035433953808364775,3,0.278861593898107,0.040468127516195065,0.3436507936507936,0.026979020291760934
secondary/exploratory,smids,xception,equal_mean_of_7_device_corruptions,5,0.62,0.30440348182283666,0.035607452433617445,3,0.278861593898107,0.040468127516195065,0.3436507936507936,0.026979020291760934
secondary/exploratory,smids,xception,equal_mean_of_7_device_corruptions,5,0.63,0.30813807004283195,0.03522924930412373,3,0.278861593898107,0.040468127516195065,0.3436507936507936,0.026979020291760934
secondary/exploratory,smids,xception,equal_mean_of_7_device_corruptions,5,0.64,0.3115079365079365,0.036582131086294226,3,0.278861593898107,0.040468127516195065,0.3436507936507936,0.026979020291760934
secondary/exploratory,smids,xception,equal_mean_of_7_device_corruptions,5,0.65,0.3125763125763126,0.03414527240245842,3,0.278861593898107,0.040468127516195065,0.3436507936507936,0.026979020291760934
secondary/exploratory,smids,xception,equal_mean_of_7_device_corruptions,5,0.66,0.31577681577681577,0.03552490589412748,3,0.278861593898107,0.040468127516195065,0.3436507936507936,0.026979020291760934
secondary/exploratory,smids,xception,equal_mean_of_7_device_corruptions,5,0.67,0.3167495854063018,0.0342653449168722,3,0.278861593898107,0.040468127516195065,0.3436507936507936,0.026979020291760934
secondary/exploratory,smids,xception,equal_mean_of_7_device_corruptions,5,0.68,0.3204948646125117,0.031429499296425405,3,0.278861593898107,0.040468127516195065,0.3436507936507936,0.026979020291760934
secondary/exploratory,smids,xception,equal_mean_of_7_device_corruptions,5,0.6900000000000001,0.3227513227513228,0.03467408149511278,3,0.278861593898107,0.040468127516195065,0.3436507936507936,0.026979020291760934
secondary/exploratory,smids,xception,equal_mean_of_7_device_corruptions,5,0.7000000000000001,0.32403628117913835,0.033398058313377596,3,0.278861593898107,0.040468127516195065,0.3436507936507936,0.026979020291760934
secondary/exploratory,smids,xception,equal_mean_of_7_device_corruptions,5,0.71,0.32640286161412924,0.03220247275659437,3,0.278861593898107,0.040468127516195065,0.3436507936507936,0.026979020291760934
secondary/exploratory,smids,xception,equal_mean_of_7_device_corruptions,5,0.72,0.32782186948853614,0.02974230199029873,3,0.278861593898107,0.040468127516195065,0.3436507936507936,0.026979020291760934
secondary/exploratory,smids,xception,equal_mean_of_7_device_corruptions,5,0.73,0.3294194390084801,0.029556453383455146,3,0.278861593898107,0.040468127516195065,0.3436507936507936,0.026979020291760934
secondary/exploratory,smids,xception,equal_mean_of_7_device_corruptions,5,0.74,0.33161733161733165,0.028096253096241967,3,0.278861593898107,0.040468127516195065,0.3436507936507936,0.026979020291760934
secondary/exploratory,smids,xception,equal_mean_of_7_device_corruptions,5,0.75,0.3333333333333333,0.02755877385931518,3,0.278861593898107,0.040468127516195065,0.3436507936507936,0.026979020291760934
secondary/exploratory,smids,xception,equal_mean_of_7_device_corruptions,5,0.76,0.33437761069340016,0.02699573116307647,3,0.278861593898107,0.040468127516195065,0.3436507936507936,0.026979020291760934
secondary/exploratory,smids,xception,equal_mean_of_7_device_corruptions,5,0.77,0.33725005153576587,0.026035305788293432,3,0.278861593898107,0.040468127516195065,0.3436507936507936,0.026979020291760934
secondary/exploratory,smids,xception,equal_mean_of_7_device_corruptions,5,0.78,0.3398453398453399,0.025351094514938447,3,0.278861593898107,0.040468127516195065,0.3436507936507936,0.026979020291760934
secondary/exploratory,smids,xception,equal_mean_of_7_device_corruptions,5,0.79,0.34237492465340563,0.026163392904413125,3,0.278861593898107,0.040468127516195065,0.3436507936507936,0.026979020291760934
secondary/exploratory,smids,xception,equal_mean_of_7_device_corruptions,5,0.8,0.3436507936507936,0.026979020291760955,3,0.278861593898107,0.040468127516195065,0.3436507936507936,0.026979020291760934
secondary/exploratory,smids,xception,equal_mean_of_7_device_corruptions,5,0.81,0.3460709386635313,0.02785711251250929,3,0.278861593898107,0.040468127516195065,0.3436507936507936,0.026979020291760934
secondary/exploratory,smids,xception,equal_mean_of_7_device_corruptions,5,0.8200000000000001,0.34920634920634913,0.02740071826285415,3,0.278861593898107,0.040468127516195065,0.3436507936507936,0.026979020291760934
secondary/exploratory,smids,xception,equal_mean_of_7_device_corruptions,5,0.8300000000000001,0.3499713138267355,0.026459787854504202,3,0.278861593898107,0.040468127516195065,0.3436507936507936,0.026979020291760934
secondary/exploratory,smids,xception,equal_mean_of_7_device_corruptions,5,0.84,0.35336356764928195,0.025819075788284542,3,0.278861593898107,0.040468127516195065,0.3436507936507936,0.026979020291760934
secondary/exploratory,smids,xception,equal_mean_of_7_device_corruptions,5,0.85,0.3557422969187675,0.025531717344774982,3,0.278861593898107,0.040468127516195065,0.3436507936507936,0.026979020291760934
secondary/exploratory,smids,xception,equal_mean_of_7_device_corruptions,5,0.86,0.3567737172388335,0.02647597900888599,3,0.278861593898107,0.040468127516195065,0.3436507936507936,0.026979020291760934
secondary/exploratory,smids,xception,equal_mean_of_7_device_corruptions,5,0.87,0.3585112205801861,0.025771773107812885,3,0.278861593898107,0.040468127516195065,0.3436507936507936,0.026979020291760934
secondary/exploratory,smids,xception,equal_mean_of_7_device_corruptions,5,0.88,0.3593073593073593,0.024850568188755476,3,0.278861593898107,0.040468127516195065,0.3436507936507936,0.026979020291760934
secondary/exploratory,smids,xception,equal_mean_of_7_device_corruptions,5,0.89,0.3620474406991261,0.02660383286458295,3,0.278861593898107,0.040468127516195065,0.3436507936507936,0.026979020291760934
secondary/exploratory,smids,xception,equal_mean_of_7_device_corruptions,5,0.9,0.3640211640211641,0.026833274779060234,3,0.278861593898107,0.040468127516195065,0.3436507936507936,0.026979020291760934
secondary/exploratory,smids,xception,equal_mean_of_7_device_corruptions,5,0.91,0.36560265131693703,0.026426386748177974,3,0.278861593898107,0.040468127516195065,0.3436507936507936,0.026979020291760934
secondary/exploratory,smids,xception,equal_mean_of_7_device_corruptions,5,0.92,0.36766735679779156,0.025146615871568165,3,0.278861593898107,0.040468127516195065,0.3436507936507936,0.026979020291760934
secondary/exploratory,smids,xception,equal_mean_of_7_device_corruptions,5,0.93,0.37054104796040277,0.024504570992892973,3,0.278861593898107,0.040468127516195065,0.3436507936507936,0.026979020291760934
secondary/exploratory,smids,xception,equal_mean_of_7_device_corruptions,5,0.9400000000000001,0.37284701114488344,0.026239961168125367,3,0.278861593898107,0.040468127516195065,0.3436507936507936,0.026979020291760934
secondary/exploratory,smids,xception,equal_mean_of_7_device_corruptions,5,0.9500000000000001,0.3742690058479532,0.024847868264021796,3,0.278861593898107,0.040468127516195065,0.3436507936507936,0.026979020291760934
secondary/exploratory,smids,xception,equal_mean_of_7_device_corruptions,5,0.96,0.37632275132275134,0.02577615656228718,3,0.278861593898107,0.040468127516195065,0.3436507936507936,0.026979020291760934
secondary/exploratory,smids,xception,equal_mean_of_7_device_corruptions,5,0.97,0.37866143020782195,0.025244517288946534,3,0.278861593898107,0.040468127516195065,0.3436507936507936,0.026979020291760934
secondary/exploratory,smids,xception,equal_mean_of_7_device_corruptions,5,0.98,0.3807904114026563,0.02426788201446942,3,0.278861593898107,0.040468127516195065,0.3436507936507936,0.026979020291760934
secondary/exploratory,smids,xception,equal_mean_of_7_device_corruptions,5,0.99,0.38383838383838387,0.024165188431131256,3,0.278861593898107,0.040468127516195065,0.3436507936507936,0.026979020291760934
secondary/exploratory,smids,xception,equal_mean_of_7_device_corruptions,5,1.0,0.38587301587301587,0.023663041464868893,3,0.278861593898107,0.040468127516195065,0.3436507936507936,0.026979020291760934
